album_sequence,album_year,album_title,disc_number,track_number,track_position,track_title,duration_ms,duration_seconds,duration_display,decade,allmusic_album_styles,allmusic_album_style_count,style_granularity,allmusic_album_url,musicbrainz_release_group_id,musicbrainz_release_id,musicbrainz_recording_id,source_release_date,source_release_country,duration_status,spotify_match_status,spotify_match_candidate_count,spotify_title,spotify_streams,spotify_daily,spotify_snapshot_date,spotify_source_url,spotify_match_note,uk_chart_match_status,uk_chart_best_peak,uk_chart_total_weeks,uk_chart_entry_count,uk_chart_source_titles,uk_chart_source_url,uk_chart_scope
1,1967,David Bowie,1,A1,1,Uncle Arthur,131866,132,2:12,1960s,Contemporary Pop/Rock|Psychedelic Pop|Psychedelic/Garage|Baroque Pop,4,album,https://www.allmusic.com/album/david-bowie-1967--mw0000198656,5db40351-97ed-36a8-88e2-a21a2603cae1,9d6d8272-55fd-4b7b-a71e-4d9df6ee8f00,87d8cbad-f34e-4162-a809-a38fd49248f8,1967-06,GB,available,matched,1,Uncle Arthur,1874094,331,2026-09-25,https://kworb.net/spotify/artist/0oSGxfWSnnOXhD2fKuz2Gy_songs.html,highest-streaming non-feature version for normalized composition title,unmatched,,,0,,https://www.officialcharts.com/artist/19138/david-bowie/,Official Singles Chart only
1,1967,David Bowie,1,A2,2,Sell Me a Coat,182840,183,3:03,1960s,Contemporary Pop/Rock|Psychedelic Pop|Psychedelic/Garage|Baroque Pop,4,album,https://www.allmusic.com/album/david-bowie-1967--mw0000198656,5db40351-97ed-36a8-88e2-a21a2603cae1,9d6d8272-55fd-4b7b-a71e-4d9df6ee8f00,008fbf08-649f-4257-b6cc-78cb6d441c22,1967-06,GB,available,matched,1,Sell Me A Coat,1513634,284,2026-09-25,https://kworb.net/spotify/artist/0oSGxfWSnnOXhD2fKuz2Gy_songs.html,highest-streaming non-feature version for normalized composition title,unmatched,,,0,,https://www.officialcharts.com/artist/19138/david-bowie/,Official Singles Chart only
1,1967,David Bowie,1,A3,3,Rubber Band,140333,140,2:20,1960s,Contemporary Pop/Rock|Psychedelic Pop|Psychedelic/Garage|Baroque Pop,4,album,https://www.allmusic.com/album/david-bowie-1967--mw0000198656,5db40351-97ed-36a8-88e2-a21a2603cae1,9d6d8272-55fd-4b7b-a71e-4d9df6ee8f00,3f0b540a-fed2-4ec8-b8dd-e2d19c660eee,1967-06,GB,available,matched,1,Rubber Band,1750275,357,2026-09-25,https://kworb.net/spotify/artist/0oSGxfWSnnOXhD2fKuz2Gy_songs.html,highest-streaming non-feature version for normalized composition title,unmatched,,,0,,https://www.officialcharts.com/artist/19138/david-bowie/,Official Singles Chart only
1,1967,David Bowie,1,A4,4,Love You Till Tuesday,194093,194,3:14,1960s,Contemporary Pop/Rock|Psychedelic Pop|Psychedelic/Garage|Baroque Pop,4,album,https://www.allmusic.com/album/david-bowie-1967--mw0000198656,5db40351-97ed-36a8-88e2-a21a2603cae1,9d6d8272-55fd-4b7b-a71e-4d9df6ee8f00,24b01ae9-c5ae-434a-b5b4-bfbd7af04cb4,1967-06,GB,available,matched,1,Love You Till Tuesday,2448204,516,2026-09-25,https://kworb.net/spotify/artist/0oSGxfWSnnOXhD2fKuz2Gy_songs.html,highest-streaming non-feature version for normalized composition title,unmatched,,,0,,https://www.officialcharts.com/artist/19138/david-bowie/,Official Singles Chart only
1,1967,David Bowie,1,A5,5,There Is a Happy Land,196440,196,3:16,1960s,Contemporary Pop/Rock|Psychedelic Pop|Psychedelic/Garage|Baroque Pop,4,album,https://www.allmusic.com/album/david-bowie-1967--mw0000198656,5db40351-97ed-36a8-88e2-a21a2603cae1,9d6d8272-55fd-4b7b-a71e-4d9df6ee8f00,a45052d7-d5f0-4b60-afdd-9a72a8755507,1967-06,GB,available,matched,1,There Is A Happy Land,1468465,268,2026-09-25,https://kworb.net/spotify/artist/0oSGxfWSnnOXhD2fKuz2Gy_songs.html,highest-streaming non-feature version for normalized composition title,unmatched,,,0,,https://www.officialcharts.com/artist/19138/david-bowie/,Official Singles Chart only
1,1967,David Bowie,1,A6,6,We Are Hungry Men,180626,181,3:01,1960s,Contemporary Pop/Rock|Psychedelic Pop|Psychedelic/Garage|Baroque Pop,4,album,https://www.allmusic.com/album/david-bowie-1967--mw0000198656,5db40351-97ed-36a8-88e2-a21a2603cae1,9d6d8272-55fd-4b7b-a71e-4d9df6ee8f00,2a851410-fb7e-439c-82f1-439cb98606e7,1967-06,GB,available,matched,1,We Are Hungry Men,1045625,208,2026-09-25,https://kworb.net/spotify/artist/0oSGxfWSnnOXhD2fKuz2Gy_songs.html,highest-streaming non-feature version for normalized composition title,unmatched,,,0,,https://www.officialcharts.com/artist/19138/david-bowie/,Official Singles Chart only
1,1967,David Bowie,1,A7,7,When I Live My Dream,205866,206,3:26,1960s,Contemporary Pop/Rock|Psychedelic Pop|Psychedelic/Garage|Baroque Pop,4,album,https://www.allmusic.com/album/david-bowie-1967--mw0000198656,5db40351-97ed-36a8-88e2-a21a2603cae1,9d6d8272-55fd-4b7b-a71e-4d9df6ee8f00,725a4d31-5e4a-413d-80a7-eb40c6d1e8a4,1967-06,GB,available,matched,1,When I Live My Dream,4081258,447,2026-09-25,https://kworb.net/spotify/artist/0oSGxfWSnnOXhD2fKuz2Gy_songs.html,highest-streaming non-feature version for normalized composition title,unmatched,,,0,,https://www.officialcharts.com/artist/19138/david-bowie/,Official Singles Chart only
1,1967,David Bowie,1,B1,8,Little Bombardier,207773,208,3:28,1960s,Contemporary Pop/Rock|Psychedelic Pop|Psychedelic/Garage|Baroque Pop,4,album,https://www.allmusic.com/album/david-bowie-1967--mw0000198656,5db40351-97ed-36a8-88e2-a21a2603cae1,9d6d8272-55fd-4b7b-a71e-4d9df6ee8f00,56838c0b-5fbb-4b8c-a041-e6fcee78c75e,1967-06,GB,available,unmatched,0,,,,2026-09-25,https://kworb.net/spotify/artist/0oSGxfWSnnOXhD2fKuz2Gy_songs.html,,unmatched,,,0,,https://www.officialcharts.com/artist/19138/david-bowie/,Official Singles Chart only
1,1967,David Bowie,1,B2,9,Silly Boy Blue,234200,234,3:54,1960s,Contemporary Pop/Rock|Psychedelic Pop|Psychedelic/Garage|Baroque Pop,4,album,https://www.allmusic.com/album/david-bowie-1967--mw0000198656,5db40351-97ed-36a8-88e2-a21a2603cae1,9d6d8272-55fd-4b7b-a71e-4d9df6ee8f00,2e3ae1f9-3f3d-4480-b6ec-65ed14455f80,1967-06,GB,available,unmatched,0,,,,2026-09-25,https://kworb.net/spotify/artist/0oSGxfWSnnOXhD2fKuz2Gy_songs.html,,unmatched,,,0,,https://www.officialcharts.com/artist/19138/david-bowie/,Official Singles Chart only
1,1967,David Bowie,1,B3,10,Come and Buy My Toys,130333,130,2:10,1960s,Contemporary Pop/Rock|Psychedelic Pop|Psychedelic/Garage|Baroque Pop,4,album,https://www.allmusic.com/album/david-bowie-1967--mw0000198656,5db40351-97ed-36a8-88e2-a21a2603cae1,9d6d8272-55fd-4b7b-a71e-4d9df6ee8f00,f2c28327-2f24-4108-9ad0-5c3fa3cb9cfa,1967-06,GB,available,matched,1,Come And Buy My Toys,11867102,442,2026-09-25,https://kworb.net/spotify/artist/0oSGxfWSnnOXhD2fKuz2Gy_songs.html,highest-streaming non-feature version for normalized composition title,unmatched,,,0,,https://www.officialcharts.com/artist/19138/david-bowie/,Official Singles Chart only
1,1967,David Bowie,1,B4,11,Join the Gang,141026,141,2:21,1960s,Contemporary Pop/Rock|Psychedelic Pop|Psychedelic/Garage|Baroque Pop,4,album,https://www.allmusic.com/album/david-bowie-1967--mw0000198656,5db40351-97ed-36a8-88e2-a21a2603cae1,9d6d8272-55fd-4b7b-a71e-4d9df6ee8f00,ffc068b1-8b43-44c4-a891-725ad5b5267d,1967-06,GB,available,matched,1,Join The Gang,878101,175,2026-09-25,https://kworb.net/spotify/artist/0oSGxfWSnnOXhD2fKuz2Gy_songs.html,highest-streaming non-feature version for normalized composition title,unmatched,,,0,,https://www.officialcharts.com/artist/19138/david-bowie/,Official Singles Chart only
1,1967,David Bowie,1,B5,12,She’s Got Medals,146200,146,2:26,1960s,Contemporary Pop/Rock|Psychedelic Pop|Psychedelic/Garage|Baroque Pop,4,album,https://www.allmusic.com/album/david-bowie-1967--mw0000198656,5db40351-97ed-36a8-88e2-a21a2603cae1,9d6d8272-55fd-4b7b-a71e-4d9df6ee8f00,0e5fca0a-93be-4295-8546-d6c9f063a8ed,1967-06,GB,available,matched,1,She's Got Medals,3247219,263,2026-09-25,https://kworb.net/spotify/artist/0oSGxfWSnnOXhD2fKuz2Gy_songs.html,highest-streaming non-feature version for normalized composition title,unmatched,,,0,,https://www.officialcharts.com/artist/19138/david-bowie/,Official Singles Chart only
1,1967,David Bowie,1,B6,13,Maid of Bond Street,105533,106,1:46,1960s,Contemporary Pop/Rock|Psychedelic Pop|Psychedelic/Garage|Baroque Pop,4,album,https://www.allmusic.com/album/david-bowie-1967--mw0000198656,5db40351-97ed-36a8-88e2-a21a2603cae1,9d6d8272-55fd-4b7b-a71e-4d9df6ee8f00,ca638ace-b2f0-4437-bd2a-74e70d1a40f5,1967-06,GB,available,matched,1,Maid Of Bond Street,972850,188,2026-09-25,https://kworb.net/spotify/artist/0oSGxfWSnnOXhD2fKuz2Gy_songs.html,highest-streaming non-feature version for normalized composition title,unmatched,,,0,,https://www.officialcharts.com/artist/19138/david-bowie/,Official Singles Chart only
1,1967,David Bowie,1,B7,14,Please Mr. Gravedigger,156440,156,2:36,1960s,Contemporary Pop/Rock|Psychedelic Pop|Psychedelic/Garage|Baroque Pop,4,album,https://www.allmusic.com/album/david-bowie-1967--mw0000198656,5db40351-97ed-36a8-88e2-a21a2603cae1,9d6d8272-55fd-4b7b-a71e-4d9df6ee8f00,09fae20a-a5b8-4263-a49b-aa9d7d48dde3,1967-06,GB,available,matched,1,Please Mr. Gravedigger,1023502,195,2026-09-25,https://kworb.net/spotify/artist/0oSGxfWSnnOXhD2fKuz2Gy_songs.html,highest-streaming non-feature version for normalized composition title,unmatched,,,0,,https://www.officialcharts.com/artist/19138/david-bowie/,Official Singles Chart only
2,1969,Space Oddity,1,A1,1,Space Oddity,316333,316,5:16,1960s,Album Rock|Art Rock|British Psychedelia|Contemporary Pop/Rock|Experimental Rock|British Folk-Rock,6,album,https://www.allmusic.com/album/david-bowie-space-oddity--mw0000251934,2e12918c-4973-3537-b9ab-e4723ae1ae1d,767ee61d-6395-4ba9-bf79-ab0bf6701669,84649f3b-6da6-4da6-8e33-a7a990b69516,1969-11-04,GB,available,matched,5,Space Oddity - 2009 Remaster,517370855,205578,2026-09-25,https://kworb.net/spotify/artist/0oSGxfWSnnOXhD2fKuz2Gy_songs.html,highest-streaming non-feature version for normalized composition title,matched,5,16,2,SPACE ODDITY,https://www.officialcharts.com/artist/19138/david-bowie/,Official Singles Chart only
2,1969,Space Oddity,1,A2,2,Unwashed and Somewhat Slightly Dazed,372026,372,6:12,1960s,Album Rock|Art Rock|British Psychedelia|Contemporary Pop/Rock|Experimental Rock|British Folk-Rock,6,album,https://www.allmusic.com/album/david-bowie-space-oddity--mw0000251934,2e12918c-4973-3537-b9ab-e4723ae1ae1d,767ee61d-6395-4ba9-bf79-ab0bf6701669,b9b9090d-23c0-46aa-9811-8fb5a9ccafc3,1969-11-04,GB,available,matched,1,Unwashed and Somewhat Slightly Dazed - 2015 Remaster,5270849,1093,2026-09-25,https://kworb.net/spotify/artist/0oSGxfWSnnOXhD2fKuz2Gy_songs.html,highest-streaming non-feature version for normalized composition title,unmatched,,,0,,https://www.officialcharts.com/artist/19138/david-bowie/,Official Singles Chart only
2,1969,Space Oddity,1,A3,3,(Don’t Sit Down),43533,44,0:44,1960s,Album Rock|Art Rock|British Psychedelia|Contemporary Pop/Rock|Experimental Rock|British Folk-Rock,6,album,https://www.allmusic.com/album/david-bowie-space-oddity--mw0000251934,2e12918c-4973-3537-b9ab-e4723ae1ae1d,767ee61d-6395-4ba9-bf79-ab0bf6701669,e0cccb31-0a9c-4846-98c0-e4af412228ce,1969-11-04,GB,available,unmatched,0,,,,2026-09-25,https://kworb.net/spotify/artist/0oSGxfWSnnOXhD2fKuz2Gy_songs.html,,unmatched,,,0,,https://www.officialcharts.com/artist/19138/david-bowie/,Official Singles Chart only
2,1969,Space Oddity,1,A4,4,Letter to Hermione,156533,157,2:37,1960s,Album Rock|Art Rock|British Psychedelia|Contemporary Pop/Rock|Experimental Rock|British Folk-Rock,6,album,https://www.allmusic.com/album/david-bowie-space-oddity--mw0000251934,2e12918c-4973-3537-b9ab-e4723ae1ae1d,767ee61d-6395-4ba9-bf79-ab0bf6701669,88f20741-0c96-4514-80d2-ea9c50e7cb4d,1969-11-04,GB,available,matched,1,Letter to Hermione - 2015 Remaster,7562877,1730,2026-09-25,https://kworb.net/spotify/artist/0oSGxfWSnnOXhD2fKuz2Gy_songs.html,highest-streaming non-feature version for normalized composition title,unmatched,,,0,,https://www.officialcharts.com/artist/19138/david-bowie/,Official Singles Chart only
2,1969,Space Oddity,1,A5,5,Cygnet Committee,576133,576,9:36,1960s,Album Rock|Art Rock|British Psychedelia|Contemporary Pop/Rock|Experimental Rock|British Folk-Rock,6,album,https://www.allmusic.com/album/david-bowie-space-oddity--mw0000251934,2e12918c-4973-3537-b9ab-e4723ae1ae1d,767ee61d-6395-4ba9-bf79-ab0bf6701669,7b05462d-aedb-4933-a846-af8a4fcfdccc,1969-11-04,GB,available,matched,1,Cygnet Committee - 2015 Remaster,4834675,1003,2026-09-25,https://kworb.net/spotify/artist/0oSGxfWSnnOXhD2fKuz2Gy_songs.html,highest-streaming non-feature version for normalized composition title,unmatched,,,0,,https://www.officialcharts.com/artist/19138/david-bowie/,Official Singles Chart only
2,1969,Space Oddity,1,B1,6,Janine,205266,205,3:25,1960s,Album Rock|Art Rock|British Psychedelia|Contemporary Pop/Rock|Experimental Rock|British Folk-Rock,6,album,https://www.allmusic.com/album/david-bowie-space-oddity--mw0000251934,2e12918c-4973-3537-b9ab-e4723ae1ae1d,767ee61d-6395-4ba9-bf79-ab0bf6701669,6218e182-1ba8-4a18-980b-afecb2ce0b60,1969-11-04,GB,available,matched,1,Janine - 2015 Remaster,3495648,639,2026-09-25,https://kworb.net/spotify/artist/0oSGxfWSnnOXhD2fKuz2Gy_songs.html,highest-streaming non-feature version for normalized composition title,unmatched,,,0,,https://www.officialcharts.com/artist/19138/david-bowie/,Official Singles Chart only
2,1969,Space Oddity,1,B2,7,An Occasional Dream,181373,181,3:01,1960s,Album Rock|Art Rock|British Psychedelia|Contemporary Pop/Rock|Experimental Rock|British Folk-Rock,6,album,https://www.allmusic.com/album/david-bowie-space-oddity--mw0000251934,2e12918c-4973-3537-b9ab-e4723ae1ae1d,767ee61d-6395-4ba9-bf79-ab0bf6701669,3917014a-46fd-4419-8528-8a457a4682ac,1969-11-04,GB,available,matched,1,An Occasional Dream - 2015 Remaster,3293101,608,2026-09-25,https://kworb.net/spotify/artist/0oSGxfWSnnOXhD2fKuz2Gy_songs.html,highest-streaming non-feature version for normalized composition title,unmatched,,,0,,https://www.officialcharts.com/artist/19138/david-bowie/,Official Singles Chart only
2,1969,Space Oddity,1,B3,8,Wild Eyed Boy From Freecloud,291600,292,4:52,1960s,Album Rock|Art Rock|British Psychedelia|Contemporary Pop/Rock|Experimental Rock|British Folk-Rock,6,album,https://www.allmusic.com/album/david-bowie-space-oddity--mw0000251934,2e12918c-4973-3537-b9ab-e4723ae1ae1d,767ee61d-6395-4ba9-bf79-ab0bf6701669,20ba9cb7-768e-4ff0-8656-9d3c74b8df17,1969-11-04,GB,available,matched,1,Wild Eyed Boy from Freecloud - 2015 Remaster,3177844,637,2026-09-25,https://kworb.net/spotify/artist/0oSGxfWSnnOXhD2fKuz2Gy_songs.html,highest-streaming non-feature version for normalized composition title,unmatched,,,0,,https://www.officialcharts.com/artist/19138/david-bowie/,Official Singles Chart only
2,1969,Space Oddity,1,B4,9,God Knows I’m Good,201666,202,3:22,1960s,Album Rock|Art Rock|British Psychedelia|Contemporary Pop/Rock|Experimental Rock|British Folk-Rock,6,album,https://www.allmusic.com/album/david-bowie-space-oddity--mw0000251934,2e12918c-4973-3537-b9ab-e4723ae1ae1d,767ee61d-6395-4ba9-bf79-ab0bf6701669,138bd73d-7e15-4950-9ef8-16ae32888051,1969-11-04,GB,available,matched,1,God Knows I'm Good - 2015 Remaster,4975417,1938,2026-09-25,https://kworb.net/spotify/artist/0oSGxfWSnnOXhD2fKuz2Gy_songs.html,highest-streaming non-feature version for normalized composition title,unmatched,,,0,,https://www.officialcharts.com/artist/19138/david-bowie/,Official Singles Chart only
2,1969,Space Oddity,1,B5,10,Memory of a Free Festival,431000,431,7:11,1960s,Album Rock|Art Rock|British Psychedelia|Contemporary Pop/Rock|Experimental Rock|British Folk-Rock,6,album,https://www.allmusic.com/album/david-bowie-space-oddity--mw0000251934,2e12918c-4973-3537-b9ab-e4723ae1ae1d,767ee61d-6395-4ba9-bf79-ab0bf6701669,f239a701-9798-4abb-afd2-67bd6b404b5e,1969-11-04,GB,available,matched,1,Memory of a Free Festival - 2015 Remaster,3864206,792,2026-09-25,https://kworb.net/spotify/artist/0oSGxfWSnnOXhD2fKuz2Gy_songs.html,highest-streaming non-feature version for normalized composition title,unmatched,,,0,,https://www.officialcharts.com/artist/19138/david-bowie/,Official Singles Chart only
3,1970,The Man Who Sold the World,1,A1,1,The Width of a Circle,488760,489,8:09,1970s,Album Rock|Art Rock|Experimental Rock|Glam Rock|Hard Rock|Proto-Punk|Contemporary Pop/Rock,7,album,https://www.allmusic.com/album/the-man-who-sold-the-world-mw0000098879,2536a41d-fde9-35d5-a6c6-cd4d94ffd916,8784de2f-5754-3bcf-8b2a-35d327ef74a1,ff378417-ecfd-4b05-a864-a83149508a70,1970-11-04,US,available,matched,1,The Width Of A Circle - 2020 Mix,10895496,2151,2026-09-25,https://kworb.net/spotify/artist/0oSGxfWSnnOXhD2fKuz2Gy_songs.html,highest-streaming non-feature version for normalized composition title,unmatched,,,0,,https://www.officialcharts.com/artist/19138/david-bowie/,Official Singles Chart only
3,1970,The Man Who Sold the World,1,A2,2,All the Madmen,340840,341,5:41,1970s,Album Rock|Art Rock|Experimental Rock|Glam Rock|Hard Rock|Proto-Punk|Contemporary Pop/Rock,7,album,https://www.allmusic.com/album/the-man-who-sold-the-world-mw0000098879,2536a41d-fde9-35d5-a6c6-cd4d94ffd916,8784de2f-5754-3bcf-8b2a-35d327ef74a1,6f142b95-997c-4bc0-92f6-33c9c7c32a95,1970-11-04,US,available,matched,1,All the Madmen - 2015 Remaster,5347831,1269,2026-09-25,https://kworb.net/spotify/artist/0oSGxfWSnnOXhD2fKuz2Gy_songs.html,highest-streaming non-feature version for normalized composition title,unmatched,,,0,,https://www.officialcharts.com/artist/19138/david-bowie/,Official Singles Chart only
3,1970,The Man Who Sold the World,1,A3,3,Black Country Rock,216066,216,3:36,1970s,Album Rock|Art Rock|Experimental Rock|Glam Rock|Hard Rock|Proto-Punk|Contemporary Pop/Rock,7,album,https://www.allmusic.com/album/the-man-who-sold-the-world-mw0000098879,2536a41d-fde9-35d5-a6c6-cd4d94ffd916,8784de2f-5754-3bcf-8b2a-35d327ef74a1,5eaf6d51-40a3-4a4e-ae85-a8cabc706744,1970-11-04,US,available,matched,1,Black Country Rock - 2020 Mix,4839606,1024,2026-09-25,https://kworb.net/spotify/artist/0oSGxfWSnnOXhD2fKuz2Gy_songs.html,highest-streaming non-feature version for normalized composition title,unmatched,,,0,,https://www.officialcharts.com/artist/19138/david-bowie/,Official Singles Chart only
3,1970,The Man Who Sold the World,1,A4,4,After All,235466,235,3:55,1970s,Album Rock|Art Rock|Experimental Rock|Glam Rock|Hard Rock|Proto-Punk|Contemporary Pop/Rock,7,album,https://www.allmusic.com/album/the-man-who-sold-the-world-mw0000098879,2536a41d-fde9-35d5-a6c6-cd4d94ffd916,8784de2f-5754-3bcf-8b2a-35d327ef74a1,6f45de1c-3471-4ff0-8d79-2bce81c95653,1970-11-04,US,available,matched,1,After All - 2015 Remaster,3615361,794,2026-09-25,https://kworb.net/spotify/artist/0oSGxfWSnnOXhD2fKuz2Gy_songs.html,highest-streaming non-feature version for normalized composition title,unmatched,,,0,,https://www.officialcharts.com/artist/19138/david-bowie/,Official Singles Chart only
3,1970,The Man Who Sold the World,1,B1,5,Running Gun Blues,195133,195,3:15,1970s,Album Rock|Art Rock|Experimental Rock|Glam Rock|Hard Rock|Proto-Punk|Contemporary Pop/Rock,7,album,https://www.allmusic.com/album/the-man-who-sold-the-world-mw0000098879,2536a41d-fde9-35d5-a6c6-cd4d94ffd916,8784de2f-5754-3bcf-8b2a-35d327ef74a1,b7abf067-a41a-4955-88ee-1cb79b826467,1970-11-04,US,available,matched,1,Running Gun Blues - 2020 Mix,3164951,665,2026-09-25,https://kworb.net/spotify/artist/0oSGxfWSnnOXhD2fKuz2Gy_songs.html,highest-streaming non-feature version for normalized composition title,unmatched,,,0,,https://www.officialcharts.com/artist/19138/david-bowie/,Official Singles Chart only
3,1970,The Man Who Sold the World,1,B2,6,Saviour Machine,268733,269,4:29,1970s,Album Rock|Art Rock|Experimental Rock|Glam Rock|Hard Rock|Proto-Punk|Contemporary Pop/Rock,7,album,https://www.allmusic.com/album/the-man-who-sold-the-world-mw0000098879,2536a41d-fde9-35d5-a6c6-cd4d94ffd916,8784de2f-5754-3bcf-8b2a-35d327ef74a1,7933de8b-1c51-460b-9676-018fbc813ff4,1970-11-04,US,available,matched,1,Saviour Machine - 2015 Remaster,2902924,664,2026-09-25,https://kworb.net/spotify/artist/0oSGxfWSnnOXhD2fKuz2Gy_songs.html,highest-streaming non-feature version for normalized composition title,unmatched,,,0,,https://www.officialcharts.com/artist/19138/david-bowie/,Official Singles Chart only
3,1970,The Man Who Sold the World,1,B3,7,She Shook Me Cold,256600,257,4:17,1970s,Album Rock|Art Rock|Experimental Rock|Glam Rock|Hard Rock|Proto-Punk|Contemporary Pop/Rock,7,album,https://www.allmusic.com/album/the-man-who-sold-the-world-mw0000098879,2536a41d-fde9-35d5-a6c6-cd4d94ffd916,8784de2f-5754-3bcf-8b2a-35d327ef74a1,04670428-8d76-47aa-a7aa-77d5f84115b4,1970-11-04,US,available,matched,1,She Shook Me Cold - 2020 Mix,2685846,660,2026-09-25,https://kworb.net/spotify/artist/0oSGxfWSnnOXhD2fKuz2Gy_songs.html,highest-streaming non-feature version for normalized composition title,unmatched,,,0,,https://www.officialcharts.com/artist/19138/david-bowie/,Official Singles Chart only
3,1970,The Man Who Sold the World,1,B4,8,The Man Who Sold the World,239933,240,4:00,1970s,Album Rock|Art Rock|Experimental Rock|Glam Rock|Hard Rock|Proto-Punk|Contemporary Pop/Rock,7,album,https://www.allmusic.com/album/the-man-who-sold-the-world-mw0000098879,2536a41d-fde9-35d5-a6c6-cd4d94ffd916,8784de2f-5754-3bcf-8b2a-35d327ef74a1,d0c234bd-cfdc-4f73-a19f-67c4be0dc071,1970-11-04,US,available,matched,3,The Man Who Sold the World - 2014 Remaster,159204902,66646,2026-09-25,https://kworb.net/spotify/artist/0oSGxfWSnnOXhD2fKuz2Gy_songs.html,highest-streaming non-feature version for normalized composition title,unmatched,,,0,,https://www.officialcharts.com/artist/19138/david-bowie/,Official Singles Chart only
3,1970,The Man Who Sold the World,1,B5,9,The Supermen,222000,222,3:42,1970s,Album Rock|Art Rock|Experimental Rock|Glam Rock|Hard Rock|Proto-Punk|Contemporary Pop/Rock,7,album,https://www.allmusic.com/album/the-man-who-sold-the-world-mw0000098879,2536a41d-fde9-35d5-a6c6-cd4d94ffd916,8784de2f-5754-3bcf-8b2a-35d327ef74a1,10d4e086-2c7c-4dc0-9894-54e33e4e7f63,1970-11-04,US,available,matched,1,The Supermen - 2020 Mix,3392391,700,2026-09-25,https://kworb.net/spotify/artist/0oSGxfWSnnOXhD2fKuz2Gy_songs.html,highest-streaming non-feature version for normalized composition title,unmatched,,,0,,https://www.officialcharts.com/artist/19138/david-bowie/,Official Singles Chart only
4,1971,Hunky Dory,1,A1,1,Changes,217000,217,3:37,1970s,Album Rock|Art Rock|Contemporary Pop/Rock|Experimental Rock|Glam Rock|Proto-Punk|British Folk-Rock|Singer/Songwriter,8,album,https://www.allmusic.com/album/hunky-dory-mw0000189509,743b0b2e-a23a-3182-950e-232f8cb0dfb7,4800c809-f22f-4aee-8533-d3fb5884ac5f,e7b022c5-bce7-4bee-8136-7889af2f4162,1971-12-17,GB,available,matched,4,Changes - 2015 Remaster,275169815,95707,2026-09-25,https://kworb.net/spotify/artist/0oSGxfWSnnOXhD2fKuz2Gy_songs.html,highest-streaming non-feature version for normalized composition title,matched,49,2,1,CHANGES,https://www.officialcharts.com/artist/19138/david-bowie/,Official Singles Chart only
4,1971,Hunky Dory,1,A2,2,Oh! You Pretty Things,192000,192,3:12,1970s,Album Rock|Art Rock|Contemporary Pop/Rock|Experimental Rock|Glam Rock|Proto-Punk|British Folk-Rock|Singer/Songwriter,8,album,https://www.allmusic.com/album/hunky-dory-mw0000189509,743b0b2e-a23a-3182-950e-232f8cb0dfb7,4800c809-f22f-4aee-8533-d3fb5884ac5f,2b8363c3-511c-4816-934b-fef55fb1e5ac,1971-12-17,GB,available,matched,2,Oh! You Pretty Things - 2015 Remaster,71276720,17529,2026-09-25,https://kworb.net/spotify/artist/0oSGxfWSnnOXhD2fKuz2Gy_songs.html,highest-streaming non-feature version for normalized composition title,unmatched,,,0,,https://www.officialcharts.com/artist/19138/david-bowie/,Official Singles Chart only
4,1971,Hunky Dory,1,A3,3,Eight Line Poem,176000,176,2:56,1970s,Album Rock|Art Rock|Contemporary Pop/Rock|Experimental Rock|Glam Rock|Proto-Punk|British Folk-Rock|Singer/Songwriter,8,album,https://www.allmusic.com/album/hunky-dory-mw0000189509,743b0b2e-a23a-3182-950e-232f8cb0dfb7,4800c809-f22f-4aee-8533-d3fb5884ac5f,6221a91a-0ef4-490d-89f5-a230d089f0d8,1971-12-17,GB,available,matched,1,Eight Line Poem - 2015 Remaster,13399728,2283,2026-09-25,https://kworb.net/spotify/artist/0oSGxfWSnnOXhD2fKuz2Gy_songs.html,highest-streaming non-feature version for normalized composition title,unmatched,,,0,,https://www.officialcharts.com/artist/19138/david-bowie/,Official Singles Chart only
4,1971,Hunky Dory,1,A4,4,Life on Mars?,234000,234,3:54,1970s,Album Rock|Art Rock|Contemporary Pop/Rock|Experimental Rock|Glam Rock|Proto-Punk|British Folk-Rock|Singer/Songwriter,8,album,https://www.allmusic.com/album/hunky-dory-mw0000189509,743b0b2e-a23a-3182-950e-232f8cb0dfb7,4800c809-f22f-4aee-8533-d3fb5884ac5f,e1f40fdd-7204-4022-ae93-8fc7c9a93119,1971-12-17,GB,available,matched,6,Life on Mars? - 2015 Remaster,406078582,122708,2026-09-25,https://kworb.net/spotify/artist/0oSGxfWSnnOXhD2fKuz2Gy_songs.html,highest-streaming non-feature version for normalized composition title,matched,3,18,1,LIFE ON MARS,https://www.officialcharts.com/artist/19138/david-bowie/,Official Singles Chart only
4,1971,Hunky Dory,1,A5,5,Kooks,173000,173,2:53,1970s,Album Rock|Art Rock|Contemporary Pop/Rock|Experimental Rock|Glam Rock|Proto-Punk|British Folk-Rock|Singer/Songwriter,8,album,https://www.allmusic.com/album/hunky-dory-mw0000189509,743b0b2e-a23a-3182-950e-232f8cb0dfb7,4800c809-f22f-4aee-8533-d3fb5884ac5f,3917f659-9339-4a72-9fe4-11eb88a65323,1971-12-17,GB,available,matched,1,Kooks - 2015 Remaster,27228532,6761,2026-09-25,https://kworb.net/spotify/artist/0oSGxfWSnnOXhD2fKuz2Gy_songs.html,highest-streaming non-feature version for normalized composition title,unmatched,,,0,,https://www.officialcharts.com/artist/19138/david-bowie/,Official Singles Chart only
4,1971,Hunky Dory,1,A6,6,Quicksand,307000,307,5:07,1970s,Album Rock|Art Rock|Contemporary Pop/Rock|Experimental Rock|Glam Rock|Proto-Punk|British Folk-Rock|Singer/Songwriter,8,album,https://www.allmusic.com/album/hunky-dory-mw0000189509,743b0b2e-a23a-3182-950e-232f8cb0dfb7,4800c809-f22f-4aee-8533-d3fb5884ac5f,05dc3833-6186-4fcd-9fb5-f31e0ac598dc,1971-12-17,GB,available,matched,1,Quicksand - 2015 Remaster,17778678,5263,2026-09-25,https://kworb.net/spotify/artist/0oSGxfWSnnOXhD2fKuz2Gy_songs.html,highest-streaming non-feature version for normalized composition title,unmatched,,,0,,https://www.officialcharts.com/artist/19138/david-bowie/,Official Singles Chart only
4,1971,Hunky Dory,1,B1,7,Fill Your Heart,187000,187,3:07,1970s,Album Rock|Art Rock|Contemporary Pop/Rock|Experimental Rock|Glam Rock|Proto-Punk|British Folk-Rock|Singer/Songwriter,8,album,https://www.allmusic.com/album/hunky-dory-mw0000189509,743b0b2e-a23a-3182-950e-232f8cb0dfb7,4800c809-f22f-4aee-8533-d3fb5884ac5f,c52822b8-6daa-458a-ae27-80ab12328ffb,1971-12-17,GB,available,matched,1,Fill Your Heart - 2015 Remaster,9824533,1828,2026-09-25,https://kworb.net/spotify/artist/0oSGxfWSnnOXhD2fKuz2Gy_songs.html,highest-streaming non-feature version for normalized composition title,unmatched,,,0,,https://www.officialcharts.com/artist/19138/david-bowie/,Official Singles Chart only
4,1971,Hunky Dory,1,B2,8,Andy Warhol,237000,237,3:57,1970s,Album Rock|Art Rock|Contemporary Pop/Rock|Experimental Rock|Glam Rock|Proto-Punk|British Folk-Rock|Singer/Songwriter,8,album,https://www.allmusic.com/album/hunky-dory-mw0000189509,743b0b2e-a23a-3182-950e-232f8cb0dfb7,4800c809-f22f-4aee-8533-d3fb5884ac5f,51361c82-c06e-479c-ba93-bb07b366b5ba,1971-12-17,GB,available,matched,1,Andy Warhol - 2015 Remaster,14547399,3645,2026-09-25,https://kworb.net/spotify/artist/0oSGxfWSnnOXhD2fKuz2Gy_songs.html,highest-streaming non-feature version for normalized composition title,unmatched,,,0,,https://www.officialcharts.com/artist/19138/david-bowie/,Official Singles Chart only
4,1971,Hunky Dory,1,B3,9,Song for Bob Dylan,252000,252,4:12,1970s,Album Rock|Art Rock|Contemporary Pop/Rock|Experimental Rock|Glam Rock|Proto-Punk|British Folk-Rock|Singer/Songwriter,8,album,https://www.allmusic.com/album/hunky-dory-mw0000189509,743b0b2e-a23a-3182-950e-232f8cb0dfb7,4800c809-f22f-4aee-8533-d3fb5884ac5f,e783c7ad-9b12-44f6-ac27-2a3c91afa223,1971-12-17,GB,available,matched,1,Song for Bob Dylan - 2015 Remaster,9245322,1925,2026-09-25,https://kworb.net/spotify/artist/0oSGxfWSnnOXhD2fKuz2Gy_songs.html,highest-streaming non-feature version for normalized composition title,unmatched,,,0,,https://www.officialcharts.com/artist/19138/david-bowie/,Official Singles Chart only
4,1971,Hunky Dory,1,B4,10,Queen Bitch,199000,199,3:19,1970s,Album Rock|Art Rock|Contemporary Pop/Rock|Experimental Rock|Glam Rock|Proto-Punk|British Folk-Rock|Singer/Songwriter,8,album,https://www.allmusic.com/album/hunky-dory-mw0000189509,743b0b2e-a23a-3182-950e-232f8cb0dfb7,4800c809-f22f-4aee-8533-d3fb5884ac5f,131c5027-2037-4ee4-a284-7521ea362f27,1971-12-17,GB,available,matched,1,Queen Bitch - 2015 Remaster,48612888,8542,2026-09-25,https://kworb.net/spotify/artist/0oSGxfWSnnOXhD2fKuz2Gy_songs.html,highest-streaming non-feature version for normalized composition title,unmatched,,,0,,https://www.officialcharts.com/artist/19138/david-bowie/,Official Singles Chart only
4,1971,Hunky Dory,1,B5,11,The Bewlay Brothers,324000,324,5:24,1970s,Album Rock|Art Rock|Contemporary Pop/Rock|Experimental Rock|Glam Rock|Proto-Punk|British Folk-Rock|Singer/Songwriter,8,album,https://www.allmusic.com/album/hunky-dory-mw0000189509,743b0b2e-a23a-3182-950e-232f8cb0dfb7,4800c809-f22f-4aee-8533-d3fb5884ac5f,4545ff1f-f7fd-4dd9-862c-d0f88f2c4f4b,1971-12-17,GB,available,matched,1,The Bewlay Brothers - 2015 Remaster,11243033,2885,2026-09-25,https://kworb.net/spotify/artist/0oSGxfWSnnOXhD2fKuz2Gy_songs.html,highest-streaming non-feature version for normalized composition title,unmatched,,,0,,https://www.officialcharts.com/artist/19138/david-bowie/,Official Singles Chart only
5,1972,The Rise and Fall of Ziggy Stardust and the Spiders from Mars,1,A1,1,Five Years,282000,282,4:42,1970s,Album Rock|Art Rock|Experimental Rock|Glam Rock|Hard Rock|Proto-Punk|Contemporary Pop/Rock|Singer/Songwriter,8,album,https://www.allmusic.com/album/the-rise-and-fall-of-ziggy-stardust-and-the-spiders-from-mars-mw0000626129,6c9ae3dd-32ad-472c-96be-69d0a3536261,258f92e1-2f40-4421-8e54-586ae1c34adf,9c9345d9-a631-484b-b66b-4e78aa776cb3,1972,GB,available,matched,3,Five Years - 2012 Remaster,71587554,27789,2026-09-25,https://kworb.net/spotify/artist/0oSGxfWSnnOXhD2fKuz2Gy_songs.html,highest-streaming non-feature version for normalized composition title,unmatched,,,0,,https://www.officialcharts.com/artist/19138/david-bowie/,Official Singles Chart only
5,1972,The Rise and Fall of Ziggy Stardust and the Spiders from Mars,1,A2,2,Soul Love,214000,214,3:34,1970s,Album Rock|Art Rock|Experimental Rock|Glam Rock|Hard Rock|Proto-Punk|Contemporary Pop/Rock|Singer/Songwriter,8,album,https://www.allmusic.com/album/the-rise-and-fall-of-ziggy-stardust-and-the-spiders-from-mars-mw0000626129,6c9ae3dd-32ad-472c-96be-69d0a3536261,258f92e1-2f40-4421-8e54-586ae1c34adf,e8afe383-1478-497e-90b1-7885c7f37f6e,1972,GB,available,matched,2,Soul Love - 2012 Remaster,43175994,13600,2026-09-25,https://kworb.net/spotify/artist/0oSGxfWSnnOXhD2fKuz2Gy_songs.html,highest-streaming non-feature version for normalized composition title,unmatched,,,0,,https://www.officialcharts.com/artist/19138/david-bowie/,Official Singles Chart only
5,1972,The Rise and Fall of Ziggy Stardust and the Spiders from Mars,1,A3,3,Moonage Daydream,280000,280,4:40,1970s,Album Rock|Art Rock|Experimental Rock|Glam Rock|Hard Rock|Proto-Punk|Contemporary Pop/Rock|Singer/Songwriter,8,album,https://www.allmusic.com/album/the-rise-and-fall-of-ziggy-stardust-and-the-spiders-from-mars-mw0000626129,6c9ae3dd-32ad-472c-96be-69d0a3536261,258f92e1-2f40-4421-8e54-586ae1c34adf,c0f27bed-7986-4c88-a9c6-1d16ebc9817b,1972,GB,available,matched,2,Moonage Daydream - 2012 Remaster,294113144,96308,2026-09-25,https://kworb.net/spotify/artist/0oSGxfWSnnOXhD2fKuz2Gy_songs.html,highest-streaming non-feature version for normalized composition title,unmatched,,,0,,https://www.officialcharts.com/artist/19138/david-bowie/,Official Singles Chart only
5,1972,The Rise and Fall of Ziggy Stardust and the Spiders from Mars,1,A4,4,Starman,250000,250,4:10,1970s,Album Rock|Art Rock|Experimental Rock|Glam Rock|Hard Rock|Proto-Punk|Contemporary Pop/Rock|Singer/Songwriter,8,album,https://www.allmusic.com/album/the-rise-and-fall-of-ziggy-stardust-and-the-spiders-from-mars-mw0000626129,6c9ae3dd-32ad-472c-96be-69d0a3536261,258f92e1-2f40-4421-8e54-586ae1c34adf,c75ca467-b76c-4800-8267-9862e93b7040,1972,GB,available,matched,3,Starman - 2012 Remaster,829880663,414957,2026-09-25,https://kworb.net/spotify/artist/0oSGxfWSnnOXhD2fKuz2Gy_songs.html,highest-streaming non-feature version for normalized composition title,matched,10,14,2,STARMAN,https://www.officialcharts.com/artist/19138/david-bowie/,Official Singles Chart only
5,1972,The Rise and Fall of Ziggy Stardust and the Spiders from Mars,1,A5,5,It Ain’t Easy,178000,178,2:58,1970s,Album Rock|Art Rock|Experimental Rock|Glam Rock|Hard Rock|Proto-Punk|Contemporary Pop/Rock|Singer/Songwriter,8,album,https://www.allmusic.com/album/the-rise-and-fall-of-ziggy-stardust-and-the-spiders-from-mars-mw0000626129,6c9ae3dd-32ad-472c-96be-69d0a3536261,258f92e1-2f40-4421-8e54-586ae1c34adf,df367f8e-3f2d-4f37-84c7-5e6617e16258,1972,GB,available,matched,1,It Ain't Easy - 2012 Remaster,27229921,7268,2026-09-25,https://kworb.net/spotify/artist/0oSGxfWSnnOXhD2fKuz2Gy_songs.html,highest-streaming non-feature version for normalized composition title,unmatched,,,0,,https://www.officialcharts.com/artist/19138/david-bowie/,Official Singles Chart only
5,1972,The Rise and Fall of Ziggy Stardust and the Spiders from Mars,1,B1,6,Lady Stardust,202000,202,3:22,1970s,Album Rock|Art Rock|Experimental Rock|Glam Rock|Hard Rock|Proto-Punk|Contemporary Pop/Rock|Singer/Songwriter,8,album,https://www.allmusic.com/album/the-rise-and-fall-of-ziggy-stardust-and-the-spiders-from-mars-mw0000626129,6c9ae3dd-32ad-472c-96be-69d0a3536261,258f92e1-2f40-4421-8e54-586ae1c34adf,2ca5c833-8f3d-4566-9d61-a2294ea996ac,1972,GB,available,matched,1,Lady Stardust - 2012 Remaster,44761324,14284,2026-09-25,https://kworb.net/spotify/artist/0oSGxfWSnnOXhD2fKuz2Gy_songs.html,highest-streaming non-feature version for normalized composition title,unmatched,,,0,,https://www.officialcharts.com/artist/19138/david-bowie/,Official Singles Chart only
5,1972,The Rise and Fall of Ziggy Stardust and the Spiders from Mars,1,B2,7,Star,167000,167,2:47,1970s,Album Rock|Art Rock|Experimental Rock|Glam Rock|Hard Rock|Proto-Punk|Contemporary Pop/Rock|Singer/Songwriter,8,album,https://www.allmusic.com/album/the-rise-and-fall-of-ziggy-stardust-and-the-spiders-from-mars-mw0000626129,6c9ae3dd-32ad-472c-96be-69d0a3536261,258f92e1-2f40-4421-8e54-586ae1c34adf,674e786f-19ac-462b-98ab-e5340248a7f2,1972,GB,available,matched,1,Star - 2012 Remaster,23306194,7286,2026-09-25,https://kworb.net/spotify/artist/0oSGxfWSnnOXhD2fKuz2Gy_songs.html,highest-streaming non-feature version for normalized composition title,unmatched,,,0,,https://www.officialcharts.com/artist/19138/david-bowie/,Official Singles Chart only
5,1972,The Rise and Fall of Ziggy Stardust and the Spiders from Mars,1,B3,8,Hang On to Yourself,160000,160,2:40,1970s,Album Rock|Art Rock|Experimental Rock|Glam Rock|Hard Rock|Proto-Punk|Contemporary Pop/Rock|Singer/Songwriter,8,album,https://www.allmusic.com/album/the-rise-and-fall-of-ziggy-stardust-and-the-spiders-from-mars-mw0000626129,6c9ae3dd-32ad-472c-96be-69d0a3536261,258f92e1-2f40-4421-8e54-586ae1c34adf,d76c72e3-3338-4d66-a3e1-7e9f5f71f95b,1972,GB,available,matched,3,Hang on to Yourself - 2012 Remaster,23172806,6249,2026-09-25,https://kworb.net/spotify/artist/0oSGxfWSnnOXhD2fKuz2Gy_songs.html,highest-streaming non-feature version for normalized composition title,unmatched,,,0,,https://www.officialcharts.com/artist/19138/david-bowie/,Official Singles Chart only
5,1972,The Rise and Fall of Ziggy Stardust and the Spiders from Mars,1,B4,9,Ziggy Stardust,193000,193,3:13,1970s,Album Rock|Art Rock|Experimental Rock|Glam Rock|Hard Rock|Proto-Punk|Contemporary Pop/Rock|Singer/Songwriter,8,album,https://www.allmusic.com/album/the-rise-and-fall-of-ziggy-stardust-and-the-spiders-from-mars-mw0000626129,6c9ae3dd-32ad-472c-96be-69d0a3536261,258f92e1-2f40-4421-8e54-586ae1c34adf,a0ca0cc0-cc0d-431c-8a36-dd917ea0dfa2,1972,GB,available,matched,6,Ziggy Stardust - 2012 Remaster,189842615,55215,2026-09-25,https://kworb.net/spotify/artist/0oSGxfWSnnOXhD2fKuz2Gy_songs.html,highest-streaming non-feature version for normalized composition title,matched,76,1,1,ZIGGY STARDUST,https://www.officialcharts.com/artist/19138/david-bowie/,Official Singles Chart only
5,1972,The Rise and Fall of Ziggy Stardust and the Spiders from Mars,1,B5,10,Suffragette City,205000,205,3:25,1970s,Album Rock|Art Rock|Experimental Rock|Glam Rock|Hard Rock|Proto-Punk|Contemporary Pop/Rock|Singer/Songwriter,8,album,https://www.allmusic.com/album/the-rise-and-fall-of-ziggy-stardust-and-the-spiders-from-mars-mw0000626129,6c9ae3dd-32ad-472c-96be-69d0a3536261,258f92e1-2f40-4421-8e54-586ae1c34adf,4ce20795-0558-4302-943a-7f621f49aad6,1972,GB,available,matched,1,Suffragette City - 2012 Remaster,89683602,22478,2026-09-25,https://kworb.net/spotify/artist/0oSGxfWSnnOXhD2fKuz2Gy_songs.html,highest-streaming non-feature version for normalized composition title,unmatched,,,0,,https://www.officialcharts.com/artist/19138/david-bowie/,Official Singles Chart only
5,1972,The Rise and Fall of Ziggy Stardust and the Spiders from Mars,1,B6,11,Rock ’n’ Roll Suicide,178000,178,2:58,1970s,Album Rock|Art Rock|Experimental Rock|Glam Rock|Hard Rock|Proto-Punk|Contemporary Pop/Rock|Singer/Songwriter,8,album,https://www.allmusic.com/album/the-rise-and-fall-of-ziggy-stardust-and-the-spiders-from-mars-mw0000626129,6c9ae3dd-32ad-472c-96be-69d0a3536261,258f92e1-2f40-4421-8e54-586ae1c34adf,04534165-f62b-4505-8fc5-1c820df8da45,1972,GB,available,matched,2,Rock 'n' Roll Suicide - 2012 Remaster,63489881,19677,2026-09-25,https://kworb.net/spotify/artist/0oSGxfWSnnOXhD2fKuz2Gy_songs.html,highest-streaming non-feature version for normalized composition title,unmatched,,,0,,https://www.officialcharts.com/artist/19138/david-bowie/,Official Singles Chart only
6,1973,Aladdin Sane,1,A1,1,Watch That Man,270000,270,4:30,1970s,Art Rock|Contemporary Pop/Rock|Experimental Rock|Glam Rock|Hard Rock|Proto-Punk|Album Rock,7,album,https://www.allmusic.com/album/aladdin-sane-mw0000247727,50f8710f-3ae6-319b-85a7-afe783f13449,6e1e07e6-1d9d-4c09-bef5-0a81d89df7f9,32517fbb-c803-4004-9e7b-20b6a5f19ee5,1973-04-19,GB,available,matched,1,Watch That Man - 2013 Remaster,7797364,2122,2026-09-25,https://kworb.net/spotify/artist/0oSGxfWSnnOXhD2fKuz2Gy_songs.html,highest-streaming non-feature version for normalized composition title,unmatched,,,0,,https://www.officialcharts.com/artist/19138/david-bowie/,Official Singles Chart only
6,1973,Aladdin Sane,1,A2,2,Aladdin Sane (1913–1938–197?),308000,308,5:08,1970s,Art Rock|Contemporary Pop/Rock|Experimental Rock|Glam Rock|Hard Rock|Proto-Punk|Album Rock,7,album,https://www.allmusic.com/album/aladdin-sane-mw0000247727,50f8710f-3ae6-319b-85a7-afe783f13449,6e1e07e6-1d9d-4c09-bef5-0a81d89df7f9,20995676-3969-401b-961c-e309d4cfdfed,1973-04-19,GB,available,unmatched,0,,,,2026-09-25,https://kworb.net/spotify/artist/0oSGxfWSnnOXhD2fKuz2Gy_songs.html,,unmatched,,,0,,https://www.officialcharts.com/artist/19138/david-bowie/,Official Singles Chart only
6,1973,Aladdin Sane,1,A3,3,Drive‐In Saturday,273000,273,4:33,1970s,Art Rock|Contemporary Pop/Rock|Experimental Rock|Glam Rock|Hard Rock|Proto-Punk|Album Rock,7,album,https://www.allmusic.com/album/aladdin-sane-mw0000247727,50f8710f-3ae6-319b-85a7-afe783f13449,6e1e07e6-1d9d-4c09-bef5-0a81d89df7f9,f032b973-c82b-4080-af44-2363950fbcf7,1973-04-19,GB,available,matched,1,Drive-In Saturday - 2013 Remaster,17931585,5784,2026-09-25,https://kworb.net/spotify/artist/0oSGxfWSnnOXhD2fKuz2Gy_songs.html,highest-streaming non-feature version for normalized composition title,matched,3,10,1,DRIVE-IN SATURDAY,https://www.officialcharts.com/artist/19138/david-bowie/,Official Singles Chart only
6,1973,Aladdin Sane,1,A4,4,Panic in Detroit,265000,265,4:25,1970s,Art Rock|Contemporary Pop/Rock|Experimental Rock|Glam Rock|Hard Rock|Proto-Punk|Album Rock,7,album,https://www.allmusic.com/album/aladdin-sane-mw0000247727,50f8710f-3ae6-319b-85a7-afe783f13449,6e1e07e6-1d9d-4c09-bef5-0a81d89df7f9,18577193-69c9-4d20-a161-3095425c8f49,1973-04-19,GB,available,matched,1,Panic in Detroit - 2013 Remaster,8364828,2577,2026-09-25,https://kworb.net/spotify/artist/0oSGxfWSnnOXhD2fKuz2Gy_songs.html,highest-streaming non-feature version for normalized composition title,unmatched,,,0,,https://www.officialcharts.com/artist/19138/david-bowie/,Official Singles Chart only
6,1973,Aladdin Sane,1,A5,5,Cracked Actor,181000,181,3:01,1970s,Art Rock|Contemporary Pop/Rock|Experimental Rock|Glam Rock|Hard Rock|Proto-Punk|Album Rock,7,album,https://www.allmusic.com/album/aladdin-sane-mw0000247727,50f8710f-3ae6-319b-85a7-afe783f13449,6e1e07e6-1d9d-4c09-bef5-0a81d89df7f9,2217fc4e-af5a-4e18-ab4f-8aca8aba2d56,1973-04-19,GB,available,matched,1,Cracked Actor - 2013 Remaster,9802603,2982,2026-09-25,https://kworb.net/spotify/artist/0oSGxfWSnnOXhD2fKuz2Gy_songs.html,highest-streaming non-feature version for normalized composition title,unmatched,,,0,,https://www.officialcharts.com/artist/19138/david-bowie/,Official Singles Chart only
6,1973,Aladdin Sane,1,B1,6,Time,315000,315,5:15,1970s,Art Rock|Contemporary Pop/Rock|Experimental Rock|Glam Rock|Hard Rock|Proto-Punk|Album Rock,7,album,https://www.allmusic.com/album/aladdin-sane-mw0000247727,50f8710f-3ae6-319b-85a7-afe783f13449,6e1e07e6-1d9d-4c09-bef5-0a81d89df7f9,cce9ca15-d362-475f-bab2-879580a55b3a,1973-04-19,GB,available,matched,1,Time - 2013 Remaster,9674063,2600,2026-09-25,https://kworb.net/spotify/artist/0oSGxfWSnnOXhD2fKuz2Gy_songs.html,highest-streaming non-feature version for normalized composition title,unmatched,,,0,,https://www.officialcharts.com/artist/19138/david-bowie/,Official Singles Chart only
6,1973,Aladdin Sane,1,B2,7,The Prettiest Star,211000,211,3:31,1970s,Art Rock|Contemporary Pop/Rock|Experimental Rock|Glam Rock|Hard Rock|Proto-Punk|Album Rock,7,album,https://www.allmusic.com/album/aladdin-sane-mw0000247727,50f8710f-3ae6-319b-85a7-afe783f13449,6e1e07e6-1d9d-4c09-bef5-0a81d89df7f9,ebdfd170-9841-4cdb-8945-8b864b956aed,1973-04-19,GB,available,matched,2,The Prettiest Star - 2013 Remaster,13307502,5402,2026-09-25,https://kworb.net/spotify/artist/0oSGxfWSnnOXhD2fKuz2Gy_songs.html,highest-streaming non-feature version for normalized composition title,unmatched,,,0,,https://www.officialcharts.com/artist/19138/david-bowie/,Official Singles Chart only
6,1973,Aladdin Sane,1,B3,8,Let’s Spend the Night Together,190000,190,3:10,1970s,Art Rock|Contemporary Pop/Rock|Experimental Rock|Glam Rock|Hard Rock|Proto-Punk|Album Rock,7,album,https://www.allmusic.com/album/aladdin-sane-mw0000247727,50f8710f-3ae6-319b-85a7-afe783f13449,6e1e07e6-1d9d-4c09-bef5-0a81d89df7f9,a5d85c36-11d6-444e-8ddf-7e1dcbe0b124,1973-04-19,GB,available,matched,1,Let's Spend the Night Together - 2013 Remaster,6929430,1679,2026-09-25,https://kworb.net/spotify/artist/0oSGxfWSnnOXhD2fKuz2Gy_songs.html,highest-streaming non-feature version for normalized composition title,unmatched,,,0,,https://www.officialcharts.com/artist/19138/david-bowie/,Official Singles Chart only
6,1973,Aladdin Sane,1,B4,9,The Jean Genie,247000,247,4:07,1970s,Art Rock|Contemporary Pop/Rock|Experimental Rock|Glam Rock|Hard Rock|Proto-Punk|Album Rock,7,album,https://www.allmusic.com/album/aladdin-sane-mw0000247727,50f8710f-3ae6-319b-85a7-afe783f13449,6e1e07e6-1d9d-4c09-bef5-0a81d89df7f9,f18b8945-9784-417a-bb43-53508b73d612,1973-04-19,GB,available,unmatched,0,,,,2026-09-25,https://kworb.net/spotify/artist/0oSGxfWSnnOXhD2fKuz2Gy_songs.html,,matched,2,13,1,THE JEAN GENIE,https://www.officialcharts.com/artist/19138/david-bowie/,Official Singles Chart only
6,1973,Aladdin Sane,1,B5,10,Lady Grinning Soul,233000,233,3:53,1970s,Art Rock|Contemporary Pop/Rock|Experimental Rock|Glam Rock|Hard Rock|Proto-Punk|Album Rock,7,album,https://www.allmusic.com/album/aladdin-sane-mw0000247727,50f8710f-3ae6-319b-85a7-afe783f13449,6e1e07e6-1d9d-4c09-bef5-0a81d89df7f9,c6778195-9de8-4281-bfba-d529deb3d687,1973-04-19,GB,available,matched,1,Lady Grinning Soul - 2013 Remaster,32059868,13737,2026-09-25,https://kworb.net/spotify/artist/0oSGxfWSnnOXhD2fKuz2Gy_songs.html,highest-streaming non-feature version for normalized composition title,unmatched,,,0,,https://www.officialcharts.com/artist/19138/david-bowie/,Official Singles Chart only
7,1973,Pin Ups,1,A1,1,Rosalyn,140386,140,2:20,1970s,Album Rock|Art Rock|Experimental Rock|Glam Rock|Hard Rock|Proto-Punk|Contemporary Pop/Rock,7,album,https://www.allmusic.com/album/pin-ups-mw0000034411,8b7bd1c2-be07-3083-989a-714f219f1ff8,87b21680-580c-4700-a42e-e1d331452bc7,44298f27-e6f3-4eff-a79d-250fccf767b1,1973,GB,available,matched,1,Rosalyn - 2015 Remaster,1676741,363,2026-09-25,https://kworb.net/spotify/artist/0oSGxfWSnnOXhD2fKuz2Gy_songs.html,highest-streaming non-feature version for normalized composition title,unmatched,,,0,,https://www.officialcharts.com/artist/19138/david-bowie/,Official Singles Chart only
7,1973,Pin Ups,1,A2,2,Here Comes the Night,188253,188,3:08,1970s,Album Rock|Art Rock|Experimental Rock|Glam Rock|Hard Rock|Proto-Punk|Contemporary Pop/Rock,7,album,https://www.allmusic.com/album/pin-ups-mw0000034411,8b7bd1c2-be07-3083-989a-714f219f1ff8,87b21680-580c-4700-a42e-e1d331452bc7,d486f8c5-e19d-4892-a808-4047cd05d786,1973,GB,available,matched,1,Here Comes the Night - 2015 Remaster,3042572,507,2026-09-25,https://kworb.net/spotify/artist/0oSGxfWSnnOXhD2fKuz2Gy_songs.html,highest-streaming non-feature version for normalized composition title,unmatched,,,0,,https://www.officialcharts.com/artist/19138/david-bowie/,Official Singles Chart only
7,1973,Pin Ups,1,A3,3,I Wish You Would,167160,167,2:47,1970s,Album Rock|Art Rock|Experimental Rock|Glam Rock|Hard Rock|Proto-Punk|Contemporary Pop/Rock,7,album,https://www.allmusic.com/album/pin-ups-mw0000034411,8b7bd1c2-be07-3083-989a-714f219f1ff8,87b21680-580c-4700-a42e-e1d331452bc7,2b868507-3e3a-4b85-a65a-55e529937560,1973,GB,available,matched,1,I Wish You Would - 2015 Remaster,1843612,390,2026-09-25,https://kworb.net/spotify/artist/0oSGxfWSnnOXhD2fKuz2Gy_songs.html,highest-streaming non-feature version for normalized composition title,unmatched,,,0,,https://www.officialcharts.com/artist/19138/david-bowie/,Official Singles Chart only
7,1973,Pin Ups,1,A4,4,See Emily Play,251093,251,4:11,1970s,Album Rock|Art Rock|Experimental Rock|Glam Rock|Hard Rock|Proto-Punk|Contemporary Pop/Rock,7,album,https://www.allmusic.com/album/pin-ups-mw0000034411,8b7bd1c2-be07-3083-989a-714f219f1ff8,87b21680-580c-4700-a42e-e1d331452bc7,0a15f7c8-a5b1-4dc3-b6d3-41ad84c8ba1b,1973,GB,available,matched,1,See Emily Play - 2015 Remaster,2242671,442,2026-09-25,https://kworb.net/spotify/artist/0oSGxfWSnnOXhD2fKuz2Gy_songs.html,highest-streaming non-feature version for normalized composition title,unmatched,,,0,,https://www.officialcharts.com/artist/19138/david-bowie/,Official Singles Chart only
7,1973,Pin Ups,1,A5,5,Everything’s Alright,147560,148,2:28,1970s,Album Rock|Art Rock|Experimental Rock|Glam Rock|Hard Rock|Proto-Punk|Contemporary Pop/Rock,7,album,https://www.allmusic.com/album/pin-ups-mw0000034411,8b7bd1c2-be07-3083-989a-714f219f1ff8,87b21680-580c-4700-a42e-e1d331452bc7,e1a44ca3-a9d5-463c-9420-a6380892794d,1973,GB,available,matched,1,Everything's Alright - 2015 Remaster,1195163,252,2026-09-25,https://kworb.net/spotify/artist/0oSGxfWSnnOXhD2fKuz2Gy_songs.html,highest-streaming non-feature version for normalized composition title,unmatched,,,0,,https://www.officialcharts.com/artist/19138/david-bowie/,Official Singles Chart only
7,1973,Pin Ups,1,A6,6,I Can’t Explain,133200,133,2:13,1970s,Album Rock|Art Rock|Experimental Rock|Glam Rock|Hard Rock|Proto-Punk|Contemporary Pop/Rock,7,album,https://www.allmusic.com/album/pin-ups-mw0000034411,8b7bd1c2-be07-3083-989a-714f219f1ff8,87b21680-580c-4700-a42e-e1d331452bc7,ea7e9d10-710e-4a7b-a23c-a799e39f24d4,1973,GB,available,matched,1,I Can't Explain - 2015 Remaster,1738491,302,2026-09-25,https://kworb.net/spotify/artist/0oSGxfWSnnOXhD2fKuz2Gy_songs.html,highest-streaming non-feature version for normalized composition title,unmatched,,,0,,https://www.officialcharts.com/artist/19138/david-bowie/,Official Singles Chart only
7,1973,Pin Ups,1,B1,7,Friday on My Mind,175866,176,2:56,1970s,Album Rock|Art Rock|Experimental Rock|Glam Rock|Hard Rock|Proto-Punk|Contemporary Pop/Rock,7,album,https://www.allmusic.com/album/pin-ups-mw0000034411,8b7bd1c2-be07-3083-989a-714f219f1ff8,87b21680-580c-4700-a42e-e1d331452bc7,a83ee7ab-5965-4861-ab05-890209b18bea,1973,GB,available,matched,1,Friday on My Mind - 2015 Remaster,2439045,451,2026-09-25,https://kworb.net/spotify/artist/0oSGxfWSnnOXhD2fKuz2Gy_songs.html,highest-streaming non-feature version for normalized composition title,unmatched,,,0,,https://www.officialcharts.com/artist/19138/david-bowie/,Official Singles Chart only
7,1973,Pin Ups,1,B2,8,Sorrow,172306,172,2:52,1970s,Album Rock|Art Rock|Experimental Rock|Glam Rock|Hard Rock|Proto-Punk|Contemporary Pop/Rock,7,album,https://www.allmusic.com/album/pin-ups-mw0000034411,8b7bd1c2-be07-3083-989a-714f219f1ff8,87b21680-580c-4700-a42e-e1d331452bc7,aa692ace-88cc-4501-a140-67a88851e95d,1973,GB,available,matched,1,Sorrow - 2013 Remaster,30620082,6490,2026-09-25,https://kworb.net/spotify/artist/0oSGxfWSnnOXhD2fKuz2Gy_songs.html,highest-streaming non-feature version for normalized composition title,matched,3,15,1,SORROW,https://www.officialcharts.com/artist/19138/david-bowie/,Official Singles Chart only
7,1973,Pin Ups,1,B3,9,Don’t Bring Me Down,125333,125,2:05,1970s,Album Rock|Art Rock|Experimental Rock|Glam Rock|Hard Rock|Proto-Punk|Contemporary Pop/Rock,7,album,https://www.allmusic.com/album/pin-ups-mw0000034411,8b7bd1c2-be07-3083-989a-714f219f1ff8,87b21680-580c-4700-a42e-e1d331452bc7,4b2b399a-6382-4078-afec-fa43bab79b69,1973,GB,available,matched,1,Don't Bring Me Down - 2015 Remaster,1441036,293,2026-09-25,https://kworb.net/spotify/artist/0oSGxfWSnnOXhD2fKuz2Gy_songs.html,highest-streaming non-feature version for normalized composition title,unmatched,,,0,,https://www.officialcharts.com/artist/19138/david-bowie/,Official Singles Chart only
7,1973,Pin Ups,1,B4,10,Shapes of Things,172413,172,2:52,1970s,Album Rock|Art Rock|Experimental Rock|Glam Rock|Hard Rock|Proto-Punk|Contemporary Pop/Rock,7,album,https://www.allmusic.com/album/pin-ups-mw0000034411,8b7bd1c2-be07-3083-989a-714f219f1ff8,87b21680-580c-4700-a42e-e1d331452bc7,bdfdc49a-649a-4b78-9550-8be08e706510,1973,GB,available,matched,1,Shapes of Things - 2015 Remaster,1101646,224,2026-09-25,https://kworb.net/spotify/artist/0oSGxfWSnnOXhD2fKuz2Gy_songs.html,highest-streaming non-feature version for normalized composition title,unmatched,,,0,,https://www.officialcharts.com/artist/19138/david-bowie/,Official Singles Chart only
7,1973,Pin Ups,1,B5,11,"Anyway, Anyhow, Anywhere",191906,192,3:12,1970s,Album Rock|Art Rock|Experimental Rock|Glam Rock|Hard Rock|Proto-Punk|Contemporary Pop/Rock,7,album,https://www.allmusic.com/album/pin-ups-mw0000034411,8b7bd1c2-be07-3083-989a-714f219f1ff8,87b21680-580c-4700-a42e-e1d331452bc7,05f36d91-d6a7-4684-a63c-e8e1d5554226,1973,GB,available,matched,1,"Anyway, Anyhow, Anywhere - 2015 Remaster",1185217,226,2026-09-25,https://kworb.net/spotify/artist/0oSGxfWSnnOXhD2fKuz2Gy_songs.html,highest-streaming non-feature version for normalized composition title,unmatched,,,0,,https://www.officialcharts.com/artist/19138/david-bowie/,Official Singles Chart only
7,1973,Pin Ups,1,B6,12,Where Have All the Good Times Gone,164973,165,2:45,1970s,Album Rock|Art Rock|Experimental Rock|Glam Rock|Hard Rock|Proto-Punk|Contemporary Pop/Rock,7,album,https://www.allmusic.com/album/pin-ups-mw0000034411,8b7bd1c2-be07-3083-989a-714f219f1ff8,87b21680-580c-4700-a42e-e1d331452bc7,b854a274-7247-4155-9a69-5d0e536c9a66,1973,GB,available,matched,1,Where Have All the Good Times Gone - 2015 Remaster,1458693,298,2026-09-25,https://kworb.net/spotify/artist/0oSGxfWSnnOXhD2fKuz2Gy_songs.html,highest-streaming non-feature version for normalized composition title,unmatched,,,0,,https://www.officialcharts.com/artist/19138/david-bowie/,Official Singles Chart only
8,1974,Diamond Dogs,1,A1,1,Future Legend,68000,68,1:08,1970s,Art Rock|Contemporary Pop/Rock|Experimental Rock|Glam Rock|Hard Rock|Proto-Punk,6,album,https://www.allmusic.com/album/diamond-dogs-mw0000597759,0dc4835d-b21a-3612-bac6-ab1e782a1396,06a786fe-75dc-42ee-9c91-47d2739f77fc,d590dc65-9124-43aa-a46e-72a72a9f942e,1974-05-24,GB,available,matched,1,Future Legend - 2016 Remaster,5099338,2208,2026-09-25,https://kworb.net/spotify/artist/0oSGxfWSnnOXhD2fKuz2Gy_songs.html,highest-streaming non-feature version for normalized composition title,unmatched,,,0,,https://www.officialcharts.com/artist/19138/david-bowie/,Official Singles Chart only
8,1974,Diamond Dogs,1,A2,2,Diamond Dogs,358133,358,5:58,1970s,Art Rock|Contemporary Pop/Rock|Experimental Rock|Glam Rock|Hard Rock|Proto-Punk,6,album,https://www.allmusic.com/album/diamond-dogs-mw0000597759,0dc4835d-b21a-3612-bac6-ab1e782a1396,06a786fe-75dc-42ee-9c91-47d2739f77fc,51086d20-5d3d-473d-9805-6ca404a614eb,1974-05-24,GB,available,matched,1,Diamond Dogs - 2016 Remaster,24812424,5136,2026-09-25,https://kworb.net/spotify/artist/0oSGxfWSnnOXhD2fKuz2Gy_songs.html,highest-streaming non-feature version for normalized composition title,matched,21,6,1,DIAMOND DOGS,https://www.officialcharts.com/artist/19138/david-bowie/,Official Singles Chart only
8,1974,Diamond Dogs,1,A3,3,Sweet Thing,218666,219,3:39,1970s,Art Rock|Contemporary Pop/Rock|Experimental Rock|Glam Rock|Hard Rock|Proto-Punk,6,album,https://www.allmusic.com/album/diamond-dogs-mw0000597759,0dc4835d-b21a-3612-bac6-ab1e782a1396,06a786fe-75dc-42ee-9c91-47d2739f77fc,0ff4c7c5-a384-4530-b07a-f53c0525fa0f,1974-05-24,GB,available,matched,1,Sweet Thing - 2016 Remaster,5850776,1535,2026-09-25,https://kworb.net/spotify/artist/0oSGxfWSnnOXhD2fKuz2Gy_songs.html,highest-streaming non-feature version for normalized composition title,unmatched,,,0,,https://www.officialcharts.com/artist/19138/david-bowie/,Official Singles Chart only
8,1974,Diamond Dogs,1,A4,4,Candidate,160093,160,2:40,1970s,Art Rock|Contemporary Pop/Rock|Experimental Rock|Glam Rock|Hard Rock|Proto-Punk,6,album,https://www.allmusic.com/album/diamond-dogs-mw0000597759,0dc4835d-b21a-3612-bac6-ab1e782a1396,06a786fe-75dc-42ee-9c91-47d2739f77fc,25da028f-b0a9-4a57-96ad-db69806e52bb,1974-05-24,GB,available,matched,1,Candidate - 2016 Remaster,3877225,918,2026-09-25,https://kworb.net/spotify/artist/0oSGxfWSnnOXhD2fKuz2Gy_songs.html,highest-streaming non-feature version for normalized composition title,unmatched,,,0,,https://www.officialcharts.com/artist/19138/david-bowie/,Official Singles Chart only
8,1974,Diamond Dogs,1,A5,5,Sweet Thing (reprise),152173,152,2:32,1970s,Art Rock|Contemporary Pop/Rock|Experimental Rock|Glam Rock|Hard Rock|Proto-Punk,6,album,https://www.allmusic.com/album/diamond-dogs-mw0000597759,0dc4835d-b21a-3612-bac6-ab1e782a1396,06a786fe-75dc-42ee-9c91-47d2739f77fc,e93d06be-e8d4-42e5-993a-65051aa1f7c6,1974-05-24,GB,available,matched,1,Sweet Thing - Reprise; 2016 Remaster,3375388,804,2026-09-25,https://kworb.net/spotify/artist/0oSGxfWSnnOXhD2fKuz2Gy_songs.html,highest-streaming non-feature version for normalized composition title,unmatched,,,0,,https://www.officialcharts.com/artist/19138/david-bowie/,Official Singles Chart only
8,1974,Diamond Dogs,1,A6,6,Rebel Rebel,273893,274,4:34,1970s,Art Rock|Contemporary Pop/Rock|Experimental Rock|Glam Rock|Hard Rock|Proto-Punk,6,album,https://www.allmusic.com/album/diamond-dogs-mw0000597759,0dc4835d-b21a-3612-bac6-ab1e782a1396,06a786fe-75dc-42ee-9c91-47d2739f77fc,11bd860a-4447-4140-813d-64834ae02ca8,1974-05-24,GB,available,matched,6,Rebel Rebel - 2016 Remaster,462516363,89319,2026-09-25,https://kworb.net/spotify/artist/0oSGxfWSnnOXhD2fKuz2Gy_songs.html,highest-streaming non-feature version for normalized composition title,matched,5,8,2,REBEL REBEL,https://www.officialcharts.com/artist/19138/david-bowie/,Official Singles Chart only
8,1974,Diamond Dogs,1,B1,7,Rock ’n’ Roll With Me,241840,242,4:02,1970s,Art Rock|Contemporary Pop/Rock|Experimental Rock|Glam Rock|Hard Rock|Proto-Punk,6,album,https://www.allmusic.com/album/diamond-dogs-mw0000597759,0dc4835d-b21a-3612-bac6-ab1e782a1396,06a786fe-75dc-42ee-9c91-47d2739f77fc,189f297b-98fc-4805-a5df-b9e161243ab3,1974-05-24,GB,available,matched,1,Rock 'n' Roll with Me - 2016 Remaster,5431956,2075,2026-09-25,https://kworb.net/spotify/artist/0oSGxfWSnnOXhD2fKuz2Gy_songs.html,highest-streaming non-feature version for normalized composition title,unmatched,,,0,,https://www.officialcharts.com/artist/19138/david-bowie/,Official Singles Chart only
8,1974,Diamond Dogs,1,B2,8,We Are the Dead,299226,299,4:59,1970s,Art Rock|Contemporary Pop/Rock|Experimental Rock|Glam Rock|Hard Rock|Proto-Punk,6,album,https://www.allmusic.com/album/diamond-dogs-mw0000597759,0dc4835d-b21a-3612-bac6-ab1e782a1396,06a786fe-75dc-42ee-9c91-47d2739f77fc,074bd83d-4cf6-465e-9e6e-2acc426a45c1,1974-05-24,GB,available,matched,1,We Are the Dead - 2016 Remaster,4446626,1102,2026-09-25,https://kworb.net/spotify/artist/0oSGxfWSnnOXhD2fKuz2Gy_songs.html,highest-streaming non-feature version for normalized composition title,unmatched,,,0,,https://www.officialcharts.com/artist/19138/david-bowie/,Official Singles Chart only
8,1974,Diamond Dogs,1,B3,9,1984,207373,207,3:27,1970s,Art Rock|Contemporary Pop/Rock|Experimental Rock|Glam Rock|Hard Rock|Proto-Punk,6,album,https://www.allmusic.com/album/diamond-dogs-mw0000597759,0dc4835d-b21a-3612-bac6-ab1e782a1396,06a786fe-75dc-42ee-9c91-47d2739f77fc,6b3e5418-c624-421c-a180-1ebb95a1936f,1974-05-24,GB,available,matched,2,1984 - 2016 Remaster,5797387,1367,2026-09-25,https://kworb.net/spotify/artist/0oSGxfWSnnOXhD2fKuz2Gy_songs.html,highest-streaming non-feature version for normalized composition title,unmatched,,,0,,https://www.officialcharts.com/artist/19138/david-bowie/,Official Singles Chart only
8,1974,Diamond Dogs,1,B4,10,Big Brother,200466,200,3:20,1970s,Art Rock|Contemporary Pop/Rock|Experimental Rock|Glam Rock|Hard Rock|Proto-Punk,6,album,https://www.allmusic.com/album/diamond-dogs-mw0000597759,0dc4835d-b21a-3612-bac6-ab1e782a1396,06a786fe-75dc-42ee-9c91-47d2739f77fc,f772fac4-abba-46c3-a680-ddbd91b5ac70,1974-05-24,GB,available,matched,1,Big Brother - 2016 Remaster,3718071,895,2026-09-25,https://kworb.net/spotify/artist/0oSGxfWSnnOXhD2fKuz2Gy_songs.html,highest-streaming non-feature version for normalized composition title,unmatched,,,0,,https://www.officialcharts.com/artist/19138/david-bowie/,Official Singles Chart only
8,1974,Diamond Dogs,1,B5,11,Chant of the Ever Circling Skeletal Family,123933,124,2:04,1970s,Art Rock|Contemporary Pop/Rock|Experimental Rock|Glam Rock|Hard Rock|Proto-Punk,6,album,https://www.allmusic.com/album/diamond-dogs-mw0000597759,0dc4835d-b21a-3612-bac6-ab1e782a1396,06a786fe-75dc-42ee-9c91-47d2739f77fc,57842def-1fbb-481e-9325-2ae46ba50d71,1974-05-24,GB,available,matched,1,Chant of the Ever Circling Skeletal Family - 2016 Remaster,2367163,527,2026-09-25,https://kworb.net/spotify/artist/0oSGxfWSnnOXhD2fKuz2Gy_songs.html,highest-streaming non-feature version for normalized composition title,unmatched,,,0,,https://www.officialcharts.com/artist/19138/david-bowie/,Official Singles Chart only
9,1975,Young Americans,1,A1,1,Young Americans,310826,311,5:11,1970s,Album Rock|Art Rock|Blue-Eyed Soul|Contemporary Pop/Rock|Experimental Rock|Dance-Rock,6,album,https://www.allmusic.com/album/young-americans-mw0000098919,8c2a0eae-1359-3577-9127-e3d862acc2a2,afe8516a-dc2e-42b0-9cc0-ff9c0f21c338,dbb7b213-782b-432c-9cd9-0081e73765e9,1975-03-07,GB,available,matched,1,Young Americans - 2016 Remaster,98504409,31374,2026-09-25,https://kworb.net/spotify/artist/0oSGxfWSnnOXhD2fKuz2Gy_songs.html,highest-streaming non-feature version for normalized composition title,matched,18,7,1,YOUNG AMERICANS,https://www.officialcharts.com/artist/19138/david-bowie/,Official Singles Chart only
9,1975,Young Americans,1,A2,2,Win,284666,285,4:45,1970s,Album Rock|Art Rock|Blue-Eyed Soul|Contemporary Pop/Rock|Experimental Rock|Dance-Rock,6,album,https://www.allmusic.com/album/young-americans-mw0000098919,8c2a0eae-1359-3577-9127-e3d862acc2a2,afe8516a-dc2e-42b0-9cc0-ff9c0f21c338,e3529c28-a50e-4870-832c-6b11943f1ddc,1975-03-07,GB,available,matched,1,Win - 2016 Remaster,8563850,4414,2026-09-25,https://kworb.net/spotify/artist/0oSGxfWSnnOXhD2fKuz2Gy_songs.html,highest-streaming non-feature version for normalized composition title,unmatched,,,0,,https://www.officialcharts.com/artist/19138/david-bowie/,Official Singles Chart only
9,1975,Young Americans,1,A3,3,Fascination,345506,346,5:46,1970s,Album Rock|Art Rock|Blue-Eyed Soul|Contemporary Pop/Rock|Experimental Rock|Dance-Rock,6,album,https://www.allmusic.com/album/young-americans-mw0000098919,8c2a0eae-1359-3577-9127-e3d862acc2a2,afe8516a-dc2e-42b0-9cc0-ff9c0f21c338,9d9f87c3-a08c-4594-a70e-a6b1c897841f,1975-03-07,GB,available,matched,1,Fascination - 2016 Remaster,6094342,1616,2026-09-25,https://kworb.net/spotify/artist/0oSGxfWSnnOXhD2fKuz2Gy_songs.html,highest-streaming non-feature version for normalized composition title,unmatched,,,0,,https://www.officialcharts.com/artist/19138/david-bowie/,Official Singles Chart only
9,1975,Young Americans,1,A4,4,Right,254826,255,4:15,1970s,Album Rock|Art Rock|Blue-Eyed Soul|Contemporary Pop/Rock|Experimental Rock|Dance-Rock,6,album,https://www.allmusic.com/album/young-americans-mw0000098919,8c2a0eae-1359-3577-9127-e3d862acc2a2,afe8516a-dc2e-42b0-9cc0-ff9c0f21c338,1bd4cc32-26a1-4d59-82c0-1adde11dc9f6,1975-03-07,GB,available,matched,1,Right - 2016 Remaster,14361826,4470,2026-09-25,https://kworb.net/spotify/artist/0oSGxfWSnnOXhD2fKuz2Gy_songs.html,highest-streaming non-feature version for normalized composition title,unmatched,,,0,,https://www.officialcharts.com/artist/19138/david-bowie/,Official Singles Chart only
9,1975,Young Americans,1,B1,5,Somebody Up There Likes Me,393533,394,6:34,1970s,Album Rock|Art Rock|Blue-Eyed Soul|Contemporary Pop/Rock|Experimental Rock|Dance-Rock,6,album,https://www.allmusic.com/album/young-americans-mw0000098919,8c2a0eae-1359-3577-9127-e3d862acc2a2,afe8516a-dc2e-42b0-9cc0-ff9c0f21c338,65e291fc-1bfa-4f06-a7e3-767b5951454b,1975-03-07,GB,available,matched,1,Somebody up There Likes Me - 2016 Remaster,9469488,2647,2026-09-25,https://kworb.net/spotify/artist/0oSGxfWSnnOXhD2fKuz2Gy_songs.html,highest-streaming non-feature version for normalized composition title,unmatched,,,0,,https://www.officialcharts.com/artist/19138/david-bowie/,Official Singles Chart only
9,1975,Young Americans,1,B2,6,Across the Universe,272040,272,4:32,1970s,Album Rock|Art Rock|Blue-Eyed Soul|Contemporary Pop/Rock|Experimental Rock|Dance-Rock,6,album,https://www.allmusic.com/album/young-americans-mw0000098919,8c2a0eae-1359-3577-9127-e3d862acc2a2,afe8516a-dc2e-42b0-9cc0-ff9c0f21c338,bd1f11a5-287a-4ff3-b4ed-2bc8855ca206,1975-03-07,GB,available,matched,1,Across the Universe - 2016 Remaster,5307849,1384,2026-09-25,https://kworb.net/spotify/artist/0oSGxfWSnnOXhD2fKuz2Gy_songs.html,highest-streaming non-feature version for normalized composition title,unmatched,,,0,,https://www.officialcharts.com/artist/19138/david-bowie/,Official Singles Chart only
9,1975,Young Americans,1,B3,7,Can You Hear Me,307026,307,5:07,1970s,Album Rock|Art Rock|Blue-Eyed Soul|Contemporary Pop/Rock|Experimental Rock|Dance-Rock,6,album,https://www.allmusic.com/album/young-americans-mw0000098919,8c2a0eae-1359-3577-9127-e3d862acc2a2,afe8516a-dc2e-42b0-9cc0-ff9c0f21c338,bb5714d3-bafe-497d-9bbf-1b47e7b06b0a,1975-03-07,GB,available,matched,1,Can You Hear Me - 2016 Remaster,4035627,947,2026-09-25,https://kworb.net/spotify/artist/0oSGxfWSnnOXhD2fKuz2Gy_songs.html,highest-streaming non-feature version for normalized composition title,unmatched,,,0,,https://www.officialcharts.com/artist/19138/david-bowie/,Official Singles Chart only
9,1975,Young Americans,1,B4,8,Fame,255574,256,4:16,1970s,Album Rock|Art Rock|Blue-Eyed Soul|Contemporary Pop/Rock|Experimental Rock|Dance-Rock,6,album,https://www.allmusic.com/album/young-americans-mw0000098919,8c2a0eae-1359-3577-9127-e3d862acc2a2,afe8516a-dc2e-42b0-9cc0-ff9c0f21c338,04c5d4a8-b6b7-4421-81ab-e5efb52d9197,1975-03-07,GB,available,matched,4,Fame - 2014 Remaster,118899281,54045,2026-09-25,https://kworb.net/spotify/artist/0oSGxfWSnnOXhD2fKuz2Gy_songs.html,highest-streaming non-feature version for normalized composition title,matched,17,8,1,FAME,https://www.officialcharts.com/artist/19138/david-bowie/,Official Singles Chart only
10,1976,Station to Station,1,A1,1,Station to Station,614360,614,10:14,1970s,Album Rock|Art Rock|Contemporary Pop/Rock|Experimental Rock|Blue-Eyed Soul|Dance-Rock|Proto-Punk,7,album,https://www.allmusic.com/album/station-to-station-mw0000098920,686cdbd1-b400-32d8-8cb8-9317a2e41a58,6cd16d0d-4269-4cd2-ac9a-067d746d5c94,c10aed72-5b0e-4c38-afdf-a838dcee5099,1976-01-23,GB,available,matched,2,Station to Station - 2016 Remaster,13356108,3969,2026-09-25,https://kworb.net/spotify/artist/0oSGxfWSnnOXhD2fKuz2Gy_songs.html,highest-streaming non-feature version for normalized composition title,unmatched,,,0,,https://www.officialcharts.com/artist/19138/david-bowie/,Official Singles Chart only
10,1976,Station to Station,1,A2,2,Golden Years,240600,241,4:01,1970s,Album Rock|Art Rock|Contemporary Pop/Rock|Experimental Rock|Blue-Eyed Soul|Dance-Rock|Proto-Punk,7,album,https://www.allmusic.com/album/station-to-station-mw0000098920,686cdbd1-b400-32d8-8cb8-9317a2e41a58,6cd16d0d-4269-4cd2-ac9a-067d746d5c94,b615c13e-e745-477e-8fba-1c22e7f11166,1976-01-23,GB,available,matched,3,Golden Years - 2016 Remaster,108803724,44103,2026-09-25,https://kworb.net/spotify/artist/0oSGxfWSnnOXhD2fKuz2Gy_songs.html,highest-streaming non-feature version for normalized composition title,matched,8,10,1,GOLDEN YEARS,https://www.officialcharts.com/artist/19138/david-bowie/,Official Singles Chart only
10,1976,Station to Station,1,A3,3,Word on a Wing,363866,364,6:04,1970s,Album Rock|Art Rock|Contemporary Pop/Rock|Experimental Rock|Blue-Eyed Soul|Dance-Rock|Proto-Punk,7,album,https://www.allmusic.com/album/station-to-station-mw0000098920,686cdbd1-b400-32d8-8cb8-9317a2e41a58,6cd16d0d-4269-4cd2-ac9a-067d746d5c94,2c4e7333-116e-4344-b94d-d1fbea45c9fc,1976-01-23,GB,available,matched,1,Word on a Wing - 2016 Remaster,7040608,2217,2026-09-25,https://kworb.net/spotify/artist/0oSGxfWSnnOXhD2fKuz2Gy_songs.html,highest-streaming non-feature version for normalized composition title,unmatched,,,0,,https://www.officialcharts.com/artist/19138/david-bowie/,Official Singles Chart only
10,1976,Station to Station,1,B1,4,TVC 15,333973,334,5:34,1970s,Album Rock|Art Rock|Contemporary Pop/Rock|Experimental Rock|Blue-Eyed Soul|Dance-Rock|Proto-Punk,7,album,https://www.allmusic.com/album/station-to-station-mw0000098920,686cdbd1-b400-32d8-8cb8-9317a2e41a58,6cd16d0d-4269-4cd2-ac9a-067d746d5c94,221f52a7-e4f4-42f1-9211-4240c9cee4c1,1976-01-23,GB,available,unmatched,0,,,,2026-09-25,https://kworb.net/spotify/artist/0oSGxfWSnnOXhD2fKuz2Gy_songs.html,,matched,33,4,1,TVC 15,https://www.officialcharts.com/artist/19138/david-bowie/,Official Singles Chart only
10,1976,Station to Station,1,B2,5,Stay,375493,375,6:15,1970s,Album Rock|Art Rock|Contemporary Pop/Rock|Experimental Rock|Blue-Eyed Soul|Dance-Rock|Proto-Punk,7,album,https://www.allmusic.com/album/station-to-station-mw0000098920,686cdbd1-b400-32d8-8cb8-9317a2e41a58,6cd16d0d-4269-4cd2-ac9a-067d746d5c94,81761085-6179-486d-a90f-a7e751a90511,1976-01-23,GB,available,matched,2,Stay - 2016 Remaster,8388075,2333,2026-09-25,https://kworb.net/spotify/artist/0oSGxfWSnnOXhD2fKuz2Gy_songs.html,highest-streaming non-feature version for normalized composition title,unmatched,,,0,,https://www.officialcharts.com/artist/19138/david-bowie/,Official Singles Chart only
10,1976,Station to Station,1,B3,6,Wild Is the Wind,360266,360,6:00,1970s,Album Rock|Art Rock|Contemporary Pop/Rock|Experimental Rock|Blue-Eyed Soul|Dance-Rock|Proto-Punk,7,album,https://www.allmusic.com/album/station-to-station-mw0000098920,686cdbd1-b400-32d8-8cb8-9317a2e41a58,6cd16d0d-4269-4cd2-ac9a-067d746d5c94,8f2d83cb-2734-42d6-9e82-adbd91964358,1976-01-23,GB,available,matched,2,Wild Is the Wind - 1999 Remaster,32381266,10428,2026-09-25,https://kworb.net/spotify/artist/0oSGxfWSnnOXhD2fKuz2Gy_songs.html,highest-streaming non-feature version for normalized composition title,matched,24,10,1,WILD IS THE WIND,https://www.officialcharts.com/artist/19138/david-bowie/,Official Singles Chart only
11,1977,Low,1,A1,1,Speed of Life,167160,167,2:47,1970s,Album Rock|Art Rock|Experimental Rock|Experimental|Alternative/Indie Rock|Dance-Rock|Proto-Punk|Contemporary Pop/Rock,8,album,https://www.allmusic.com/album/low-mw0000185800,f6a51281-56c4-3538-b915-65a9d4eb29b5,3669ceae-11bf-49ef-b8f2-b5724d24a6f9,9b5f6d26-ebf3-4db8-afeb-1084e3abab5e,1977-01-14,GB,available,matched,1,Speed of Life - 2017 Remaster,11932842,2159,2026-09-25,https://kworb.net/spotify/artist/0oSGxfWSnnOXhD2fKuz2Gy_songs.html,highest-streaming non-feature version for normalized composition title,unmatched,,,0,,https://www.officialcharts.com/artist/19138/david-bowie/,Official Singles Chart only
11,1977,Low,1,A2,2,Breaking Glass,112906,113,1:53,1970s,Album Rock|Art Rock|Experimental Rock|Experimental|Alternative/Indie Rock|Dance-Rock|Proto-Punk|Contemporary Pop/Rock,8,album,https://www.allmusic.com/album/low-mw0000185800,f6a51281-56c4-3538-b915-65a9d4eb29b5,3669ceae-11bf-49ef-b8f2-b5724d24a6f9,70819c76-2ccf-4dc8-ab01-452910cc5373,1977-01-14,GB,available,matched,2,Breaking Glass - 2017 Remaster,13840541,2476,2026-09-25,https://kworb.net/spotify/artist/0oSGxfWSnnOXhD2fKuz2Gy_songs.html,highest-streaming non-feature version for normalized composition title,unmatched,,,0,,https://www.officialcharts.com/artist/19138/david-bowie/,Official Singles Chart only
11,1977,Low,1,A3,3,What in the World,143093,143,2:23,1970s,Album Rock|Art Rock|Experimental Rock|Experimental|Alternative/Indie Rock|Dance-Rock|Proto-Punk|Contemporary Pop/Rock,8,album,https://www.allmusic.com/album/low-mw0000185800,f6a51281-56c4-3538-b915-65a9d4eb29b5,3669ceae-11bf-49ef-b8f2-b5724d24a6f9,3068b66c-023b-40e0-83b6-89b36f83bc08,1977-01-14,GB,available,matched,1,What in the World - 2017 Remaster,6412343,1410,2026-09-25,https://kworb.net/spotify/artist/0oSGxfWSnnOXhD2fKuz2Gy_songs.html,highest-streaming non-feature version for normalized composition title,unmatched,,,0,,https://www.officialcharts.com/artist/19138/david-bowie/,Official Singles Chart only
11,1977,Low,1,A4,4,Sound and Vision,183440,183,3:03,1970s,Album Rock|Art Rock|Experimental Rock|Experimental|Alternative/Indie Rock|Dance-Rock|Proto-Punk|Contemporary Pop/Rock,8,album,https://www.allmusic.com/album/low-mw0000185800,f6a51281-56c4-3538-b915-65a9d4eb29b5,3669ceae-11bf-49ef-b8f2-b5724d24a6f9,fbe83db0-f6ad-472d-8d8b-8baf44a08682,1977-01-14,GB,available,matched,2,Sound and Vision - 2014 Remaster,116577137,36207,2026-09-25,https://kworb.net/spotify/artist/0oSGxfWSnnOXhD2fKuz2Gy_songs.html,highest-streaming non-feature version for normalized composition title,matched,3,11,1,SOUND AND VISION,https://www.officialcharts.com/artist/19138/david-bowie/,Official Singles Chart only
11,1977,Low,1,A5,5,Always Crashing in the Same Car,213733,214,3:34,1970s,Album Rock|Art Rock|Experimental Rock|Experimental|Alternative/Indie Rock|Dance-Rock|Proto-Punk|Contemporary Pop/Rock,8,album,https://www.allmusic.com/album/low-mw0000185800,f6a51281-56c4-3538-b915-65a9d4eb29b5,3669ceae-11bf-49ef-b8f2-b5724d24a6f9,bd4ac39c-dd23-47af-b70b-efe2834868d1,1977-01-14,GB,available,matched,1,Always Crashing in the Same Car - 2017 Remaster,11349879,2356,2026-09-25,https://kworb.net/spotify/artist/0oSGxfWSnnOXhD2fKuz2Gy_songs.html,highest-streaming non-feature version for normalized composition title,unmatched,,,0,,https://www.officialcharts.com/artist/19138/david-bowie/,Official Singles Chart only
11,1977,Low,1,A6,6,Be My Wife,176626,177,2:57,1970s,Album Rock|Art Rock|Experimental Rock|Experimental|Alternative/Indie Rock|Dance-Rock|Proto-Punk|Contemporary Pop/Rock,8,album,https://www.allmusic.com/album/low-mw0000185800,f6a51281-56c4-3538-b915-65a9d4eb29b5,3669ceae-11bf-49ef-b8f2-b5724d24a6f9,0c78bc62-0085-4fe4-8f53-a835a6e6f6aa,1977-01-14,GB,available,matched,2,Be My Wife - 2017 Remaster,11061789,2002,2026-09-25,https://kworb.net/spotify/artist/0oSGxfWSnnOXhD2fKuz2Gy_songs.html,highest-streaming non-feature version for normalized composition title,unmatched,,,0,,https://www.officialcharts.com/artist/19138/david-bowie/,Official Singles Chart only
11,1977,Low,1,A7,7,A New Career in a New Town,173266,173,2:53,1970s,Album Rock|Art Rock|Experimental Rock|Experimental|Alternative/Indie Rock|Dance-Rock|Proto-Punk|Contemporary Pop/Rock,8,album,https://www.allmusic.com/album/low-mw0000185800,f6a51281-56c4-3538-b915-65a9d4eb29b5,3669ceae-11bf-49ef-b8f2-b5724d24a6f9,3fe7ad66-dd34-4fc9-97d1-6ed5cde381f8,1977-01-14,GB,available,matched,1,A New Career in a New Town - 2017 Remaster,9118987,1584,2026-09-25,https://kworb.net/spotify/artist/0oSGxfWSnnOXhD2fKuz2Gy_songs.html,highest-streaming non-feature version for normalized composition title,unmatched,,,0,,https://www.officialcharts.com/artist/19138/david-bowie/,Official Singles Chart only
11,1977,Low,1,B1,8,Warszawa,383666,384,6:24,1970s,Album Rock|Art Rock|Experimental Rock|Experimental|Alternative/Indie Rock|Dance-Rock|Proto-Punk|Contemporary Pop/Rock,8,album,https://www.allmusic.com/album/low-mw0000185800,f6a51281-56c4-3538-b915-65a9d4eb29b5,3669ceae-11bf-49ef-b8f2-b5724d24a6f9,d6530ded-ec07-4ce3-96a8-c670d81f54fe,1977-01-14,GB,available,matched,1,Warszawa - 2017 Remaster,9244250,1796,2026-09-25,https://kworb.net/spotify/artist/0oSGxfWSnnOXhD2fKuz2Gy_songs.html,highest-streaming non-feature version for normalized composition title,unmatched,,,0,,https://www.officialcharts.com/artist/19138/david-bowie/,Official Singles Chart only
11,1977,Low,1,B2,9,Art Decade,227173,227,3:47,1970s,Album Rock|Art Rock|Experimental Rock|Experimental|Alternative/Indie Rock|Dance-Rock|Proto-Punk|Contemporary Pop/Rock,8,album,https://www.allmusic.com/album/low-mw0000185800,f6a51281-56c4-3538-b915-65a9d4eb29b5,3669ceae-11bf-49ef-b8f2-b5724d24a6f9,302f583f-ba95-4981-ad9e-eae9ef4e308e,1977-01-14,GB,available,matched,1,Art Decade - 2017 Remaster,4538734,1009,2026-09-25,https://kworb.net/spotify/artist/0oSGxfWSnnOXhD2fKuz2Gy_songs.html,highest-streaming non-feature version for normalized composition title,unmatched,,,0,,https://www.officialcharts.com/artist/19138/david-bowie/,Official Singles Chart only
11,1977,Low,1,B3,10,Weeping Wall,208226,208,3:28,1970s,Album Rock|Art Rock|Experimental Rock|Experimental|Alternative/Indie Rock|Dance-Rock|Proto-Punk|Contemporary Pop/Rock,8,album,https://www.allmusic.com/album/low-mw0000185800,f6a51281-56c4-3538-b915-65a9d4eb29b5,3669ceae-11bf-49ef-b8f2-b5724d24a6f9,8a14146f-bff5-4ec9-a484-a7bd3bc35c90,1977-01-14,GB,available,matched,1,Weeping Wall - 2017 Remaster,5236256,856,2026-09-25,https://kworb.net/spotify/artist/0oSGxfWSnnOXhD2fKuz2Gy_songs.html,highest-streaming non-feature version for normalized composition title,unmatched,,,0,,https://www.officialcharts.com/artist/19138/david-bowie/,Official Singles Chart only
11,1977,Low,1,B4,11,Subterraneans,339306,339,5:39,1970s,Album Rock|Art Rock|Experimental Rock|Experimental|Alternative/Indie Rock|Dance-Rock|Proto-Punk|Contemporary Pop/Rock,8,album,https://www.allmusic.com/album/low-mw0000185800,f6a51281-56c4-3538-b915-65a9d4eb29b5,3669ceae-11bf-49ef-b8f2-b5724d24a6f9,ef8d1c3d-4412-4ed0-aa75-85235fac2fc5,1977-01-14,GB,available,matched,1,Subterraneans - 2017 Remaster,5042821,1425,2026-09-25,https://kworb.net/spotify/artist/0oSGxfWSnnOXhD2fKuz2Gy_songs.html,highest-streaming non-feature version for normalized composition title,unmatched,,,0,,https://www.officialcharts.com/artist/19138/david-bowie/,Official Singles Chart only
12,1977,Heroes,1,1,1,“Heroes”,370373,370,6:10,1970s,Art Rock|Album Rock|Experimental Rock|Contemporary Pop/Rock|Alternative/Indie Rock|Dance-Rock|Experimental|Proto-Punk,8,album,https://www.allmusic.com/album/heroes-mw0000098921,1f5ef8d3-10ca-30eb-b41e-85b16987d412,c9f24006-f0ee-4a3c-84ec-c148c7dd7038,722190f8-f718-482f-a8bc-a8d479426a30,1977,GB,available,matched,7,"""Heroes"" - 2017 Remaster",739816301,432791,2026-09-25,https://kworb.net/spotify/artist/0oSGxfWSnnOXhD2fKuz2Gy_songs.html,highest-streaming non-feature version for normalized composition title,matched,12,16,1,HEROES,https://www.officialcharts.com/artist/19138/david-bowie/,Official Singles Chart only
12,1977,Heroes,1,2,2,Blackout,229266,229,3:49,1970s,Art Rock|Album Rock|Experimental Rock|Contemporary Pop/Rock|Alternative/Indie Rock|Dance-Rock|Experimental|Proto-Punk,8,album,https://www.allmusic.com/album/heroes-mw0000098921,1f5ef8d3-10ca-30eb-b41e-85b16987d412,c9f24006-f0ee-4a3c-84ec-c148c7dd7038,0c3d0cd1-bb56-4449-b1a1-ac5c4695801f,1977,GB,available,matched,1,Blackout - 2017 Remaster,5234159,1747,2026-09-25,https://kworb.net/spotify/artist/0oSGxfWSnnOXhD2fKuz2Gy_songs.html,highest-streaming non-feature version for normalized composition title,unmatched,,,0,,https://www.officialcharts.com/artist/19138/david-bowie/,Official Singles Chart only
12,1977,Heroes,1,3,3,The Secret Life of Arabia,227200,227,3:47,1970s,Art Rock|Album Rock|Experimental Rock|Contemporary Pop/Rock|Alternative/Indie Rock|Dance-Rock|Experimental|Proto-Punk,8,album,https://www.allmusic.com/album/heroes-mw0000098921,1f5ef8d3-10ca-30eb-b41e-85b16987d412,c9f24006-f0ee-4a3c-84ec-c148c7dd7038,bd04833b-e811-491f-bfb1-c0b3ee6cc437,1977,GB,available,matched,1,The Secret Life of Arabia - 2017 Remaster,5072394,1190,2026-09-25,https://kworb.net/spotify/artist/0oSGxfWSnnOXhD2fKuz2Gy_songs.html,highest-streaming non-feature version for normalized composition title,unmatched,,,0,,https://www.officialcharts.com/artist/19138/david-bowie/,Official Singles Chart only
12,1977,Heroes,1,4,4,Sons of the Silent Age,199160,199,3:19,1970s,Art Rock|Album Rock|Experimental Rock|Contemporary Pop/Rock|Alternative/Indie Rock|Dance-Rock|Experimental|Proto-Punk,8,album,https://www.allmusic.com/album/heroes-mw0000098921,1f5ef8d3-10ca-30eb-b41e-85b16987d412,c9f24006-f0ee-4a3c-84ec-c148c7dd7038,9456c257-1284-4cbf-948a-a7c4f41c0fb2,1977,GB,available,matched,1,Sons of the Silent Age - 2017 Remaster,6080707,1815,2026-09-25,https://kworb.net/spotify/artist/0oSGxfWSnnOXhD2fKuz2Gy_songs.html,highest-streaming non-feature version for normalized composition title,unmatched,,,0,,https://www.officialcharts.com/artist/19138/david-bowie/,Official Singles Chart only
12,1977,Heroes,1,5,5,Joe the Lion,187360,187,3:07,1970s,Art Rock|Album Rock|Experimental Rock|Contemporary Pop/Rock|Alternative/Indie Rock|Dance-Rock|Experimental|Proto-Punk,8,album,https://www.allmusic.com/album/heroes-mw0000098921,1f5ef8d3-10ca-30eb-b41e-85b16987d412,c9f24006-f0ee-4a3c-84ec-c148c7dd7038,e3adcb5b-e457-4f43-801a-76222f723111,1977,GB,available,matched,1,Joe the Lion - 2017 Remaster,5115938,1546,2026-09-25,https://kworb.net/spotify/artist/0oSGxfWSnnOXhD2fKuz2Gy_songs.html,highest-streaming non-feature version for normalized composition title,unmatched,,,0,,https://www.officialcharts.com/artist/19138/david-bowie/,Official Singles Chart only
12,1977,Heroes,1,6,6,V‐2 Schneider,191133,191,3:11,1970s,Art Rock|Album Rock|Experimental Rock|Contemporary Pop/Rock|Alternative/Indie Rock|Dance-Rock|Experimental|Proto-Punk,8,album,https://www.allmusic.com/album/heroes-mw0000098921,1f5ef8d3-10ca-30eb-b41e-85b16987d412,c9f24006-f0ee-4a3c-84ec-c148c7dd7038,e3f9cfb6-ca47-4185-b8d8-dcccfafbae87,1977,GB,available,matched,1,V-2 Schneider - 2017 Remaster,5356651,1546,2026-09-25,https://kworb.net/spotify/artist/0oSGxfWSnnOXhD2fKuz2Gy_songs.html,highest-streaming non-feature version for normalized composition title,unmatched,,,0,,https://www.officialcharts.com/artist/19138/david-bowie/,Official Singles Chart only
12,1977,Heroes,1,7,7,Sense of Doubt,237573,238,3:58,1970s,Art Rock|Album Rock|Experimental Rock|Contemporary Pop/Rock|Alternative/Indie Rock|Dance-Rock|Experimental|Proto-Punk,8,album,https://www.allmusic.com/album/heroes-mw0000098921,1f5ef8d3-10ca-30eb-b41e-85b16987d412,c9f24006-f0ee-4a3c-84ec-c148c7dd7038,8405e7f1-dcaa-4058-9457-9dcf92250706,1977,GB,available,matched,2,Sense of Doubt - 2017 Remaster,2967776,1335,2026-09-25,https://kworb.net/spotify/artist/0oSGxfWSnnOXhD2fKuz2Gy_songs.html,highest-streaming non-feature version for normalized composition title,unmatched,,,0,,https://www.officialcharts.com/artist/19138/david-bowie/,Official Singles Chart only
12,1977,Heroes,1,8,8,Moss Garden,305026,305,5:05,1970s,Art Rock|Album Rock|Experimental Rock|Contemporary Pop/Rock|Alternative/Indie Rock|Dance-Rock|Experimental|Proto-Punk,8,album,https://www.allmusic.com/album/heroes-mw0000098921,1f5ef8d3-10ca-30eb-b41e-85b16987d412,c9f24006-f0ee-4a3c-84ec-c148c7dd7038,d8b81e82-abbc-4f99-910b-18de9ecc259e,1977,GB,available,matched,2,Moss Garden - 2017 Remaster,3433977,1339,2026-09-25,https://kworb.net/spotify/artist/0oSGxfWSnnOXhD2fKuz2Gy_songs.html,highest-streaming non-feature version for normalized composition title,unmatched,,,0,,https://www.officialcharts.com/artist/19138/david-bowie/,Official Singles Chart only
12,1977,Heroes,1,9,9,Neuköln,274600,275,4:35,1970s,Art Rock|Album Rock|Experimental Rock|Contemporary Pop/Rock|Alternative/Indie Rock|Dance-Rock|Experimental|Proto-Punk,8,album,https://www.allmusic.com/album/heroes-mw0000098921,1f5ef8d3-10ca-30eb-b41e-85b16987d412,c9f24006-f0ee-4a3c-84ec-c148c7dd7038,5094b040-946d-4e42-991e-3f02f3d92d02,1977,GB,available,unmatched,0,,,,2026-09-25,https://kworb.net/spotify/artist/0oSGxfWSnnOXhD2fKuz2Gy_songs.html,,unmatched,,,0,,https://www.officialcharts.com/artist/19138/david-bowie/,Official Singles Chart only
12,1977,Heroes,1,10,10,Beauty and the Beast,216466,216,3:36,1970s,Art Rock|Album Rock|Experimental Rock|Contemporary Pop/Rock|Alternative/Indie Rock|Dance-Rock|Experimental|Proto-Punk,8,album,https://www.allmusic.com/album/heroes-mw0000098921,1f5ef8d3-10ca-30eb-b41e-85b16987d412,c9f24006-f0ee-4a3c-84ec-c148c7dd7038,eddc8656-54cd-416c-b4aa-87502bb3ac22,1977,GB,available,matched,1,Beauty and the Beast - 2017 Remaster,9718588,2614,2026-09-25,https://kworb.net/spotify/artist/0oSGxfWSnnOXhD2fKuz2Gy_songs.html,highest-streaming non-feature version for normalized composition title,matched,39,3,1,BEAUTY AND THE BEAST,https://www.officialcharts.com/artist/19138/david-bowie/,Official Singles Chart only
13,1979,Lodger,1,A1,1,Fantastic Voyage,178866,179,2:59,1970s,Album Rock|Art Rock|Experimental Rock|Contemporary Pop/Rock|Alternative/Indie Rock|Dance-Rock|Proto-Punk,7,album,https://www.allmusic.com/album/lodger-mw0000251982,d6dd84a2-1a62-378c-b6c9-86a8b2211634,abcd7321-97a9-4d0a-93c8-b2067403d970,1faaacf4-f473-44a8-a1c8-6a3f6b757b66,1979-05-18,GB,available,matched,2,Fantastic Voyage - 2017 Remaster,6243662,1105,2026-09-25,https://kworb.net/spotify/artist/0oSGxfWSnnOXhD2fKuz2Gy_songs.html,highest-streaming non-feature version for normalized composition title,unmatched,,,0,,https://www.officialcharts.com/artist/19138/david-bowie/,Official Singles Chart only
13,1979,Lodger,1,A2,2,African Night Flight,178866,179,2:59,1970s,Album Rock|Art Rock|Experimental Rock|Contemporary Pop/Rock|Alternative/Indie Rock|Dance-Rock|Proto-Punk,7,album,https://www.allmusic.com/album/lodger-mw0000251982,d6dd84a2-1a62-378c-b6c9-86a8b2211634,abcd7321-97a9-4d0a-93c8-b2067403d970,27e36996-7b49-44fe-a4dd-24445ce34327,1979-05-18,GB,available,matched,1,African Night Flight - 2017 Remaster,1818242,445,2026-09-25,https://kworb.net/spotify/artist/0oSGxfWSnnOXhD2fKuz2Gy_songs.html,highest-streaming non-feature version for normalized composition title,unmatched,,,0,,https://www.officialcharts.com/artist/19138/david-bowie/,Official Singles Chart only
13,1979,Lodger,1,A3,3,Move On,201200,201,3:21,1970s,Album Rock|Art Rock|Experimental Rock|Contemporary Pop/Rock|Alternative/Indie Rock|Dance-Rock|Proto-Punk,7,album,https://www.allmusic.com/album/lodger-mw0000251982,d6dd84a2-1a62-378c-b6c9-86a8b2211634,abcd7321-97a9-4d0a-93c8-b2067403d970,291a3a46-bb50-4171-8a67-dbbe16bbf0d4,1979-05-18,GB,available,matched,1,Move On - 2017 Remaster,1747418,435,2026-09-25,https://kworb.net/spotify/artist/0oSGxfWSnnOXhD2fKuz2Gy_songs.html,highest-streaming non-feature version for normalized composition title,unmatched,,,0,,https://www.officialcharts.com/artist/19138/david-bowie/,Official Singles Chart only
13,1979,Lodger,1,A4,4,Yassassin (Turkish for: Long Live),253693,254,4:14,1970s,Album Rock|Art Rock|Experimental Rock|Contemporary Pop/Rock|Alternative/Indie Rock|Dance-Rock|Proto-Punk,7,album,https://www.allmusic.com/album/lodger-mw0000251982,d6dd84a2-1a62-378c-b6c9-86a8b2211634,abcd7321-97a9-4d0a-93c8-b2067403d970,24b18a48-2c67-42d6-a6fb-77f738eae642,1979-05-18,GB,available,matched,1,Yassassin - Turkish For: Long Live; 2017 Remaster,2038242,531,2026-09-25,https://kworb.net/spotify/artist/0oSGxfWSnnOXhD2fKuz2Gy_songs.html,highest-streaming non-feature version for normalized composition title,unmatched,,,0,,https://www.officialcharts.com/artist/19138/david-bowie/,Official Singles Chart only
13,1979,Lodger,1,A5,5,Red Sails,227506,228,3:48,1970s,Album Rock|Art Rock|Experimental Rock|Contemporary Pop/Rock|Alternative/Indie Rock|Dance-Rock|Proto-Punk,7,album,https://www.allmusic.com/album/lodger-mw0000251982,d6dd84a2-1a62-378c-b6c9-86a8b2211634,abcd7321-97a9-4d0a-93c8-b2067403d970,6e8318cb-def7-41c9-8cb8-11f61cfb4b38,1979-05-18,GB,available,matched,1,Red Sails - 2017 Remaster,1672073,411,2026-09-25,https://kworb.net/spotify/artist/0oSGxfWSnnOXhD2fKuz2Gy_songs.html,highest-streaming non-feature version for normalized composition title,unmatched,,,0,,https://www.officialcharts.com/artist/19138/david-bowie/,Official Singles Chart only
13,1979,Lodger,1,B1,6,D.J.,242360,242,4:02,1970s,Album Rock|Art Rock|Experimental Rock|Contemporary Pop/Rock|Alternative/Indie Rock|Dance-Rock|Proto-Punk,7,album,https://www.allmusic.com/album/lodger-mw0000251982,d6dd84a2-1a62-378c-b6c9-86a8b2211634,abcd7321-97a9-4d0a-93c8-b2067403d970,4a921376-6679-4e53-95fe-4e8944b68498,1979-05-18,GB,available,matched,2,D.J. - 2017 Remaster,4454194,1209,2026-09-25,https://kworb.net/spotify/artist/0oSGxfWSnnOXhD2fKuz2Gy_songs.html,highest-streaming non-feature version for normalized composition title,unmatched,,,0,,https://www.officialcharts.com/artist/19138/david-bowie/,Official Singles Chart only
13,1979,Lodger,1,B2,7,Look Back in Anger,190400,190,3:10,1970s,Album Rock|Art Rock|Experimental Rock|Contemporary Pop/Rock|Alternative/Indie Rock|Dance-Rock|Proto-Punk,7,album,https://www.allmusic.com/album/lodger-mw0000251982,d6dd84a2-1a62-378c-b6c9-86a8b2211634,abcd7321-97a9-4d0a-93c8-b2067403d970,dc375229-c810-4d7d-94f0-bbb160bf301f,1979-05-18,GB,available,matched,1,Look Back in Anger - 2017 Remaster,3208007,845,2026-09-25,https://kworb.net/spotify/artist/0oSGxfWSnnOXhD2fKuz2Gy_songs.html,highest-streaming non-feature version for normalized composition title,unmatched,,,0,,https://www.officialcharts.com/artist/19138/david-bowie/,Official Singles Chart only
13,1979,Lodger,1,B3,8,Boys Keep Swinging,199706,200,3:20,1970s,Album Rock|Art Rock|Experimental Rock|Contemporary Pop/Rock|Alternative/Indie Rock|Dance-Rock|Proto-Punk,7,album,https://www.allmusic.com/album/lodger-mw0000251982,d6dd84a2-1a62-378c-b6c9-86a8b2211634,abcd7321-97a9-4d0a-93c8-b2067403d970,9282d78c-a14c-4500-9edf-ac58346d6dae,1979-05-18,GB,available,matched,1,Boys Keep Swinging - 2014 Remaster,11249231,1447,2026-09-25,https://kworb.net/spotify/artist/0oSGxfWSnnOXhD2fKuz2Gy_songs.html,highest-streaming non-feature version for normalized composition title,matched,7,10,1,BOYS KEEP SWINGING,https://www.officialcharts.com/artist/19138/david-bowie/,Official Singles Chart only
13,1979,Lodger,1,B4,9,Repetition,181360,181,3:01,1970s,Album Rock|Art Rock|Experimental Rock|Contemporary Pop/Rock|Alternative/Indie Rock|Dance-Rock|Proto-Punk,7,album,https://www.allmusic.com/album/lodger-mw0000251982,d6dd84a2-1a62-378c-b6c9-86a8b2211634,abcd7321-97a9-4d0a-93c8-b2067403d970,838b6d65-ce9c-4d74-86ab-873e16b3b7f3,1979-05-18,GB,available,matched,1,Repetition - 2017 Remaster,1618522,312,2026-09-25,https://kworb.net/spotify/artist/0oSGxfWSnnOXhD2fKuz2Gy_songs.html,highest-streaming non-feature version for normalized composition title,unmatched,,,0,,https://www.officialcharts.com/artist/19138/david-bowie/,Official Singles Chart only
13,1979,Lodger,1,B5,10,Red Money,260240,260,4:20,1970s,Album Rock|Art Rock|Experimental Rock|Contemporary Pop/Rock|Alternative/Indie Rock|Dance-Rock|Proto-Punk,7,album,https://www.allmusic.com/album/lodger-mw0000251982,d6dd84a2-1a62-378c-b6c9-86a8b2211634,abcd7321-97a9-4d0a-93c8-b2067403d970,26d19373-953a-42cd-bc10-81874773eec1,1979-05-18,GB,available,matched,1,Red Money - 2017 Remaster,1228353,352,2026-09-25,https://kworb.net/spotify/artist/0oSGxfWSnnOXhD2fKuz2Gy_songs.html,highest-streaming non-feature version for normalized composition title,unmatched,,,0,,https://www.officialcharts.com/artist/19138/david-bowie/,Official Singles Chart only
14,1980,Scary Monsters,1,1,1,"It’s No Game, Part 1",260400,260,4:20,1980s,Album Rock|Contemporary Pop/Rock|Art Rock|Dance-Rock|Experimental Rock|Post-Punk|Alternative/Indie Rock|Proto-Punk,8,album,https://www.allmusic.com/album/scary-monsters-mw0000251983,bb13cb45-254c-3a61-89a5-15d22a97e6d6,104f475e-1761-4228-b9e4-ed46d086848a,0bd67722-79af-4a05-86fa-6b595018cb8d,1980-09-12,GB,available,unmatched,0,,,,2026-09-25,https://kworb.net/spotify/artist/0oSGxfWSnnOXhD2fKuz2Gy_songs.html,,unmatched,,,0,,https://www.officialcharts.com/artist/19138/david-bowie/,Official Singles Chart only
14,1980,Scary Monsters,1,2,2,Up the Hill Backwards,195133,195,3:15,1980s,Album Rock|Contemporary Pop/Rock|Art Rock|Dance-Rock|Experimental Rock|Post-Punk|Alternative/Indie Rock|Proto-Punk,8,album,https://www.allmusic.com/album/scary-monsters-mw0000251983,bb13cb45-254c-3a61-89a5-15d22a97e6d6,104f475e-1761-4228-b9e4-ed46d086848a,89490a53-4a29-4565-9f95-c94519c7e04e,1980-09-12,GB,available,matched,1,Up the Hill Backwards - 2017 Remaster,4940405,1241,2026-09-25,https://kworb.net/spotify/artist/0oSGxfWSnnOXhD2fKuz2Gy_songs.html,highest-streaming non-feature version for normalized composition title,matched,1,17,2,UP THE HILL BACKWARDS,https://www.officialcharts.com/artist/19138/david-bowie/,Official Singles Chart only
14,1980,Scary Monsters,1,3,3,Scary Monsters (and Super Creeps),312626,313,5:13,1980s,Album Rock|Contemporary Pop/Rock|Art Rock|Dance-Rock|Experimental Rock|Post-Punk|Alternative/Indie Rock|Proto-Punk,8,album,https://www.allmusic.com/album/scary-monsters-mw0000251983,bb13cb45-254c-3a61-89a5-15d22a97e6d6,104f475e-1761-4228-b9e4-ed46d086848a,03c8421a-8ed0-41da-b020-c3719810fba4,1980-09-12,GB,available,matched,2,Scary Monsters (And Super Creeps) - 2017 Remaster,25542848,6555,2026-09-25,https://kworb.net/spotify/artist/0oSGxfWSnnOXhD2fKuz2Gy_songs.html,highest-streaming non-feature version for normalized composition title,matched,20,6,1,SCARY MONSTERS (AND SUPER CREEPS),https://www.officialcharts.com/artist/19138/david-bowie/,Official Singles Chart only
14,1980,Scary Monsters,1,4,4,Ashes to Ashes,265066,265,4:25,1980s,Album Rock|Contemporary Pop/Rock|Art Rock|Dance-Rock|Experimental Rock|Post-Punk|Alternative/Indie Rock|Proto-Punk,8,album,https://www.allmusic.com/album/scary-monsters-mw0000251983,bb13cb45-254c-3a61-89a5-15d22a97e6d6,104f475e-1761-4228-b9e4-ed46d086848a,13d3bf6a-63ff-449f-873c-dcf279801d36,1980-09-12,GB,available,matched,4,Ashes to Ashes - 2017 Remaster,131624686,46928,2026-09-25,https://kworb.net/spotify/artist/0oSGxfWSnnOXhD2fKuz2Gy_songs.html,highest-streaming non-feature version for normalized composition title,matched,1,11,2,ASHES TO ASHES,https://www.officialcharts.com/artist/19138/david-bowie/,Official Singles Chart only
14,1980,Scary Monsters,1,5,5,Fashion,289200,289,4:49,1980s,Album Rock|Contemporary Pop/Rock|Art Rock|Dance-Rock|Experimental Rock|Post-Punk|Alternative/Indie Rock|Proto-Punk,8,album,https://www.allmusic.com/album/scary-monsters-mw0000251983,bb13cb45-254c-3a61-89a5-15d22a97e6d6,104f475e-1761-4228-b9e4-ed46d086848a,9540b917-921a-4edb-b952-6d68b4553267,1980-09-12,GB,available,matched,2,Fashion - 2017 Remaster,24894644,7254,2026-09-25,https://kworb.net/spotify/artist/0oSGxfWSnnOXhD2fKuz2Gy_songs.html,highest-streaming non-feature version for normalized composition title,matched,5,12,1,FASHION,https://www.officialcharts.com/artist/19138/david-bowie/,Official Singles Chart only
14,1980,Scary Monsters,1,6,6,Teenage Wildlife,416106,416,6:56,1980s,Album Rock|Contemporary Pop/Rock|Art Rock|Dance-Rock|Experimental Rock|Post-Punk|Alternative/Indie Rock|Proto-Punk,8,album,https://www.allmusic.com/album/scary-monsters-mw0000251983,bb13cb45-254c-3a61-89a5-15d22a97e6d6,104f475e-1761-4228-b9e4-ed46d086848a,8a9296af-591f-43df-8e04-8bb6c509aa35,1980-09-12,GB,available,matched,1,Teenage Wildlife - 2017 Remaster,7338359,2048,2026-09-25,https://kworb.net/spotify/artist/0oSGxfWSnnOXhD2fKuz2Gy_songs.html,highest-streaming non-feature version for normalized composition title,unmatched,,,0,,https://www.officialcharts.com/artist/19138/david-bowie/,Official Singles Chart only
14,1980,Scary Monsters,1,7,7,Scream Like a Baby,215693,216,3:36,1980s,Album Rock|Contemporary Pop/Rock|Art Rock|Dance-Rock|Experimental Rock|Post-Punk|Alternative/Indie Rock|Proto-Punk,8,album,https://www.allmusic.com/album/scary-monsters-mw0000251983,bb13cb45-254c-3a61-89a5-15d22a97e6d6,104f475e-1761-4228-b9e4-ed46d086848a,270f2038-d9ed-4b4b-b3b8-d1968a7801f9,1980-09-12,GB,available,matched,1,Scream Like a Baby - 2017 Remaster,2507668,685,2026-09-25,https://kworb.net/spotify/artist/0oSGxfWSnnOXhD2fKuz2Gy_songs.html,highest-streaming non-feature version for normalized composition title,unmatched,,,0,,https://www.officialcharts.com/artist/19138/david-bowie/,Official Singles Chart only
14,1980,Scary Monsters,1,8,8,Kingdom Come,225506,226,3:46,1980s,Album Rock|Contemporary Pop/Rock|Art Rock|Dance-Rock|Experimental Rock|Post-Punk|Alternative/Indie Rock|Proto-Punk,8,album,https://www.allmusic.com/album/scary-monsters-mw0000251983,bb13cb45-254c-3a61-89a5-15d22a97e6d6,104f475e-1761-4228-b9e4-ed46d086848a,3e8a0c16-ab57-44a3-87cf-aac6686d8301,1980-09-12,GB,available,matched,1,Kingdom Come - 2017 Remaster,2385617,725,2026-09-25,https://kworb.net/spotify/artist/0oSGxfWSnnOXhD2fKuz2Gy_songs.html,highest-streaming non-feature version for normalized composition title,unmatched,,,0,,https://www.officialcharts.com/artist/19138/david-bowie/,Official Singles Chart only
14,1980,Scary Monsters,1,9,9,Because You’re Young,294333,294,4:54,1980s,Album Rock|Contemporary Pop/Rock|Art Rock|Dance-Rock|Experimental Rock|Post-Punk|Alternative/Indie Rock|Proto-Punk,8,album,https://www.allmusic.com/album/scary-monsters-mw0000251983,bb13cb45-254c-3a61-89a5-15d22a97e6d6,104f475e-1761-4228-b9e4-ed46d086848a,3fca1203-a1b1-476c-a178-a0fbddf59bae,1980-09-12,GB,available,matched,1,Because You're Young - 2017 Remaster,2528523,701,2026-09-25,https://kworb.net/spotify/artist/0oSGxfWSnnOXhD2fKuz2Gy_songs.html,highest-streaming non-feature version for normalized composition title,unmatched,,,0,,https://www.officialcharts.com/artist/19138/david-bowie/,Official Singles Chart only
14,1980,Scary Monsters,1,10,10,"It’s No Game, Part 2",264626,265,4:25,1980s,Album Rock|Contemporary Pop/Rock|Art Rock|Dance-Rock|Experimental Rock|Post-Punk|Alternative/Indie Rock|Proto-Punk,8,album,https://www.allmusic.com/album/scary-monsters-mw0000251983,bb13cb45-254c-3a61-89a5-15d22a97e6d6,104f475e-1761-4228-b9e4-ed46d086848a,1de93833-43c7-4867-9543-92b7d2234b8f,1980-09-12,GB,available,unmatched,0,,,,2026-09-25,https://kworb.net/spotify/artist/0oSGxfWSnnOXhD2fKuz2Gy_songs.html,,unmatched,,,0,,https://www.officialcharts.com/artist/19138/david-bowie/,Official Singles Chart only
15,1983,Let's Dance,1,A1,1,Modern Love,288466,288,4:48,1980s,Art Rock|Contemporary Pop/Rock|New Wave|Album Rock|Dance-Rock|Blue-Eyed Soul,6,album,https://www.allmusic.com/album/lets-dance-mw0000649915,75c2bddf-1799-3eda-b6b3-a0cf5189d8ed,43bd9895-fdcd-401a-b281-c7ed86467698,f59e5f40-2467-450e-9936-0b55776ab212,1983-04-14,GB,available,matched,4,Modern Love - 2018 Remaster,283010380,168425,2026-09-25,https://kworb.net/spotify/artist/0oSGxfWSnnOXhD2fKuz2Gy_songs.html,highest-streaming non-feature version for normalized composition title,matched,2,8,1,MODERN LOVE,https://www.officialcharts.com/artist/19138/david-bowie/,Official Singles Chart only
15,1983,Let's Dance,1,A2,2,China Girl,333266,333,5:33,1980s,Art Rock|Contemporary Pop/Rock|New Wave|Album Rock|Dance-Rock|Blue-Eyed Soul,6,album,https://www.allmusic.com/album/lets-dance-mw0000649915,75c2bddf-1799-3eda-b6b3-a0cf5189d8ed,43bd9895-fdcd-401a-b281-c7ed86467698,3d69e1be-311c-406f-b654-e7770aed1f73,1983-04-14,GB,available,matched,6,China Girl - 2018 Remaster,92378824,47315,2026-09-25,https://kworb.net/spotify/artist/0oSGxfWSnnOXhD2fKuz2Gy_songs.html,highest-streaming non-feature version for normalized composition title,matched,2,9,2,CHINA GIRL,https://www.officialcharts.com/artist/19138/david-bowie/,Official Singles Chart only
15,1983,Let's Dance,1,A3,3,Let’s Dance,457133,457,7:37,1980s,Art Rock|Contemporary Pop/Rock|New Wave|Album Rock|Dance-Rock|Blue-Eyed Soul,6,album,https://www.allmusic.com/album/lets-dance-mw0000649915,75c2bddf-1799-3eda-b6b3-a0cf5189d8ed,43bd9895-fdcd-401a-b281-c7ed86467698,c7ffdbaf-cda4-41a6-a175-b289f3e8596a,1983-04-14,GB,available,matched,4,Let's Dance - 2018 Remaster,403426342,160670,2026-09-25,https://kworb.net/spotify/artist/0oSGxfWSnnOXhD2fKuz2Gy_songs.html,highest-streaming non-feature version for normalized composition title,matched,1,18,1,LET'S DANCE,https://www.officialcharts.com/artist/19138/david-bowie/,Official Singles Chart only
15,1983,Let's Dance,1,A4,4,Without You,190160,190,3:10,1980s,Art Rock|Contemporary Pop/Rock|New Wave|Album Rock|Dance-Rock|Blue-Eyed Soul,6,album,https://www.allmusic.com/album/lets-dance-mw0000649915,75c2bddf-1799-3eda-b6b3-a0cf5189d8ed,43bd9895-fdcd-401a-b281-c7ed86467698,a0ff2a65-6757-4cc7-9d6b-9307eb303c10,1983-04-14,GB,available,matched,1,Without You - 2018 Remaster,6705905,1432,2026-09-25,https://kworb.net/spotify/artist/0oSGxfWSnnOXhD2fKuz2Gy_songs.html,highest-streaming non-feature version for normalized composition title,unmatched,,,0,,https://www.officialcharts.com/artist/19138/david-bowie/,Official Singles Chart only
15,1983,Let's Dance,1,B1,5,Ricochet,313506,314,5:14,1980s,Art Rock|Contemporary Pop/Rock|New Wave|Album Rock|Dance-Rock|Blue-Eyed Soul,6,album,https://www.allmusic.com/album/lets-dance-mw0000649915,75c2bddf-1799-3eda-b6b3-a0cf5189d8ed,43bd9895-fdcd-401a-b281-c7ed86467698,5c527799-cd23-4f28-a6cb-264ae364bc48,1983-04-14,GB,available,matched,1,Ricochet - 2018 Remaster,5174533,1184,2026-09-25,https://kworb.net/spotify/artist/0oSGxfWSnnOXhD2fKuz2Gy_songs.html,highest-streaming non-feature version for normalized composition title,unmatched,,,0,,https://www.officialcharts.com/artist/19138/david-bowie/,Official Singles Chart only
15,1983,Let's Dance,1,B2,6,Criminal World,264800,265,4:25,1980s,Art Rock|Contemporary Pop/Rock|New Wave|Album Rock|Dance-Rock|Blue-Eyed Soul,6,album,https://www.allmusic.com/album/lets-dance-mw0000649915,75c2bddf-1799-3eda-b6b3-a0cf5189d8ed,43bd9895-fdcd-401a-b281-c7ed86467698,692284cd-40cb-4e57-b4bc-d5a5710f7fe7,1983-04-14,GB,available,matched,1,Criminal World - 2018 Remaster,7886883,2564,2026-09-25,https://kworb.net/spotify/artist/0oSGxfWSnnOXhD2fKuz2Gy_songs.html,highest-streaming non-feature version for normalized composition title,unmatched,,,0,,https://www.officialcharts.com/artist/19138/david-bowie/,Official Singles Chart only
15,1983,Let's Dance,1,B3,7,Cat People (Putting Out Fire),309693,310,5:10,1980s,Art Rock|Contemporary Pop/Rock|New Wave|Album Rock|Dance-Rock|Blue-Eyed Soul,6,album,https://www.allmusic.com/album/lets-dance-mw0000649915,75c2bddf-1799-3eda-b6b3-a0cf5189d8ed,43bd9895-fdcd-401a-b281-c7ed86467698,b2e9bc9d-0363-442a-833d-f1ba6e93ab3f,1983-04-14,GB,available,matched,3,Cat People (Putting out Fire) - 2007 Remaster,26975146,805,2026-09-25,https://kworb.net/spotify/artist/0oSGxfWSnnOXhD2fKuz2Gy_songs.html,highest-streaming non-feature version for normalized composition title,matched,3,16,2,CAT PEOPLE (PUTTING OUT FIRE),https://www.officialcharts.com/artist/19138/david-bowie/,Official Singles Chart only
15,1983,Let's Dance,1,B4,8,Shake It,231800,232,3:52,1980s,Art Rock|Contemporary Pop/Rock|New Wave|Album Rock|Dance-Rock|Blue-Eyed Soul,6,album,https://www.allmusic.com/album/lets-dance-mw0000649915,75c2bddf-1799-3eda-b6b3-a0cf5189d8ed,43bd9895-fdcd-401a-b281-c7ed86467698,85fb7b10-0fa5-46f8-8a90-0289266f777a,1983-04-14,GB,available,matched,1,Shake It - 2018 Remaster,5522487,1261,2026-09-25,https://kworb.net/spotify/artist/0oSGxfWSnnOXhD2fKuz2Gy_songs.html,highest-streaming non-feature version for normalized composition title,unmatched,,,0,,https://www.officialcharts.com/artist/19138/david-bowie/,Official Singles Chart only
16,1984,Tonight,1,1,1,Loving the Alien,431000,431,7:11,1980s,Contemporary Pop/Rock|Blue-Eyed Soul|Dance-Rock|Dance-Pop|Sophisti-Pop,5,album,https://www.allmusic.com/album/tonight-mw0000189205,2d0af79a-cb12-32e3-9cae-21696b910d53,0ef585d7-049a-4967-be97-e58b7be08f9b,83051ebb-c423-43b6-9fca-75613d1c9d7d,1984-09-01,GB,available,matched,3,Loving The Alien - 2018 Remaster,8012375,2012,2026-09-25,https://kworb.net/spotify/artist/0oSGxfWSnnOXhD2fKuz2Gy_songs.html,highest-streaming non-feature version for normalized composition title,matched,1,24,2,LOVING THE ALIEN,https://www.officialcharts.com/artist/19138/david-bowie/,Official Singles Chart only
16,1984,Tonight,1,2,2,Don’t Look Down,251933,252,4:12,1980s,Contemporary Pop/Rock|Blue-Eyed Soul|Dance-Rock|Dance-Pop|Sophisti-Pop,5,album,https://www.allmusic.com/album/tonight-mw0000189205,2d0af79a-cb12-32e3-9cae-21696b910d53,0ef585d7-049a-4967-be97-e58b7be08f9b,e259b431-e745-49f5-82c8-766c89b064ea,1984-09-01,GB,available,matched,1,Don't Look Down - 2018 Remaster,1288188,407,2026-09-25,https://kworb.net/spotify/artist/0oSGxfWSnnOXhD2fKuz2Gy_songs.html,highest-streaming non-feature version for normalized composition title,unmatched,,,0,,https://www.officialcharts.com/artist/19138/david-bowie/,Official Singles Chart only
16,1984,Tonight,1,3,3,God Only Knows,188773,189,3:09,1980s,Contemporary Pop/Rock|Blue-Eyed Soul|Dance-Rock|Dance-Pop|Sophisti-Pop,5,album,https://www.allmusic.com/album/tonight-mw0000189205,2d0af79a-cb12-32e3-9cae-21696b910d53,0ef585d7-049a-4967-be97-e58b7be08f9b,4baa046e-c1d1-4682-8a6f-69f33de8753c,1984-09-01,GB,available,matched,1,God Only Knows - 2018 Remaster,1909165,622,2026-09-25,https://kworb.net/spotify/artist/0oSGxfWSnnOXhD2fKuz2Gy_songs.html,highest-streaming non-feature version for normalized composition title,unmatched,,,0,,https://www.officialcharts.com/artist/19138/david-bowie/,Official Singles Chart only
16,1984,Tonight,1,4,4,Tonight,226893,227,3:47,1980s,Contemporary Pop/Rock|Blue-Eyed Soul|Dance-Rock|Dance-Pop|Sophisti-Pop,5,album,https://www.allmusic.com/album/tonight-mw0000189205,2d0af79a-cb12-32e3-9cae-21696b910d53,0ef585d7-049a-4967-be97-e58b7be08f9b,4e197fb9-60bb-4ae6-aa30-3bb2bd64afbc,1984-09-01,GB,available,matched,1,Tonight - 2018 Remaster,8852921,1964,2026-09-25,https://kworb.net/spotify/artist/0oSGxfWSnnOXhD2fKuz2Gy_songs.html,highest-streaming non-feature version for normalized composition title,matched,14,13,2,TONIGHT,https://www.officialcharts.com/artist/19138/david-bowie/,Official Singles Chart only
16,1984,Tonight,1,5,5,Neighborhood Threat,192933,193,3:13,1980s,Contemporary Pop/Rock|Blue-Eyed Soul|Dance-Rock|Dance-Pop|Sophisti-Pop,5,album,https://www.allmusic.com/album/tonight-mw0000189205,2d0af79a-cb12-32e3-9cae-21696b910d53,0ef585d7-049a-4967-be97-e58b7be08f9b,e0dcd69f-a7cb-41b0-b620-ac717a8c0547,1984-09-01,GB,available,matched,1,Neighborhood Threat - 2018 Remaster,937959,267,2026-09-25,https://kworb.net/spotify/artist/0oSGxfWSnnOXhD2fKuz2Gy_songs.html,highest-streaming non-feature version for normalized composition title,unmatched,,,0,,https://www.officialcharts.com/artist/19138/david-bowie/,Official Singles Chart only
16,1984,Tonight,1,6,6,Blue Jean,191866,192,3:12,1980s,Contemporary Pop/Rock|Blue-Eyed Soul|Dance-Rock|Dance-Pop|Sophisti-Pop,5,album,https://www.allmusic.com/album/tonight-mw0000189205,2d0af79a-cb12-32e3-9cae-21696b910d53,0ef585d7-049a-4967-be97-e58b7be08f9b,ef2d05cf-062b-49a1-85db-1f12868ad724,1984-09-01,GB,available,matched,1,Blue Jean - 2014 Remaster,27968871,8401,2026-09-25,https://kworb.net/spotify/artist/0oSGxfWSnnOXhD2fKuz2Gy_songs.html,highest-streaming non-feature version for normalized composition title,matched,6,9,1,BLUE JEAN,https://www.officialcharts.com/artist/19138/david-bowie/,Official Singles Chart only
16,1984,Tonight,1,7,7,Tumble and Twirl,298800,299,4:59,1980s,Contemporary Pop/Rock|Blue-Eyed Soul|Dance-Rock|Dance-Pop|Sophisti-Pop,5,album,https://www.allmusic.com/album/tonight-mw0000189205,2d0af79a-cb12-32e3-9cae-21696b910d53,0ef585d7-049a-4967-be97-e58b7be08f9b,2b135a9f-8e9f-46c2-9627-39c9e8ea08de,1984-09-01,GB,available,matched,1,Tumble and Twirl - 2018 Remaster,831567,222,2026-09-25,https://kworb.net/spotify/artist/0oSGxfWSnnOXhD2fKuz2Gy_songs.html,highest-streaming non-feature version for normalized composition title,unmatched,,,0,,https://www.officialcharts.com/artist/19138/david-bowie/,Official Singles Chart only
16,1984,Tonight,1,8,8,I Keep Forgettin’,155333,155,2:35,1980s,Contemporary Pop/Rock|Blue-Eyed Soul|Dance-Rock|Dance-Pop|Sophisti-Pop,5,album,https://www.allmusic.com/album/tonight-mw0000189205,2d0af79a-cb12-32e3-9cae-21696b910d53,0ef585d7-049a-4967-be97-e58b7be08f9b,c039d125-4a32-4fb7-be9b-9648b0aef02f,1984-09-01,GB,available,matched,1,I Keep Forgettin' - 2018 Remaster,882711,239,2026-09-25,https://kworb.net/spotify/artist/0oSGxfWSnnOXhD2fKuz2Gy_songs.html,highest-streaming non-feature version for normalized composition title,unmatched,,,0,,https://www.officialcharts.com/artist/19138/david-bowie/,Official Singles Chart only
16,1984,Tonight,1,9,9,Dancing With the Big Boys,215133,215,3:35,1980s,Contemporary Pop/Rock|Blue-Eyed Soul|Dance-Rock|Dance-Pop|Sophisti-Pop,5,album,https://www.allmusic.com/album/tonight-mw0000189205,2d0af79a-cb12-32e3-9cae-21696b910d53,0ef585d7-049a-4967-be97-e58b7be08f9b,c3db5cd3-398d-436c-a093-1003a4097897,1984-09-01,GB,available,matched,1,Dancing with the Big Boys - 2018 Remaster,768998,196,2026-09-25,https://kworb.net/spotify/artist/0oSGxfWSnnOXhD2fKuz2Gy_songs.html,highest-streaming non-feature version for normalized composition title,unmatched,,,0,,https://www.officialcharts.com/artist/19138/david-bowie/,Official Singles Chart only
17,1987,Never Let Me Down,1,A1,1,Day‐In Day‐Out,278000,278,4:38,1980s,Art Rock|Contemporary Pop/Rock|Experimental Rock|Dance-Rock|Album Rock,5,album,https://www.allmusic.com/album/never-let-me-down-mw0000189321,28f8a0f8-0eb9-35a2-b6cd-d5be21e4428c,015bea18-1805-41ab-aa34-945ba5f08ec1,0b5f4ff7-d875-4056-b8ec-dd2b83545ff7,1987,XE,available,matched,2,Day-In Day-Out - 2018 Remaster,1406883,279,2026-09-25,https://kworb.net/spotify/artist/0oSGxfWSnnOXhD2fKuz2Gy_songs.html,highest-streaming non-feature version for normalized composition title,matched,17,6,1,DAY-IN DAY-OUT,https://www.officialcharts.com/artist/19138/david-bowie/,Official Singles Chart only
17,1987,Never Let Me Down,1,A2,2,Time Will Crawl,258133,258,4:18,1980s,Art Rock|Contemporary Pop/Rock|Experimental Rock|Dance-Rock|Album Rock,5,album,https://www.allmusic.com/album/never-let-me-down-mw0000189321,28f8a0f8-0eb9-35a2-b6cd-d5be21e4428c,015bea18-1805-41ab-aa34-945ba5f08ec1,c36dccd9-508c-4111-992f-da1430f39203,1987,XE,available,matched,1,Time Will Crawl - 2018 Remaster,2353442,625,2026-09-25,https://kworb.net/spotify/artist/0oSGxfWSnnOXhD2fKuz2Gy_songs.html,highest-streaming non-feature version for normalized composition title,matched,33,4,1,TIME WILL CRAWL,https://www.officialcharts.com/artist/19138/david-bowie/,Official Singles Chart only
17,1987,Never Let Me Down,1,A3,3,Beat of Your Drum,272000,272,4:32,1980s,Art Rock|Contemporary Pop/Rock|Experimental Rock|Dance-Rock|Album Rock,5,album,https://www.allmusic.com/album/never-let-me-down-mw0000189321,28f8a0f8-0eb9-35a2-b6cd-d5be21e4428c,015bea18-1805-41ab-aa34-945ba5f08ec1,08a510a5-f2a4-4623-848a-64f6c9916755,1987,XE,available,unmatched,0,,,,2026-09-25,https://kworb.net/spotify/artist/0oSGxfWSnnOXhD2fKuz2Gy_songs.html,,unmatched,,,0,,https://www.officialcharts.com/artist/19138/david-bowie/,Official Singles Chart only
17,1987,Never Let Me Down,1,A4,4,Never Let Me Down,243000,243,4:03,1980s,Art Rock|Contemporary Pop/Rock|Experimental Rock|Dance-Rock|Album Rock,5,album,https://www.allmusic.com/album/never-let-me-down-mw0000189321,28f8a0f8-0eb9-35a2-b6cd-d5be21e4428c,015bea18-1805-41ab-aa34-945ba5f08ec1,661a31cb-6aea-42dd-8206-9d67c32bbc47,1987,XE,available,matched,1,Never Let Me Down - 2018 Remaster,1733950,451,2026-09-25,https://kworb.net/spotify/artist/0oSGxfWSnnOXhD2fKuz2Gy_songs.html,highest-streaming non-feature version for normalized composition title,matched,34,6,1,NEVER LET ME DOWN,https://www.officialcharts.com/artist/19138/david-bowie/,Official Singles Chart only
17,1987,Never Let Me Down,1,A5,5,Zeroes,346000,346,5:46,1980s,Art Rock|Contemporary Pop/Rock|Experimental Rock|Dance-Rock|Album Rock,5,album,https://www.allmusic.com/album/never-let-me-down-mw0000189321,28f8a0f8-0eb9-35a2-b6cd-d5be21e4428c,015bea18-1805-41ab-aa34-945ba5f08ec1,2b6fcec3-859a-460b-8ca4-081406794ffa,1987,XE,available,unmatched,0,,,,2026-09-25,https://kworb.net/spotify/artist/0oSGxfWSnnOXhD2fKuz2Gy_songs.html,,unmatched,,,0,,https://www.officialcharts.com/artist/19138/david-bowie/,Official Singles Chart only
17,1987,Never Let Me Down,1,B1,6,Glass Spider,296000,296,4:56,1980s,Art Rock|Contemporary Pop/Rock|Experimental Rock|Dance-Rock|Album Rock,5,album,https://www.allmusic.com/album/never-let-me-down-mw0000189321,28f8a0f8-0eb9-35a2-b6cd-d5be21e4428c,015bea18-1805-41ab-aa34-945ba5f08ec1,e4ca0a33-da1d-45ee-8774-8f4f01537c40,1987,XE,available,unmatched,0,,,,2026-09-25,https://kworb.net/spotify/artist/0oSGxfWSnnOXhD2fKuz2Gy_songs.html,,unmatched,,,0,,https://www.officialcharts.com/artist/19138/david-bowie/,Official Singles Chart only
17,1987,Never Let Me Down,1,B2,7,Shining Star (Makin’ My Love),245000,245,4:05,1980s,Art Rock|Contemporary Pop/Rock|Experimental Rock|Dance-Rock|Album Rock,5,album,https://www.allmusic.com/album/never-let-me-down-mw0000189321,28f8a0f8-0eb9-35a2-b6cd-d5be21e4428c,015bea18-1805-41ab-aa34-945ba5f08ec1,653ef299-e64d-4db8-be1d-f141d822f87f,1987,XE,available,unmatched,0,,,,2026-09-25,https://kworb.net/spotify/artist/0oSGxfWSnnOXhD2fKuz2Gy_songs.html,,unmatched,,,0,,https://www.officialcharts.com/artist/19138/david-bowie/,Official Singles Chart only
17,1987,Never Let Me Down,1,B3,8,New York’s in Love,235000,235,3:55,1980s,Art Rock|Contemporary Pop/Rock|Experimental Rock|Dance-Rock|Album Rock,5,album,https://www.allmusic.com/album/never-let-me-down-mw0000189321,28f8a0f8-0eb9-35a2-b6cd-d5be21e4428c,015bea18-1805-41ab-aa34-945ba5f08ec1,1ad0001c-a358-4e8b-a302-04f8fb8c4f1b,1987,XE,available,unmatched,0,,,,2026-09-25,https://kworb.net/spotify/artist/0oSGxfWSnnOXhD2fKuz2Gy_songs.html,,unmatched,,,0,,https://www.officialcharts.com/artist/19138/david-bowie/,Official Singles Chart only
17,1987,Never Let Me Down,1,B4,9,’87 and Cry,233000,233,3:53,1980s,Art Rock|Contemporary Pop/Rock|Experimental Rock|Dance-Rock|Album Rock,5,album,https://www.allmusic.com/album/never-let-me-down-mw0000189321,28f8a0f8-0eb9-35a2-b6cd-d5be21e4428c,015bea18-1805-41ab-aa34-945ba5f08ec1,28245879-46f5-466f-87e2-67ab67dda61b,1987,XE,available,unmatched,0,,,,2026-09-25,https://kworb.net/spotify/artist/0oSGxfWSnnOXhD2fKuz2Gy_songs.html,,unmatched,,,0,,https://www.officialcharts.com/artist/19138/david-bowie/,Official Singles Chart only
17,1987,Never Let Me Down,1,B5,10,Too Dizzy,238000,238,3:58,1980s,Art Rock|Contemporary Pop/Rock|Experimental Rock|Dance-Rock|Album Rock,5,album,https://www.allmusic.com/album/never-let-me-down-mw0000189321,28f8a0f8-0eb9-35a2-b6cd-d5be21e4428c,015bea18-1805-41ab-aa34-945ba5f08ec1,087d4fcf-c892-4c75-a811-4ad2c8e01acd,1987,XE,available,unmatched,0,,,,2026-09-25,https://kworb.net/spotify/artist/0oSGxfWSnnOXhD2fKuz2Gy_songs.html,,unmatched,,,0,,https://www.officialcharts.com/artist/19138/david-bowie/,Official Singles Chart only
17,1987,Never Let Me Down,1,B6,11,Bang Bang,242000,242,4:02,1980s,Art Rock|Contemporary Pop/Rock|Experimental Rock|Dance-Rock|Album Rock,5,album,https://www.allmusic.com/album/never-let-me-down-mw0000189321,28f8a0f8-0eb9-35a2-b6cd-d5be21e4428c,015bea18-1805-41ab-aa34-945ba5f08ec1,3fd9a728-121a-448a-867c-5461a3a6cc13,1987,XE,available,unmatched,0,,,,2026-09-25,https://kworb.net/spotify/artist/0oSGxfWSnnOXhD2fKuz2Gy_songs.html,,unmatched,,,0,,https://www.officialcharts.com/artist/19138/david-bowie/,Official Singles Chart only
18,1993,Black Tie White Noise,1,1,1,The Wedding,304400,304,5:04,1990s,Art Rock|Contemporary Pop/Rock|Experimental Rock|Dance-Rock|Blue-Eyed Soul,5,album,https://www.allmusic.com/album/black-tie-white-noise-mw0000095581,f5cc15ea-67a8-3c6b-9887-d45ae13a3156,7e8b3f40-da19-42a1-9b8d-393722b9a201,936ce9cd-38fb-4f4f-893c-793adbeeb705,1993,GB,available,matched,1,The Wedding - 2021 Remaster,1122646,209,2026-09-25,https://kworb.net/spotify/artist/0oSGxfWSnnOXhD2fKuz2Gy_songs.html,highest-streaming non-feature version for normalized composition title,unmatched,,,0,,https://www.officialcharts.com/artist/19138/david-bowie/,Official Singles Chart only
18,1993,Black Tie White Noise,1,2,2,You’ve Been Around,283933,284,4:44,1990s,Art Rock|Contemporary Pop/Rock|Experimental Rock|Dance-Rock|Blue-Eyed Soul,5,album,https://www.allmusic.com/album/black-tie-white-noise-mw0000095581,f5cc15ea-67a8-3c6b-9887-d45ae13a3156,7e8b3f40-da19-42a1-9b8d-393722b9a201,2b2dd6df-d6a2-42ef-a43f-182d60a6fd20,1993,GB,available,matched,1,You've Been Around - 2021 Remaster,982856,208,2026-09-25,https://kworb.net/spotify/artist/0oSGxfWSnnOXhD2fKuz2Gy_songs.html,highest-streaming non-feature version for normalized composition title,unmatched,,,0,,https://www.officialcharts.com/artist/19138/david-bowie/,Official Singles Chart only
18,1993,Black Tie White Noise,1,3,3,I Feel Free,289960,290,4:50,1990s,Art Rock|Contemporary Pop/Rock|Experimental Rock|Dance-Rock|Blue-Eyed Soul,5,album,https://www.allmusic.com/album/black-tie-white-noise-mw0000095581,f5cc15ea-67a8-3c6b-9887-d45ae13a3156,7e8b3f40-da19-42a1-9b8d-393722b9a201,7c1f4f71-3270-4587-a408-cde891dfb4dc,1993,GB,available,matched,1,I Feel Free - 2021 Remaster,873705,166,2026-09-25,https://kworb.net/spotify/artist/0oSGxfWSnnOXhD2fKuz2Gy_songs.html,highest-streaming non-feature version for normalized composition title,unmatched,,,0,,https://www.officialcharts.com/artist/19138/david-bowie/,Official Singles Chart only
18,1993,Black Tie White Noise,1,4,4,Black Tie White Noise,294440,294,4:54,1990s,Art Rock|Contemporary Pop/Rock|Experimental Rock|Dance-Rock|Blue-Eyed Soul,5,album,https://www.allmusic.com/album/black-tie-white-noise-mw0000095581,f5cc15ea-67a8-3c6b-9887-d45ae13a3156,7e8b3f40-da19-42a1-9b8d-393722b9a201,f83c0dc9-1b96-47da-96d9-6b6cfe18db32,1993,GB,available,unmatched,0,,,,2026-09-25,https://kworb.net/spotify/artist/0oSGxfWSnnOXhD2fKuz2Gy_songs.html,,unmatched,,,0,,https://www.officialcharts.com/artist/19138/david-bowie/,Official Singles Chart only
18,1993,Black Tie White Noise,1,5,5,Jump They Say,263026,263,4:23,1990s,Art Rock|Contemporary Pop/Rock|Experimental Rock|Dance-Rock|Blue-Eyed Soul,5,album,https://www.allmusic.com/album/black-tie-white-noise-mw0000095581,f5cc15ea-67a8-3c6b-9887-d45ae13a3156,7e8b3f40-da19-42a1-9b8d-393722b9a201,282ac586-0fb0-46d3-993e-445dc0979c4a,1993,GB,available,matched,2,Jump They Say - 2021 Remaster,3209002,566,2026-09-25,https://kworb.net/spotify/artist/0oSGxfWSnnOXhD2fKuz2Gy_songs.html,highest-streaming non-feature version for normalized composition title,matched,9,6,1,JUMP THEY SAY,https://www.officialcharts.com/artist/19138/david-bowie/,Official Singles Chart only
18,1993,Black Tie White Noise,1,6,6,Nite Flights,276533,277,4:37,1990s,Art Rock|Contemporary Pop/Rock|Experimental Rock|Dance-Rock|Blue-Eyed Soul,5,album,https://www.allmusic.com/album/black-tie-white-noise-mw0000095581,f5cc15ea-67a8-3c6b-9887-d45ae13a3156,7e8b3f40-da19-42a1-9b8d-393722b9a201,5cf6a592-17ad-47d3-918b-aae1c56c9918,1993,GB,available,unmatched,0,,,,2026-09-25,https://kworb.net/spotify/artist/0oSGxfWSnnOXhD2fKuz2Gy_songs.html,,unmatched,,,0,,https://www.officialcharts.com/artist/19138/david-bowie/,Official Singles Chart only
18,1993,Black Tie White Noise,1,7,7,Pallas Athena,279773,280,4:40,1990s,Art Rock|Contemporary Pop/Rock|Experimental Rock|Dance-Rock|Blue-Eyed Soul,5,album,https://www.allmusic.com/album/black-tie-white-noise-mw0000095581,f5cc15ea-67a8-3c6b-9887-d45ae13a3156,7e8b3f40-da19-42a1-9b8d-393722b9a201,e4e0ab51-7f88-4ea7-88b3-09ece8fd86be,1993,GB,available,matched,1,Pallas Athena - 2021 Remaster,757142,158,2026-09-25,https://kworb.net/spotify/artist/0oSGxfWSnnOXhD2fKuz2Gy_songs.html,highest-streaming non-feature version for normalized composition title,unmatched,,,0,,https://www.officialcharts.com/artist/19138/david-bowie/,Official Singles Chart only
18,1993,Black Tie White Noise,1,8,8,Miracle Goodnight,252826,253,4:13,1990s,Art Rock|Contemporary Pop/Rock|Experimental Rock|Dance-Rock|Blue-Eyed Soul,5,album,https://www.allmusic.com/album/black-tie-white-noise-mw0000095581,f5cc15ea-67a8-3c6b-9887-d45ae13a3156,7e8b3f40-da19-42a1-9b8d-393722b9a201,32a8328b-6c3b-4775-9fde-702f0c7c451e,1993,GB,available,matched,1,Miracle Goodnight - 2021 Remaster,1041923,240,2026-09-25,https://kworb.net/spotify/artist/0oSGxfWSnnOXhD2fKuz2Gy_songs.html,highest-streaming non-feature version for normalized composition title,matched,40,2,1,MIRACLE GOODNIGHT,https://www.officialcharts.com/artist/19138/david-bowie/,Official Singles Chart only
18,1993,Black Tie White Noise,1,9,9,Don’t Let Me Down & Down,294866,295,4:55,1990s,Art Rock|Contemporary Pop/Rock|Experimental Rock|Dance-Rock|Blue-Eyed Soul,5,album,https://www.allmusic.com/album/black-tie-white-noise-mw0000095581,f5cc15ea-67a8-3c6b-9887-d45ae13a3156,7e8b3f40-da19-42a1-9b8d-393722b9a201,fc5027ff-310b-4e67-8fbc-2170977c0cde,1993,GB,available,matched,1,Don't Let Me Down & Down - 2021 Remaster,757261,170,2026-09-25,https://kworb.net/spotify/artist/0oSGxfWSnnOXhD2fKuz2Gy_songs.html,highest-streaming non-feature version for normalized composition title,unmatched,,,0,,https://www.officialcharts.com/artist/19138/david-bowie/,Official Singles Chart only
18,1993,Black Tie White Noise,1,10,10,Looking for Lester,337440,337,5:37,1990s,Art Rock|Contemporary Pop/Rock|Experimental Rock|Dance-Rock|Blue-Eyed Soul,5,album,https://www.allmusic.com/album/black-tie-white-noise-mw0000095581,f5cc15ea-67a8-3c6b-9887-d45ae13a3156,7e8b3f40-da19-42a1-9b8d-393722b9a201,166d0377-a0a1-4f56-ad40-f0831ed1eef4,1993,GB,available,unmatched,0,,,,2026-09-25,https://kworb.net/spotify/artist/0oSGxfWSnnOXhD2fKuz2Gy_songs.html,,unmatched,,,0,,https://www.officialcharts.com/artist/19138/david-bowie/,Official Singles Chart only
18,1993,Black Tie White Noise,1,11,11,I Know It’s Gonna Happen Someday,245066,245,4:05,1990s,Art Rock|Contemporary Pop/Rock|Experimental Rock|Dance-Rock|Blue-Eyed Soul,5,album,https://www.allmusic.com/album/black-tie-white-noise-mw0000095581,f5cc15ea-67a8-3c6b-9887-d45ae13a3156,7e8b3f40-da19-42a1-9b8d-393722b9a201,6d67d7cf-4dab-48b9-a7ba-762dc0f0aa05,1993,GB,available,matched,1,I Know It's Gonna Happen Someday - 2021 Remaster,773449,204,2026-09-25,https://kworb.net/spotify/artist/0oSGxfWSnnOXhD2fKuz2Gy_songs.html,highest-streaming non-feature version for normalized composition title,unmatched,,,0,,https://www.officialcharts.com/artist/19138/david-bowie/,Official Singles Chart only
18,1993,Black Tie White Noise,1,12,12,The Wedding Song,272733,273,4:33,1990s,Art Rock|Contemporary Pop/Rock|Experimental Rock|Dance-Rock|Blue-Eyed Soul,5,album,https://www.allmusic.com/album/black-tie-white-noise-mw0000095581,f5cc15ea-67a8-3c6b-9887-d45ae13a3156,7e8b3f40-da19-42a1-9b8d-393722b9a201,2688326d-da9c-477f-ad37-6aaa3bc241ab,1993,GB,available,matched,1,The Wedding Song - 2021 Remaster,843925,252,2026-09-25,https://kworb.net/spotify/artist/0oSGxfWSnnOXhD2fKuz2Gy_songs.html,highest-streaming non-feature version for normalized composition title,unmatched,,,0,,https://www.officialcharts.com/artist/19138/david-bowie/,Official Singles Chart only
19,1993,The Buddha of Suburbia,1,1,1,Buddha of Suburbia,269333,269,4:29,1990s,Art Rock|Contemporary Pop/Rock|Experimental Rock|Soundtracks,4,album,https://www.allmusic.com/album/the-buddha-of-suburbia-mw0000645821,9448df51-2f58-37cb-b4b7-885da1c7042d,81d3ccb9-d167-4c32-9f33-ec2f08c9a156,8ced921a-f74a-469e-bcd7-72a8c521c215,1993-12,GB,available,matched,1,Buddha of Suburbia - 2014 Remaster,4185265,383,2026-09-25,https://kworb.net/spotify/artist/0oSGxfWSnnOXhD2fKuz2Gy_songs.html,highest-streaming non-feature version for normalized composition title,unmatched,,,0,,https://www.officialcharts.com/artist/19138/david-bowie/,Official Singles Chart only
19,1993,The Buddha of Suburbia,1,2,2,Sex and the Church,383826,384,6:24,1990s,Art Rock|Contemporary Pop/Rock|Experimental Rock|Soundtracks,4,album,https://www.allmusic.com/album/the-buddha-of-suburbia-mw0000645821,9448df51-2f58-37cb-b4b7-885da1c7042d,81d3ccb9-d167-4c32-9f33-ec2f08c9a156,54f0db2d-6c1a-491b-a970-0bf67a504e5a,1993-12,GB,available,unmatched,0,,,,2026-09-25,https://kworb.net/spotify/artist/0oSGxfWSnnOXhD2fKuz2Gy_songs.html,,unmatched,,,0,,https://www.officialcharts.com/artist/19138/david-bowie/,Official Singles Chart only
19,1993,The Buddha of Suburbia,1,3,3,South Horizon,324733,325,5:25,1990s,Art Rock|Contemporary Pop/Rock|Experimental Rock|Soundtracks,4,album,https://www.allmusic.com/album/the-buddha-of-suburbia-mw0000645821,9448df51-2f58-37cb-b4b7-885da1c7042d,81d3ccb9-d167-4c32-9f33-ec2f08c9a156,65209edf-755e-4006-9378-2c87b2edc952,1993-12,GB,available,unmatched,0,,,,2026-09-25,https://kworb.net/spotify/artist/0oSGxfWSnnOXhD2fKuz2Gy_songs.html,,unmatched,,,0,,https://www.officialcharts.com/artist/19138/david-bowie/,Official Singles Chart only
19,1993,The Buddha of Suburbia,1,4,4,The Mysteries,431640,432,7:12,1990s,Art Rock|Contemporary Pop/Rock|Experimental Rock|Soundtracks,4,album,https://www.allmusic.com/album/the-buddha-of-suburbia-mw0000645821,9448df51-2f58-37cb-b4b7-885da1c7042d,81d3ccb9-d167-4c32-9f33-ec2f08c9a156,4fccbe02-61d8-436b-8dfe-4dac539227f1,1993-12,GB,available,unmatched,0,,,,2026-09-25,https://kworb.net/spotify/artist/0oSGxfWSnnOXhD2fKuz2Gy_songs.html,,unmatched,,,0,,https://www.officialcharts.com/artist/19138/david-bowie/,Official Singles Chart only
19,1993,The Buddha of Suburbia,1,5,5,"Bleed Like a Craze, Dad",323066,323,5:23,1990s,Art Rock|Contemporary Pop/Rock|Experimental Rock|Soundtracks,4,album,https://www.allmusic.com/album/the-buddha-of-suburbia-mw0000645821,9448df51-2f58-37cb-b4b7-885da1c7042d,81d3ccb9-d167-4c32-9f33-ec2f08c9a156,a33a4ff1-7624-4e3b-968e-24539862c53d,1993-12,GB,available,unmatched,0,,,,2026-09-25,https://kworb.net/spotify/artist/0oSGxfWSnnOXhD2fKuz2Gy_songs.html,,unmatched,,,0,,https://www.officialcharts.com/artist/19138/david-bowie/,Official Singles Chart only
19,1993,The Buddha of Suburbia,1,6,6,Strangers When We Meet,298626,299,4:59,1990s,Art Rock|Contemporary Pop/Rock|Experimental Rock|Soundtracks,4,album,https://www.allmusic.com/album/the-buddha-of-suburbia-mw0000645821,9448df51-2f58-37cb-b4b7-885da1c7042d,81d3ccb9-d167-4c32-9f33-ec2f08c9a156,bbb6ca91-f61e-414a-9635-8264ab89fa86,1993-12,GB,available,matched,1,Strangers When We Meet,4868127,561,2026-09-25,https://kworb.net/spotify/artist/0oSGxfWSnnOXhD2fKuz2Gy_songs.html,highest-streaming non-feature version for normalized composition title,unmatched,,,0,,https://www.officialcharts.com/artist/19138/david-bowie/,Official Singles Chart only
19,1993,The Buddha of Suburbia,1,7,7,Dead Against It,347506,348,5:48,1990s,Art Rock|Contemporary Pop/Rock|Experimental Rock|Soundtracks,4,album,https://www.allmusic.com/album/the-buddha-of-suburbia-mw0000645821,9448df51-2f58-37cb-b4b7-885da1c7042d,81d3ccb9-d167-4c32-9f33-ec2f08c9a156,8a04fb81-f084-4674-ab89-0d7243a0f8ba,1993-12,GB,available,unmatched,0,,,,2026-09-25,https://kworb.net/spotify/artist/0oSGxfWSnnOXhD2fKuz2Gy_songs.html,,unmatched,,,0,,https://www.officialcharts.com/artist/19138/david-bowie/,Official Singles Chart only
19,1993,The Buddha of Suburbia,1,8,8,Untitled No. 1,302626,303,5:03,1990s,Art Rock|Contemporary Pop/Rock|Experimental Rock|Soundtracks,4,album,https://www.allmusic.com/album/the-buddha-of-suburbia-mw0000645821,9448df51-2f58-37cb-b4b7-885da1c7042d,81d3ccb9-d167-4c32-9f33-ec2f08c9a156,e323adcd-824e-4ed0-94ce-3104ef3bd681,1993-12,GB,available,unmatched,0,,,,2026-09-25,https://kworb.net/spotify/artist/0oSGxfWSnnOXhD2fKuz2Gy_songs.html,,unmatched,,,0,,https://www.officialcharts.com/artist/19138/david-bowie/,Official Singles Chart only
19,1993,The Buddha of Suburbia,1,9,9,"Ian Fish, U.K. Heir",389133,389,6:29,1990s,Art Rock|Contemporary Pop/Rock|Experimental Rock|Soundtracks,4,album,https://www.allmusic.com/album/the-buddha-of-suburbia-mw0000645821,9448df51-2f58-37cb-b4b7-885da1c7042d,81d3ccb9-d167-4c32-9f33-ec2f08c9a156,9e7f0ee1-c92a-42a1-99c4-d5feffd50140,1993-12,GB,available,unmatched,0,,,,2026-09-25,https://kworb.net/spotify/artist/0oSGxfWSnnOXhD2fKuz2Gy_songs.html,,unmatched,,,0,,https://www.officialcharts.com/artist/19138/david-bowie/,Official Singles Chart only
19,1993,The Buddha of Suburbia,1,10,10,Buddha of Suburbia,260533,261,4:21,1990s,Art Rock|Contemporary Pop/Rock|Experimental Rock|Soundtracks,4,album,https://www.allmusic.com/album/the-buddha-of-suburbia-mw0000645821,9448df51-2f58-37cb-b4b7-885da1c7042d,81d3ccb9-d167-4c32-9f33-ec2f08c9a156,69b114ae-86f3-4eea-88ca-f09359328de6,1993-12,GB,available,matched,1,Buddha of Suburbia - 2014 Remaster,4185265,383,2026-09-25,https://kworb.net/spotify/artist/0oSGxfWSnnOXhD2fKuz2Gy_songs.html,highest-streaming non-feature version for normalized composition title,unmatched,,,0,,https://www.officialcharts.com/artist/19138/david-bowie/,Official Singles Chart only
20,1995,1. Outside,1,1,1,Leon Takes Us Outside,85000,85,1:25,1990s,Art Rock|Dance-Rock|Experimental Rock,3,album,https://www.allmusic.com/album/1-outside-mw0000176850,f05647bf-86a7-3e6e-872a-20eb465be0a5,93627985-1d59-497c-8eaf-46eee2e596cb,7e099be4-b116-4c59-9296-2909dc8ee250,1995,XE,available,matched,1,Leon Takes Us Outside - 2021 Remaster,1127859,253,2026-09-25,https://kworb.net/spotify/artist/0oSGxfWSnnOXhD2fKuz2Gy_songs.html,highest-streaming non-feature version for normalized composition title,unmatched,,,0,,https://www.officialcharts.com/artist/19138/david-bowie/,Official Singles Chart only
20,1995,1. Outside,1,2,2,Outside,245000,245,4:05,1990s,Art Rock|Dance-Rock|Experimental Rock,3,album,https://www.allmusic.com/album/1-outside-mw0000176850,f05647bf-86a7-3e6e-872a-20eb465be0a5,93627985-1d59-497c-8eaf-46eee2e596cb,5e2d642a-51fd-49cb-aef9-a478e894dda2,1995,XE,available,matched,1,Outside - 2021 Remaster,1771263,531,2026-09-25,https://kworb.net/spotify/artist/0oSGxfWSnnOXhD2fKuz2Gy_songs.html,highest-streaming non-feature version for normalized composition title,unmatched,,,0,,https://www.officialcharts.com/artist/19138/david-bowie/,Official Singles Chart only
20,1995,1. Outside,1,3,3,The Hearts Filthy Lesson,298000,298,4:58,1990s,Art Rock|Dance-Rock|Experimental Rock,3,album,https://www.allmusic.com/album/1-outside-mw0000176850,f05647bf-86a7-3e6e-872a-20eb465be0a5,93627985-1d59-497c-8eaf-46eee2e596cb,1ef29524-aa65-4d1c-a3d6-7465d532d35f,1995,XE,available,matched,1,The Hearts Filthy Lesson - 2021 Remaster,3802225,1315,2026-09-25,https://kworb.net/spotify/artist/0oSGxfWSnnOXhD2fKuz2Gy_songs.html,highest-streaming non-feature version for normalized composition title,matched,35,2,1,THE HEARTS FILTHY LESSON,https://www.officialcharts.com/artist/19138/david-bowie/,Official Singles Chart only
20,1995,1. Outside,1,4,4,A Small Plot of Land,395000,395,6:35,1990s,Art Rock|Dance-Rock|Experimental Rock,3,album,https://www.allmusic.com/album/1-outside-mw0000176850,f05647bf-86a7-3e6e-872a-20eb465be0a5,93627985-1d59-497c-8eaf-46eee2e596cb,04b700ae-fb9d-4a1e-ad07-9ccc0d9204eb,1995,XE,available,matched,1,A Small Plot Of Land - 2021 Remaster,1115143,287,2026-09-25,https://kworb.net/spotify/artist/0oSGxfWSnnOXhD2fKuz2Gy_songs.html,highest-streaming non-feature version for normalized composition title,unmatched,,,0,,https://www.officialcharts.com/artist/19138/david-bowie/,Official Singles Chart only
20,1995,1. Outside,1,5,5,Segue – Baby Grace (A Horrid Cassette),100000,100,1:40,1990s,Art Rock|Dance-Rock|Experimental Rock,3,album,https://www.allmusic.com/album/1-outside-mw0000176850,f05647bf-86a7-3e6e-872a-20eb465be0a5,93627985-1d59-497c-8eaf-46eee2e596cb,cd41da09-7b8b-4f42-971a-c2272056fe7b,1995,XE,available,unmatched,0,,,,2026-09-25,https://kworb.net/spotify/artist/0oSGxfWSnnOXhD2fKuz2Gy_songs.html,,unmatched,,,0,,https://www.officialcharts.com/artist/19138/david-bowie/,Official Singles Chart only
20,1995,1. Outside,1,6,6,Hallo Spaceboy,315000,315,5:15,1990s,Art Rock|Dance-Rock|Experimental Rock,3,album,https://www.allmusic.com/album/1-outside-mw0000176850,f05647bf-86a7-3e6e-872a-20eb465be0a5,93627985-1d59-497c-8eaf-46eee2e596cb,915b7cd9-e8d4-493b-8a23-b419a9879eb5,1995,XE,available,matched,2,Hallo Spaceboy - 2021 Remaster,3526477,1277,2026-09-25,https://kworb.net/spotify/artist/0oSGxfWSnnOXhD2fKuz2Gy_songs.html,highest-streaming non-feature version for normalized composition title,matched,12,4,1,HALLO SPACEBOY,https://www.officialcharts.com/artist/19138/david-bowie/,Official Singles Chart only
20,1995,1. Outside,1,7,7,The Motel,411000,411,6:51,1990s,Art Rock|Dance-Rock|Experimental Rock,3,album,https://www.allmusic.com/album/1-outside-mw0000176850,f05647bf-86a7-3e6e-872a-20eb465be0a5,93627985-1d59-497c-8eaf-46eee2e596cb,3a4c92e4-6bdf-49fc-a885-61de0384ce63,1995,XE,available,matched,2,The Motel - 2021 Remaster,1140233,421,2026-09-25,https://kworb.net/spotify/artist/0oSGxfWSnnOXhD2fKuz2Gy_songs.html,highest-streaming non-feature version for normalized composition title,unmatched,,,0,,https://www.officialcharts.com/artist/19138/david-bowie/,Official Singles Chart only
20,1995,1. Outside,1,8,8,I Have Not Been to Oxford Town,228000,228,3:48,1990s,Art Rock|Dance-Rock|Experimental Rock,3,album,https://www.allmusic.com/album/1-outside-mw0000176850,f05647bf-86a7-3e6e-872a-20eb465be0a5,93627985-1d59-497c-8eaf-46eee2e596cb,96a6f0eb-db73-436a-b646-d789f8c4e4fe,1995,XE,available,matched,1,I Have Not Been To Oxford Town - 2021 Remaster,1175026,341,2026-09-25,https://kworb.net/spotify/artist/0oSGxfWSnnOXhD2fKuz2Gy_songs.html,highest-streaming non-feature version for normalized composition title,unmatched,,,0,,https://www.officialcharts.com/artist/19138/david-bowie/,Official Singles Chart only
20,1995,1. Outside,1,9,9,No Control,274000,274,4:34,1990s,Art Rock|Dance-Rock|Experimental Rock,3,album,https://www.allmusic.com/album/1-outside-mw0000176850,f05647bf-86a7-3e6e-872a-20eb465be0a5,93627985-1d59-497c-8eaf-46eee2e596cb,74b4722b-76ea-4fc3-96a6-e8de84e17597,1995,XE,available,matched,1,No Control - 2021 Remaster,1136770,335,2026-09-25,https://kworb.net/spotify/artist/0oSGxfWSnnOXhD2fKuz2Gy_songs.html,highest-streaming non-feature version for normalized composition title,unmatched,,,0,,https://www.officialcharts.com/artist/19138/david-bowie/,Official Singles Chart only
20,1995,1. Outside,1,10,10,Segue – Algeria Touchshriek,124000,124,2:04,1990s,Art Rock|Dance-Rock|Experimental Rock,3,album,https://www.allmusic.com/album/1-outside-mw0000176850,f05647bf-86a7-3e6e-872a-20eb465be0a5,93627985-1d59-497c-8eaf-46eee2e596cb,572886f4-5ecc-4954-8baf-95c7802a5415,1995,XE,available,unmatched,0,,,,2026-09-25,https://kworb.net/spotify/artist/0oSGxfWSnnOXhD2fKuz2Gy_songs.html,,unmatched,,,0,,https://www.officialcharts.com/artist/19138/david-bowie/,Official Singles Chart only
20,1995,1. Outside,1,11,11,The Voyeur of Utter Destruction (As Beauty),261000,261,4:21,1990s,Art Rock|Dance-Rock|Experimental Rock,3,album,https://www.allmusic.com/album/1-outside-mw0000176850,f05647bf-86a7-3e6e-872a-20eb465be0a5,93627985-1d59-497c-8eaf-46eee2e596cb,05e486c7-c8f7-4e06-8023-363f90756790,1995,XE,available,matched,1,The Voyeur Of Utter Destruction (As Beauty) - 2021 Remaster,822129,217,2026-09-25,https://kworb.net/spotify/artist/0oSGxfWSnnOXhD2fKuz2Gy_songs.html,highest-streaming non-feature version for normalized composition title,unmatched,,,0,,https://www.officialcharts.com/artist/19138/david-bowie/,Official Singles Chart only
20,1995,1. Outside,1,12,12,Segue – Ramona A. Stone / I Am With Name,241000,241,4:01,1990s,Art Rock|Dance-Rock|Experimental Rock,3,album,https://www.allmusic.com/album/1-outside-mw0000176850,f05647bf-86a7-3e6e-872a-20eb465be0a5,93627985-1d59-497c-8eaf-46eee2e596cb,9a51e542-46fa-4ac6-b071-edd0c4cfe603,1995,XE,available,unmatched,0,,,,2026-09-25,https://kworb.net/spotify/artist/0oSGxfWSnnOXhD2fKuz2Gy_songs.html,,unmatched,,,0,,https://www.officialcharts.com/artist/19138/david-bowie/,Official Singles Chart only
20,1995,1. Outside,1,13,13,Wishful Beginnings,309000,309,5:09,1990s,Art Rock|Dance-Rock|Experimental Rock,3,album,https://www.allmusic.com/album/1-outside-mw0000176850,f05647bf-86a7-3e6e-872a-20eb465be0a5,93627985-1d59-497c-8eaf-46eee2e596cb,fc523803-ec31-4ee1-b485-46e189977a13,1995,XE,available,unmatched,0,,,,2026-09-25,https://kworb.net/spotify/artist/0oSGxfWSnnOXhD2fKuz2Gy_songs.html,,unmatched,,,0,,https://www.officialcharts.com/artist/19138/david-bowie/,Official Singles Chart only
20,1995,1. Outside,1,14,14,We Prick You,276000,276,4:36,1990s,Art Rock|Dance-Rock|Experimental Rock,3,album,https://www.allmusic.com/album/1-outside-mw0000176850,f05647bf-86a7-3e6e-872a-20eb465be0a5,93627985-1d59-497c-8eaf-46eee2e596cb,9f3d3b0d-ac53-42d7-b3ff-cb20bd69d11e,1995,XE,available,matched,1,We Prick You - 2021 Remaster,825101,256,2026-09-25,https://kworb.net/spotify/artist/0oSGxfWSnnOXhD2fKuz2Gy_songs.html,highest-streaming non-feature version for normalized composition title,unmatched,,,0,,https://www.officialcharts.com/artist/19138/david-bowie/,Official Singles Chart only
20,1995,1. Outside,1,15,15,Segue – Nathan Adler,61000,61,1:01,1990s,Art Rock|Dance-Rock|Experimental Rock,3,album,https://www.allmusic.com/album/1-outside-mw0000176850,f05647bf-86a7-3e6e-872a-20eb465be0a5,93627985-1d59-497c-8eaf-46eee2e596cb,0b32867d-9bbb-490a-bf21-44afbdfc08ac,1995,XE,available,unmatched,0,,,,2026-09-25,https://kworb.net/spotify/artist/0oSGxfWSnnOXhD2fKuz2Gy_songs.html,,unmatched,,,0,,https://www.officialcharts.com/artist/19138/david-bowie/,Official Singles Chart only
20,1995,1. Outside,1,16,16,I’m Deranged,271000,271,4:31,1990s,Art Rock|Dance-Rock|Experimental Rock,3,album,https://www.allmusic.com/album/1-outside-mw0000176850,f05647bf-86a7-3e6e-872a-20eb465be0a5,93627985-1d59-497c-8eaf-46eee2e596cb,a1aae11d-f736-4963-b075-ecfe2c00535e,1995,XE,available,matched,1,I'm Deranged - 2021 Remaster,6378764,2750,2026-09-25,https://kworb.net/spotify/artist/0oSGxfWSnnOXhD2fKuz2Gy_songs.html,highest-streaming non-feature version for normalized composition title,unmatched,,,0,,https://www.officialcharts.com/artist/19138/david-bowie/,Official Singles Chart only
20,1995,1. Outside,1,17,17,Thru’ These Architects Eyes,262000,262,4:22,1990s,Art Rock|Dance-Rock|Experimental Rock,3,album,https://www.allmusic.com/album/1-outside-mw0000176850,f05647bf-86a7-3e6e-872a-20eb465be0a5,93627985-1d59-497c-8eaf-46eee2e596cb,4c5913c6-0e1e-471d-9514-cb0c1bdbb8ae,1995,XE,available,matched,1,Thru' These Architects Eyes - 2021 Remaster,801320,208,2026-09-25,https://kworb.net/spotify/artist/0oSGxfWSnnOXhD2fKuz2Gy_songs.html,highest-streaming non-feature version for normalized composition title,unmatched,,,0,,https://www.officialcharts.com/artist/19138/david-bowie/,Official Singles Chart only
20,1995,1. Outside,1,18,18,Segue – Nathan Adler,29000,29,0:29,1990s,Art Rock|Dance-Rock|Experimental Rock,3,album,https://www.allmusic.com/album/1-outside-mw0000176850,f05647bf-86a7-3e6e-872a-20eb465be0a5,93627985-1d59-497c-8eaf-46eee2e596cb,0216b1b9-df67-48c9-b392-be81648a5e2f,1995,XE,available,unmatched,0,,,,2026-09-25,https://kworb.net/spotify/artist/0oSGxfWSnnOXhD2fKuz2Gy_songs.html,,unmatched,,,0,,https://www.officialcharts.com/artist/19138/david-bowie/,Official Singles Chart only
20,1995,1. Outside,1,19,19,Strangers When We Meet,308000,308,5:08,1990s,Art Rock|Dance-Rock|Experimental Rock,3,album,https://www.allmusic.com/album/1-outside-mw0000176850,f05647bf-86a7-3e6e-872a-20eb465be0a5,93627985-1d59-497c-8eaf-46eee2e596cb,0f91591e-0718-49ff-966e-a2591c33e0d3,1995,XE,available,matched,1,Strangers When We Meet,4868127,561,2026-09-25,https://kworb.net/spotify/artist/0oSGxfWSnnOXhD2fKuz2Gy_songs.html,highest-streaming non-feature version for normalized composition title,unmatched,,,0,,https://www.officialcharts.com/artist/19138/david-bowie/,Official Singles Chart only
21,1997,Earthling,1,A1,1,Little Wonder,362000,362,6:02,1990s,Contemporary Pop/Rock|Hard Rock|Art Rock|Dance-Rock|Alternative Pop/Rock|Alternative/Indie Rock|Experimental Rock,7,album,https://www.allmusic.com/album/earthling-mw0000614079,9a723e6e-2ede-371b-88bf-396cc362d77b,655b0b93-8146-44c2-90ef-8d3ae83be391,7bd8e93c-ab7b-4fa5-a3f0-d15212fb9d86,1997,XE,available,matched,2,Little Wonder,5502369,1182,2026-09-25,https://kworb.net/spotify/artist/0oSGxfWSnnOXhD2fKuz2Gy_songs.html,highest-streaming non-feature version for normalized composition title,matched,14,3,1,LITTLE WONDER,https://www.officialcharts.com/artist/19138/david-bowie/,Official Singles Chart only
21,1997,Earthling,1,A2,2,Looking for Satellites,321000,321,5:21,1990s,Contemporary Pop/Rock|Hard Rock|Art Rock|Dance-Rock|Alternative Pop/Rock|Alternative/Indie Rock|Experimental Rock,7,album,https://www.allmusic.com/album/earthling-mw0000614079,9a723e6e-2ede-371b-88bf-396cc362d77b,655b0b93-8146-44c2-90ef-8d3ae83be391,e495293c-5bd7-4f6d-ae6b-0ce891b0a031,1997,XE,available,matched,1,Looking for Satellites,1421385,430,2026-09-25,https://kworb.net/spotify/artist/0oSGxfWSnnOXhD2fKuz2Gy_songs.html,highest-streaming non-feature version for normalized composition title,unmatched,,,0,,https://www.officialcharts.com/artist/19138/david-bowie/,Official Singles Chart only
21,1997,Earthling,1,A3,3,Battle for Britain,288000,288,4:48,1990s,Contemporary Pop/Rock|Hard Rock|Art Rock|Dance-Rock|Alternative Pop/Rock|Alternative/Indie Rock|Experimental Rock,7,album,https://www.allmusic.com/album/earthling-mw0000614079,9a723e6e-2ede-371b-88bf-396cc362d77b,655b0b93-8146-44c2-90ef-8d3ae83be391,d8783d03-8a3b-4269-8261-00709d2cfee8,1997,XE,available,unmatched,0,,,,2026-09-25,https://kworb.net/spotify/artist/0oSGxfWSnnOXhD2fKuz2Gy_songs.html,,unmatched,,,0,,https://www.officialcharts.com/artist/19138/david-bowie/,Official Singles Chart only
21,1997,Earthling,1,A4,4,Seven Years in Tibet,382000,382,6:22,1990s,Contemporary Pop/Rock|Hard Rock|Art Rock|Dance-Rock|Alternative Pop/Rock|Alternative/Indie Rock|Experimental Rock,7,album,https://www.allmusic.com/album/earthling-mw0000614079,9a723e6e-2ede-371b-88bf-396cc362d77b,655b0b93-8146-44c2-90ef-8d3ae83be391,e22ebace-d4f8-4432-96da-a2a41eff0c14,1997,XE,available,matched,1,Seven Years in Tibet,2028108,731,2026-09-25,https://kworb.net/spotify/artist/0oSGxfWSnnOXhD2fKuz2Gy_songs.html,highest-streaming non-feature version for normalized composition title,matched,61,2,1,SEVEN YEARS IN TIBET,https://www.officialcharts.com/artist/19138/david-bowie/,Official Singles Chart only
21,1997,Earthling,1,B1,5,Dead Man Walking,410000,410,6:50,1990s,Contemporary Pop/Rock|Hard Rock|Art Rock|Dance-Rock|Alternative Pop/Rock|Alternative/Indie Rock|Experimental Rock,7,album,https://www.allmusic.com/album/earthling-mw0000614079,9a723e6e-2ede-371b-88bf-396cc362d77b,655b0b93-8146-44c2-90ef-8d3ae83be391,ebb7cab3-2c81-47a6-a2bf-e0902b3ceafe,1997,XE,available,matched,1,Dead Man Walking,2220043,738,2026-09-25,https://kworb.net/spotify/artist/0oSGxfWSnnOXhD2fKuz2Gy_songs.html,highest-streaming non-feature version for normalized composition title,matched,32,2,1,DEAD MAN WALKING,https://www.officialcharts.com/artist/19138/david-bowie/,Official Singles Chart only
21,1997,Earthling,1,B2,6,Telling Lies,289000,289,4:49,1990s,Contemporary Pop/Rock|Hard Rock|Art Rock|Dance-Rock|Alternative Pop/Rock|Alternative/Indie Rock|Experimental Rock,7,album,https://www.allmusic.com/album/earthling-mw0000614079,9a723e6e-2ede-371b-88bf-396cc362d77b,655b0b93-8146-44c2-90ef-8d3ae83be391,e398afc8-5339-4d36-9d88-7ef2bae5b52c,1997,XE,available,matched,1,Telling Lies,1139321,371,2026-09-25,https://kworb.net/spotify/artist/0oSGxfWSnnOXhD2fKuz2Gy_songs.html,highest-streaming non-feature version for normalized composition title,matched,76,1,1,TELLING LIES,https://www.officialcharts.com/artist/19138/david-bowie/,Official Singles Chart only
21,1997,Earthling,1,B3,7,The Last Thing You Should Do,297000,297,4:57,1990s,Contemporary Pop/Rock|Hard Rock|Art Rock|Dance-Rock|Alternative Pop/Rock|Alternative/Indie Rock|Experimental Rock,7,album,https://www.allmusic.com/album/earthling-mw0000614079,9a723e6e-2ede-371b-88bf-396cc362d77b,655b0b93-8146-44c2-90ef-8d3ae83be391,011c3a6d-416c-4fbd-b1d1-8a05450a29e8,1997,XE,available,matched,1,The Last Thing You Should Do,873248,289,2026-09-25,https://kworb.net/spotify/artist/0oSGxfWSnnOXhD2fKuz2Gy_songs.html,highest-streaming non-feature version for normalized composition title,unmatched,,,0,,https://www.officialcharts.com/artist/19138/david-bowie/,Official Singles Chart only
21,1997,Earthling,1,B4,8,I’m Afraid of Americans,300000,300,5:00,1990s,Contemporary Pop/Rock|Hard Rock|Art Rock|Dance-Rock|Alternative Pop/Rock|Alternative/Indie Rock|Experimental Rock,7,album,https://www.allmusic.com/album/earthling-mw0000614079,9a723e6e-2ede-371b-88bf-396cc362d77b,655b0b93-8146-44c2-90ef-8d3ae83be391,b76064da-62d7-4a1f-be4b-209d1fb48eed,1997,XE,available,matched,2,I'm Afraid of Americans,15415726,4129,2026-09-25,https://kworb.net/spotify/artist/0oSGxfWSnnOXhD2fKuz2Gy_songs.html,highest-streaming non-feature version for normalized composition title,unmatched,,,0,,https://www.officialcharts.com/artist/19138/david-bowie/,Official Singles Chart only
21,1997,Earthling,1,B5,9,Law (Earthlings on Fire),288000,288,4:48,1990s,Contemporary Pop/Rock|Hard Rock|Art Rock|Dance-Rock|Alternative Pop/Rock|Alternative/Indie Rock|Experimental Rock,7,album,https://www.allmusic.com/album/earthling-mw0000614079,9a723e6e-2ede-371b-88bf-396cc362d77b,655b0b93-8146-44c2-90ef-8d3ae83be391,cdf08c68-0f51-4725-b3b1-22ca9c1bd539,1997,XE,available,matched,1,Law (Earthlings on Fire),931109,286,2026-09-25,https://kworb.net/spotify/artist/0oSGxfWSnnOXhD2fKuz2Gy_songs.html,highest-streaming non-feature version for normalized composition title,unmatched,,,0,,https://www.officialcharts.com/artist/19138/david-bowie/,Official Singles Chart only
22,1999,Hours,1,1,1,Thursday’s Child,323133,323,5:23,1990s,Alternative/Indie Rock|Experimental Rock|Hard Rock|Adult Alternative Pop/Rock|Contemporary Pop/Rock|Art Rock,6,album,https://www.allmusic.com/album/hours-mw0000042482,e8a94ea7-8466-389e-830a-d356801ca68c,e8ceef80-b943-4335-9003-37713504242b,bb17a9e4-2fda-4c1b-813d-8606ec78693c,1999-10,GB,available,matched,2,Thursday's Child,5829884,1411,2026-09-25,https://kworb.net/spotify/artist/0oSGxfWSnnOXhD2fKuz2Gy_songs.html,highest-streaming non-feature version for normalized composition title,matched,14,16,2,THURSDAY'S CHILD,https://www.officialcharts.com/artist/19138/david-bowie/,Official Singles Chart only
22,1999,Hours,1,2,2,Something in the Air,346133,346,5:46,1990s,Alternative/Indie Rock|Experimental Rock|Hard Rock|Adult Alternative Pop/Rock|Contemporary Pop/Rock|Art Rock,6,album,https://www.allmusic.com/album/hours-mw0000042482,e8a94ea7-8466-389e-830a-d356801ca68c,e8ceef80-b943-4335-9003-37713504242b,2ed0570c-c331-4ecc-9cb5-cc478c678c04,1999-10,GB,available,matched,1,Something in the Air,2738569,678,2026-09-25,https://kworb.net/spotify/artist/0oSGxfWSnnOXhD2fKuz2Gy_songs.html,highest-streaming non-feature version for normalized composition title,unmatched,,,0,,https://www.officialcharts.com/artist/19138/david-bowie/,Official Singles Chart only
22,1999,Hours,1,3,3,Survive,251426,251,4:11,1990s,Alternative/Indie Rock|Experimental Rock|Hard Rock|Adult Alternative Pop/Rock|Contemporary Pop/Rock|Art Rock,6,album,https://www.allmusic.com/album/hours-mw0000042482,e8a94ea7-8466-389e-830a-d356801ca68c,e8ceef80-b943-4335-9003-37713504242b,39fa51e5-4410-467d-a821-e099cb02d980,1999-10,GB,available,matched,1,Survive,1395650,341,2026-09-25,https://kworb.net/spotify/artist/0oSGxfWSnnOXhD2fKuz2Gy_songs.html,highest-streaming non-feature version for normalized composition title,matched,28,2,1,SURVIVE,https://www.officialcharts.com/artist/19138/david-bowie/,Official Singles Chart only
22,1999,Hours,1,4,4,If I’m Dreaming My Life,424533,425,7:05,1990s,Alternative/Indie Rock|Experimental Rock|Hard Rock|Adult Alternative Pop/Rock|Contemporary Pop/Rock|Art Rock,6,album,https://www.allmusic.com/album/hours-mw0000042482,e8a94ea7-8466-389e-830a-d356801ca68c,e8ceef80-b943-4335-9003-37713504242b,8f5e2e18-ca96-47a6-b788-a7d21948a508,1999-10,GB,available,matched,1,If I'm Dreaming My Life,1061771,320,2026-09-25,https://kworb.net/spotify/artist/0oSGxfWSnnOXhD2fKuz2Gy_songs.html,highest-streaming non-feature version for normalized composition title,unmatched,,,0,,https://www.officialcharts.com/artist/19138/david-bowie/,Official Singles Chart only
22,1999,Hours,1,5,5,Seven,244706,245,4:05,1990s,Alternative/Indie Rock|Experimental Rock|Hard Rock|Adult Alternative Pop/Rock|Contemporary Pop/Rock|Art Rock,6,album,https://www.allmusic.com/album/hours-mw0000042482,e8a94ea7-8466-389e-830a-d356801ca68c,e8ceef80-b943-4335-9003-37713504242b,d2d75570-9e64-4ad8-a8b6-207d0e3c0204,1999-10,GB,available,matched,1,Seven,6299245,613,2026-09-25,https://kworb.net/spotify/artist/0oSGxfWSnnOXhD2fKuz2Gy_songs.html,highest-streaming non-feature version for normalized composition title,matched,32,4,2,SEVEN,https://www.officialcharts.com/artist/19138/david-bowie/,Official Singles Chart only
22,1999,Hours,1,6,6,What’s Really Happening?,250066,250,4:10,1990s,Alternative/Indie Rock|Experimental Rock|Hard Rock|Adult Alternative Pop/Rock|Contemporary Pop/Rock|Art Rock,6,album,https://www.allmusic.com/album/hours-mw0000042482,e8a94ea7-8466-389e-830a-d356801ca68c,e8ceef80-b943-4335-9003-37713504242b,65bae432-b69c-441f-9c05-9c12c1a196f7,1999-10,GB,available,matched,1,What's Really Happening?,861874,202,2026-09-25,https://kworb.net/spotify/artist/0oSGxfWSnnOXhD2fKuz2Gy_songs.html,highest-streaming non-feature version for normalized composition title,unmatched,,,0,,https://www.officialcharts.com/artist/19138/david-bowie/,Official Singles Chart only
22,1999,Hours,1,7,7,The Pretty Things Are Going to Hell,281293,281,4:41,1990s,Alternative/Indie Rock|Experimental Rock|Hard Rock|Adult Alternative Pop/Rock|Contemporary Pop/Rock|Art Rock,6,album,https://www.allmusic.com/album/hours-mw0000042482,e8a94ea7-8466-389e-830a-d356801ca68c,e8ceef80-b943-4335-9003-37713504242b,0894f9f4-61fe-41cf-ba9a-8a952b467d53,1999-10,GB,available,matched,1,The Pretty Things Are Going to Hell,1066341,270,2026-09-25,https://kworb.net/spotify/artist/0oSGxfWSnnOXhD2fKuz2Gy_songs.html,highest-streaming non-feature version for normalized composition title,unmatched,,,0,,https://www.officialcharts.com/artist/19138/david-bowie/,Official Singles Chart only
22,1999,Hours,1,8,8,New Angels of Promise,277506,278,4:38,1990s,Alternative/Indie Rock|Experimental Rock|Hard Rock|Adult Alternative Pop/Rock|Contemporary Pop/Rock|Art Rock,6,album,https://www.allmusic.com/album/hours-mw0000042482,e8a94ea7-8466-389e-830a-d356801ca68c,e8ceef80-b943-4335-9003-37713504242b,0b442464-97c6-4979-9513-89baa7111c5d,1999-10,GB,available,matched,1,New Angels of Promise,746715,174,2026-09-25,https://kworb.net/spotify/artist/0oSGxfWSnnOXhD2fKuz2Gy_songs.html,highest-streaming non-feature version for normalized composition title,unmatched,,,0,,https://www.officialcharts.com/artist/19138/david-bowie/,Official Singles Chart only
22,1999,Hours,1,9,9,Brilliant Adventure,111600,112,1:52,1990s,Alternative/Indie Rock|Experimental Rock|Hard Rock|Adult Alternative Pop/Rock|Contemporary Pop/Rock|Art Rock,6,album,https://www.allmusic.com/album/hours-mw0000042482,e8a94ea7-8466-389e-830a-d356801ca68c,e8ceef80-b943-4335-9003-37713504242b,1aa64e43-aaac-49a9-9c4f-852595eff3bc,1999-10,GB,available,unmatched,0,,,,2026-09-25,https://kworb.net/spotify/artist/0oSGxfWSnnOXhD2fKuz2Gy_songs.html,,unmatched,,,0,,https://www.officialcharts.com/artist/19138/david-bowie/,Official Singles Chart only
22,1999,Hours,1,10,10,The Dreamers,313733,314,5:14,1990s,Alternative/Indie Rock|Experimental Rock|Hard Rock|Adult Alternative Pop/Rock|Contemporary Pop/Rock|Art Rock,6,album,https://www.allmusic.com/album/hours-mw0000042482,e8a94ea7-8466-389e-830a-d356801ca68c,e8ceef80-b943-4335-9003-37713504242b,feb12626-460e-4d8a-8126-265bd4d98011,1999-10,GB,available,matched,1,The Dreamers,718216,150,2026-09-25,https://kworb.net/spotify/artist/0oSGxfWSnnOXhD2fKuz2Gy_songs.html,highest-streaming non-feature version for normalized composition title,unmatched,,,0,,https://www.officialcharts.com/artist/19138/david-bowie/,Official Singles Chart only
23,2002,Heathen,1,1,1,Sunday,285560,286,4:46,2000s,Art Rock|Experimental Rock|Contemporary Pop/Rock|Album Rock,4,album,https://www.allmusic.com/album/heathen-mw0000222046,fed49206-4869-307d-9bfa-08109424cb73,9df4f306-75b0-4ab6-bc99-ad0dccdd81c3,ecec7d71-42e3-4413-9007-71cf8b86b5a8,2002-06-11,GB,available,matched,2,Sunday,2830161,668,2026-09-25,https://kworb.net/spotify/artist/0oSGxfWSnnOXhD2fKuz2Gy_songs.html,highest-streaming non-feature version for normalized composition title,unmatched,,,0,,https://www.officialcharts.com/artist/19138/david-bowie/,Official Singles Chart only
23,2002,Heathen,1,2,2,Cactus,174800,175,2:55,2000s,Art Rock|Experimental Rock|Contemporary Pop/Rock|Album Rock,4,album,https://www.allmusic.com/album/heathen-mw0000222046,fed49206-4869-307d-9bfa-08109424cb73,9df4f306-75b0-4ab6-bc99-ad0dccdd81c3,29f38773-4a8e-49c1-9986-ed05f356a37d,2002-06-11,GB,available,matched,2,Cactus,3392643,769,2026-09-25,https://kworb.net/spotify/artist/0oSGxfWSnnOXhD2fKuz2Gy_songs.html,highest-streaming non-feature version for normalized composition title,unmatched,,,0,,https://www.officialcharts.com/artist/19138/david-bowie/,Official Singles Chart only
23,2002,Heathen,1,3,3,Slip Away,364666,365,6:05,2000s,Art Rock|Experimental Rock|Contemporary Pop/Rock|Album Rock,4,album,https://www.allmusic.com/album/heathen-mw0000222046,fed49206-4869-307d-9bfa-08109424cb73,9df4f306-75b0-4ab6-bc99-ad0dccdd81c3,df6af7ed-c518-47b9-8c03-14bcfbd7f2be,2002-06-11,GB,available,matched,2,Slip Away,2952232,896,2026-09-25,https://kworb.net/spotify/artist/0oSGxfWSnnOXhD2fKuz2Gy_songs.html,highest-streaming non-feature version for normalized composition title,unmatched,,,0,,https://www.officialcharts.com/artist/19138/david-bowie/,Official Singles Chart only
23,2002,Heathen,1,4,4,Slow Burn,281240,281,4:41,2000s,Art Rock|Experimental Rock|Contemporary Pop/Rock|Album Rock,4,album,https://www.allmusic.com/album/heathen-mw0000222046,fed49206-4869-307d-9bfa-08109424cb73,9df4f306-75b0-4ab6-bc99-ad0dccdd81c3,43e0a0ae-f773-4a45-815e-299c3b96c25a,2002-06-11,GB,available,matched,2,Slow Burn,5023419,1173,2026-09-25,https://kworb.net/spotify/artist/0oSGxfWSnnOXhD2fKuz2Gy_songs.html,highest-streaming non-feature version for normalized composition title,matched,94,1,1,SLOW BURN,https://www.officialcharts.com/artist/19138/david-bowie/,Official Singles Chart only
23,2002,Heathen,1,5,5,Afraid,208226,208,3:28,2000s,Art Rock|Experimental Rock|Contemporary Pop/Rock|Album Rock,4,album,https://www.allmusic.com/album/heathen-mw0000222046,fed49206-4869-307d-9bfa-08109424cb73,9df4f306-75b0-4ab6-bc99-ad0dccdd81c3,fe7716af-c53c-43c3-8e0e-286ba1a68d59,2002-06-11,GB,available,matched,2,Afraid,2215628,529,2026-09-25,https://kworb.net/spotify/artist/0oSGxfWSnnOXhD2fKuz2Gy_songs.html,highest-streaming non-feature version for normalized composition title,unmatched,,,0,,https://www.officialcharts.com/artist/19138/david-bowie/,Official Singles Chart only
23,2002,Heathen,1,6,6,I’ve Been Waiting for You,180040,180,3:00,2000s,Art Rock|Experimental Rock|Contemporary Pop/Rock|Album Rock,4,album,https://www.allmusic.com/album/heathen-mw0000222046,fed49206-4869-307d-9bfa-08109424cb73,9df4f306-75b0-4ab6-bc99-ad0dccdd81c3,e83abc6e-d2a0-4594-beb5-f7bee06385be,2002-06-11,GB,available,matched,1,I've Been Waiting For You,1789214,374,2026-09-25,https://kworb.net/spotify/artist/0oSGxfWSnnOXhD2fKuz2Gy_songs.html,highest-streaming non-feature version for normalized composition title,unmatched,,,0,,https://www.officialcharts.com/artist/19138/david-bowie/,Official Singles Chart only
23,2002,Heathen,1,7,7,I Would Be Your Slave,313800,314,5:14,2000s,Art Rock|Experimental Rock|Contemporary Pop/Rock|Album Rock,4,album,https://www.allmusic.com/album/heathen-mw0000222046,fed49206-4869-307d-9bfa-08109424cb73,9df4f306-75b0-4ab6-bc99-ad0dccdd81c3,fe4bb47c-1949-4fea-bd23-2d83a4c34676,2002-06-11,GB,available,matched,1,I Would Be Your Slave,1787551,395,2026-09-25,https://kworb.net/spotify/artist/0oSGxfWSnnOXhD2fKuz2Gy_songs.html,highest-streaming non-feature version for normalized composition title,unmatched,,,0,,https://www.officialcharts.com/artist/19138/david-bowie/,Official Singles Chart only
23,2002,Heathen,1,8,8,I Took a Trip on a Gemini Spaceship,246466,246,4:06,2000s,Art Rock|Experimental Rock|Contemporary Pop/Rock|Album Rock,4,album,https://www.allmusic.com/album/heathen-mw0000222046,fed49206-4869-307d-9bfa-08109424cb73,9df4f306-75b0-4ab6-bc99-ad0dccdd81c3,d0bcb936-fb7b-42d0-8c49-d50b92d0b836,2002-06-11,GB,available,matched,1,I Took A Trip On A Gemini Spaceship,1491461,320,2026-09-25,https://kworb.net/spotify/artist/0oSGxfWSnnOXhD2fKuz2Gy_songs.html,highest-streaming non-feature version for normalized composition title,unmatched,,,0,,https://www.officialcharts.com/artist/19138/david-bowie/,Official Singles Chart only
23,2002,Heathen,1,9,9,5:15 the Angels Have Gone,301600,302,5:02,2000s,Art Rock|Experimental Rock|Contemporary Pop/Rock|Album Rock,4,album,https://www.allmusic.com/album/heathen-mw0000222046,fed49206-4869-307d-9bfa-08109424cb73,9df4f306-75b0-4ab6-bc99-ad0dccdd81c3,3137926b-e099-4d17-bdee-c92a6b4a39e1,2002-06-11,GB,available,matched,1,5:15 The Angels Have Gone,1967217,511,2026-09-25,https://kworb.net/spotify/artist/0oSGxfWSnnOXhD2fKuz2Gy_songs.html,highest-streaming non-feature version for normalized composition title,unmatched,,,0,,https://www.officialcharts.com/artist/19138/david-bowie/,Official Singles Chart only
23,2002,Heathen,1,10,10,Everyone Says ‘Hi’,237666,238,3:58,2000s,Art Rock|Experimental Rock|Contemporary Pop/Rock|Album Rock,4,album,https://www.allmusic.com/album/heathen-mw0000222046,fed49206-4869-307d-9bfa-08109424cb73,9df4f306-75b0-4ab6-bc99-ad0dccdd81c3,03102a38-fd1a-44f8-b174-f3640848ff51,2002-06-11,GB,available,matched,2,Everyone Says 'Hi',5791980,899,2026-09-25,https://kworb.net/spotify/artist/0oSGxfWSnnOXhD2fKuz2Gy_songs.html,highest-streaming non-feature version for normalized composition title,matched,20,5,2,EVERYONE SAYS HI,https://www.officialcharts.com/artist/19138/david-bowie/,Official Singles Chart only
23,2002,Heathen,1,11,11,A Better Future,251266,251,4:11,2000s,Art Rock|Experimental Rock|Contemporary Pop/Rock|Album Rock,4,album,https://www.allmusic.com/album/heathen-mw0000222046,fed49206-4869-307d-9bfa-08109424cb73,9df4f306-75b0-4ab6-bc99-ad0dccdd81c3,4ec9b4b1-fd07-4a9f-b65c-930ea4b892cc,2002-06-11,GB,available,matched,1,A Better Future,1408762,326,2026-09-25,https://kworb.net/spotify/artist/0oSGxfWSnnOXhD2fKuz2Gy_songs.html,highest-streaming non-feature version for normalized composition title,unmatched,,,0,,https://www.officialcharts.com/artist/19138/david-bowie/,Official Singles Chart only
23,2002,Heathen,1,12,12,Heathen (The Rays),256493,256,4:16,2000s,Art Rock|Experimental Rock|Contemporary Pop/Rock|Album Rock,4,album,https://www.allmusic.com/album/heathen-mw0000222046,fed49206-4869-307d-9bfa-08109424cb73,9df4f306-75b0-4ab6-bc99-ad0dccdd81c3,a6cdcecb-b987-48ce-b639-c733c8e73f4c,2002-06-11,GB,available,matched,2,Heathen (The Rays),2264631,419,2026-09-25,https://kworb.net/spotify/artist/0oSGxfWSnnOXhD2fKuz2Gy_songs.html,highest-streaming non-feature version for normalized composition title,unmatched,,,0,,https://www.officialcharts.com/artist/19138/david-bowie/,Official Singles Chart only
24,2003,Reality,1,1,1,New Killer Star,280600,281,4:41,2000s,Experimental Rock|Album Rock|Art Rock|Contemporary Pop/Rock|Dance-Rock,5,album,https://www.allmusic.com/album/reality-mw0000449983,0f9d1be4-e975-39e9-a5ee-867c87824f42,48748fec-354c-30b3-82e5-e754fccd070d,784aad82-d122-4cf1-a53d-7bfd5cdd50b3,2003-09-16,US,available,matched,3,New Killer Star,6224560,1139,2026-09-25,https://kworb.net/spotify/artist/0oSGxfWSnnOXhD2fKuz2Gy_songs.html,highest-streaming non-feature version for normalized composition title,unmatched,,,0,,https://www.officialcharts.com/artist/19138/david-bowie/,Official Singles Chart only
24,2003,Reality,1,2,2,Pablo Picasso,245960,246,4:06,2000s,Experimental Rock|Album Rock|Art Rock|Contemporary Pop/Rock|Dance-Rock,5,album,https://www.allmusic.com/album/reality-mw0000449983,0f9d1be4-e975-39e9-a5ee-867c87824f42,48748fec-354c-30b3-82e5-e754fccd070d,5d3d5db7-500f-4ccd-ba9b-7637fe17e76e,2003-09-16,US,available,matched,1,Pablo Picasso,1897935,433,2026-09-25,https://kworb.net/spotify/artist/0oSGxfWSnnOXhD2fKuz2Gy_songs.html,highest-streaming non-feature version for normalized composition title,unmatched,,,0,,https://www.officialcharts.com/artist/19138/david-bowie/,Official Singles Chart only
24,2003,Reality,1,3,3,Never Get Old,264933,265,4:25,2000s,Experimental Rock|Album Rock|Art Rock|Contemporary Pop/Rock|Dance-Rock,5,album,https://www.allmusic.com/album/reality-mw0000449983,0f9d1be4-e975-39e9-a5ee-867c87824f42,48748fec-354c-30b3-82e5-e754fccd070d,4ef57196-29d7-45b7-97be-4a1537e157ca,2003-09-16,US,available,matched,2,Never Get Old,2518670,561,2026-09-25,https://kworb.net/spotify/artist/0oSGxfWSnnOXhD2fKuz2Gy_songs.html,highest-streaming non-feature version for normalized composition title,unmatched,,,0,,https://www.officialcharts.com/artist/19138/david-bowie/,Official Singles Chart only
24,2003,Reality,1,4,4,The Loneliest Guy,251840,252,4:12,2000s,Experimental Rock|Album Rock|Art Rock|Contemporary Pop/Rock|Dance-Rock,5,album,https://www.allmusic.com/album/reality-mw0000449983,0f9d1be4-e975-39e9-a5ee-867c87824f42,48748fec-354c-30b3-82e5-e754fccd070d,a8869236-8b80-46cf-bf68-7bd84eacb16d,2003-09-16,US,available,matched,2,The Loneliest Guy,1328364,396,2026-09-25,https://kworb.net/spotify/artist/0oSGxfWSnnOXhD2fKuz2Gy_songs.html,highest-streaming non-feature version for normalized composition title,unmatched,,,0,,https://www.officialcharts.com/artist/19138/david-bowie/,Official Singles Chart only
24,2003,Reality,1,5,5,Looking for Water,208493,208,3:28,2000s,Experimental Rock|Album Rock|Art Rock|Contemporary Pop/Rock|Dance-Rock,5,album,https://www.allmusic.com/album/reality-mw0000449983,0f9d1be4-e975-39e9-a5ee-867c87824f42,48748fec-354c-30b3-82e5-e754fccd070d,7270b19b-8c36-4fdf-8ff8-9d2cd8d9c7a7,2003-09-16,US,available,matched,1,Looking For Water,1242007,277,2026-09-25,https://kworb.net/spotify/artist/0oSGxfWSnnOXhD2fKuz2Gy_songs.html,highest-streaming non-feature version for normalized composition title,unmatched,,,0,,https://www.officialcharts.com/artist/19138/david-bowie/,Official Singles Chart only
24,2003,Reality,1,6,6,She’ll Drive the Big Car,275106,275,4:35,2000s,Experimental Rock|Album Rock|Art Rock|Contemporary Pop/Rock|Dance-Rock,5,album,https://www.allmusic.com/album/reality-mw0000449983,0f9d1be4-e975-39e9-a5ee-867c87824f42,48748fec-354c-30b3-82e5-e754fccd070d,e4224dad-3716-428e-83be-1cfe0d0c5c9b,2003-09-16,US,available,matched,1,She'll Drive The Big Car,1083385,260,2026-09-25,https://kworb.net/spotify/artist/0oSGxfWSnnOXhD2fKuz2Gy_songs.html,highest-streaming non-feature version for normalized composition title,unmatched,,,0,,https://www.officialcharts.com/artist/19138/david-bowie/,Official Singles Chart only
24,2003,Reality,1,7,7,Days,198933,199,3:19,2000s,Experimental Rock|Album Rock|Art Rock|Contemporary Pop/Rock|Dance-Rock,5,album,https://www.allmusic.com/album/reality-mw0000449983,0f9d1be4-e975-39e9-a5ee-867c87824f42,48748fec-354c-30b3-82e5-e754fccd070d,aca1ef37-251d-405f-95e8-5d25812a274c,2003-09-16,US,available,matched,1,Days,2029606,462,2026-09-25,https://kworb.net/spotify/artist/0oSGxfWSnnOXhD2fKuz2Gy_songs.html,highest-streaming non-feature version for normalized composition title,unmatched,,,0,,https://www.officialcharts.com/artist/19138/david-bowie/,Official Singles Chart only
24,2003,Reality,1,8,8,Fall Dog Bombs the Moon,244293,244,4:04,2000s,Experimental Rock|Album Rock|Art Rock|Contemporary Pop/Rock|Dance-Rock,5,album,https://www.allmusic.com/album/reality-mw0000449983,0f9d1be4-e975-39e9-a5ee-867c87824f42,48748fec-354c-30b3-82e5-e754fccd070d,0f2a0762-8457-423a-a1b7-4fee9139d5a4,2003-09-16,US,available,matched,1,Fall Dog Bombs The Moon,1267097,293,2026-09-25,https://kworb.net/spotify/artist/0oSGxfWSnnOXhD2fKuz2Gy_songs.html,highest-streaming non-feature version for normalized composition title,unmatched,,,0,,https://www.officialcharts.com/artist/19138/david-bowie/,Official Singles Chart only
24,2003,Reality,1,9,9,"Try Some, Buy Some",264840,265,4:25,2000s,Experimental Rock|Album Rock|Art Rock|Contemporary Pop/Rock|Dance-Rock,5,album,https://www.allmusic.com/album/reality-mw0000449983,0f9d1be4-e975-39e9-a5ee-867c87824f42,48748fec-354c-30b3-82e5-e754fccd070d,adfaa17c-93b0-4f8a-b885-088fd346aafa,2003-09-16,US,available,matched,1,"Try Some, Buy Some",1062081,228,2026-09-25,https://kworb.net/spotify/artist/0oSGxfWSnnOXhD2fKuz2Gy_songs.html,highest-streaming non-feature version for normalized composition title,unmatched,,,0,,https://www.officialcharts.com/artist/19138/david-bowie/,Official Singles Chart only
24,2003,Reality,1,10,10,Reality,263693,264,4:24,2000s,Experimental Rock|Album Rock|Art Rock|Contemporary Pop/Rock|Dance-Rock,5,album,https://www.allmusic.com/album/reality-mw0000449983,0f9d1be4-e975-39e9-a5ee-867c87824f42,48748fec-354c-30b3-82e5-e754fccd070d,e92cfee5-a275-4c09-91ea-f237857995ab,2003-09-16,US,available,matched,2,Reality - Live,1671927,117,2026-09-25,https://kworb.net/spotify/artist/0oSGxfWSnnOXhD2fKuz2Gy_songs.html,highest-streaming non-feature version for normalized composition title,unmatched,,,0,,https://www.officialcharts.com/artist/19138/david-bowie/,Official Singles Chart only
24,2003,Reality,1,11,11,Bring Me the Disco King,465106,465,7:45,2000s,Experimental Rock|Album Rock|Art Rock|Contemporary Pop/Rock|Dance-Rock,5,album,https://www.allmusic.com/album/reality-mw0000449983,0f9d1be4-e975-39e9-a5ee-867c87824f42,48748fec-354c-30b3-82e5-e754fccd070d,3b878eea-8619-41f6-b5e2-fd40bff02784,2003-09-16,US,available,matched,2,Bring Me The Disco King,4558507,683,2026-09-25,https://kworb.net/spotify/artist/0oSGxfWSnnOXhD2fKuz2Gy_songs.html,highest-streaming non-feature version for normalized composition title,unmatched,,,0,,https://www.officialcharts.com/artist/19138/david-bowie/,Official Singles Chart only
25,2013,The Next Day,1,1,1,The Next Day,206786,207,3:27,2010s,,0,album,https://www.allmusic.com/album/the-next-day-mw0002477437,c20be759-d767-4a7c-96c5-7a870ebc3a30,98ed8c91-e9d6-4552-8aed-97ca17363f1b,54096aea-51b1-47c5-a0c5-4d034362535b,2013,US,available,matched,1,The Next Day,8359675,794,2026-09-25,https://kworb.net/spotify/artist/0oSGxfWSnnOXhD2fKuz2Gy_songs.html,highest-streaming non-feature version for normalized composition title,unmatched,,,0,,https://www.officialcharts.com/artist/19138/david-bowie/,Official Singles Chart only
25,2013,The Next Day,1,2,2,Dirty Boys,178480,178,2:58,2010s,,0,album,https://www.allmusic.com/album/the-next-day-mw0002477437,c20be759-d767-4a7c-96c5-7a870ebc3a30,98ed8c91-e9d6-4552-8aed-97ca17363f1b,59e37b88-e122-4de3-8d5a-f2498edb0b14,2013,US,available,matched,1,Dirty Boys,4731779,346,2026-09-25,https://kworb.net/spotify/artist/0oSGxfWSnnOXhD2fKuz2Gy_songs.html,highest-streaming non-feature version for normalized composition title,unmatched,,,0,,https://www.officialcharts.com/artist/19138/david-bowie/,Official Singles Chart only
25,2013,The Next Day,1,3,3,The Stars (Are Out Tonight),237133,237,3:57,2010s,,0,album,https://www.allmusic.com/album/the-next-day-mw0002477437,c20be759-d767-4a7c-96c5-7a870ebc3a30,98ed8c91-e9d6-4552-8aed-97ca17363f1b,c0829a79-4898-4954-b5b7-e35dd6e89b1d,2013,US,available,matched,1,The Stars (Are Out Tonight),13454362,1302,2026-09-25,https://kworb.net/spotify/artist/0oSGxfWSnnOXhD2fKuz2Gy_songs.html,highest-streaming non-feature version for normalized composition title,unmatched,,,0,,https://www.officialcharts.com/artist/19138/david-bowie/,Official Singles Chart only
25,2013,The Next Day,1,4,4,Love Is Lost,237600,238,3:58,2010s,,0,album,https://www.allmusic.com/album/the-next-day-mw0002477437,c20be759-d767-4a7c-96c5-7a870ebc3a30,98ed8c91-e9d6-4552-8aed-97ca17363f1b,1b16737e-2aab-4f96-89ab-9a49f4816d41,2013,US,available,matched,1,Love Is Lost,5443143,597,2026-09-25,https://kworb.net/spotify/artist/0oSGxfWSnnOXhD2fKuz2Gy_songs.html,highest-streaming non-feature version for normalized composition title,unmatched,,,0,,https://www.officialcharts.com/artist/19138/david-bowie/,Official Singles Chart only
25,2013,The Next Day,1,5,5,Where Are We Now?,249213,249,4:09,2010s,,0,album,https://www.allmusic.com/album/the-next-day-mw0002477437,c20be759-d767-4a7c-96c5-7a870ebc3a30,98ed8c91-e9d6-4552-8aed-97ca17363f1b,8b1fb6d4-a6d7-44d9-8b9f-fedf7bab62ed,2013,US,available,matched,1,Where Are We Now?,21207367,3589,2026-09-25,https://kworb.net/spotify/artist/0oSGxfWSnnOXhD2fKuz2Gy_songs.html,highest-streaming non-feature version for normalized composition title,matched,6,2,1,WHERE ARE WE NOW,https://www.officialcharts.com/artist/19138/david-bowie/,Official Singles Chart only
25,2013,The Next Day,1,6,6,Valentine’s Day,182293,182,3:02,2010s,,0,album,https://www.allmusic.com/album/the-next-day-mw0002477437,c20be759-d767-4a7c-96c5-7a870ebc3a30,98ed8c91-e9d6-4552-8aed-97ca17363f1b,6cdc6fc1-6b69-45a6-95ed-d3de6ee79b09,2013,US,available,matched,1,Valentine's Day,12250819,1892,2026-09-25,https://kworb.net/spotify/artist/0oSGxfWSnnOXhD2fKuz2Gy_songs.html,highest-streaming non-feature version for normalized composition title,unmatched,,,0,,https://www.officialcharts.com/artist/19138/david-bowie/,Official Singles Chart only
25,2013,The Next Day,1,7,7,If You Can See Me,192386,192,3:12,2010s,,0,album,https://www.allmusic.com/album/the-next-day-mw0002477437,c20be759-d767-4a7c-96c5-7a870ebc3a30,98ed8c91-e9d6-4552-8aed-97ca17363f1b,0e93eccf-aef1-48a2-bcce-bb30768a9f1d,2013,US,available,matched,1,If You Can See Me,3581314,293,2026-09-25,https://kworb.net/spotify/artist/0oSGxfWSnnOXhD2fKuz2Gy_songs.html,highest-streaming non-feature version for normalized composition title,unmatched,,,0,,https://www.officialcharts.com/artist/19138/david-bowie/,Official Singles Chart only
25,2013,The Next Day,1,8,8,I’d Rather Be High,224960,225,3:45,2010s,,0,album,https://www.allmusic.com/album/the-next-day-mw0002477437,c20be759-d767-4a7c-96c5-7a870ebc3a30,98ed8c91-e9d6-4552-8aed-97ca17363f1b,2fab8afe-0614-482b-8583-50cd5d3e1f1b,2013,US,available,matched,1,I'd Rather Be High,4216982,362,2026-09-25,https://kworb.net/spotify/artist/0oSGxfWSnnOXhD2fKuz2Gy_songs.html,highest-streaming non-feature version for normalized composition title,unmatched,,,0,,https://www.officialcharts.com/artist/19138/david-bowie/,Official Singles Chart only
25,2013,The Next Day,1,9,9,Boss of Me,249733,250,4:10,2010s,,0,album,https://www.allmusic.com/album/the-next-day-mw0002477437,c20be759-d767-4a7c-96c5-7a870ebc3a30,98ed8c91-e9d6-4552-8aed-97ca17363f1b,65fcf625-b110-4283-b8cd-15c4111dcc56,2013,US,available,matched,1,Boss Of Me,3425760,325,2026-09-25,https://kworb.net/spotify/artist/0oSGxfWSnnOXhD2fKuz2Gy_songs.html,highest-streaming non-feature version for normalized composition title,unmatched,,,0,,https://www.officialcharts.com/artist/19138/david-bowie/,Official Singles Chart only
25,2013,The Next Day,1,10,10,Dancing Out in Space,201746,202,3:22,2010s,,0,album,https://www.allmusic.com/album/the-next-day-mw0002477437,c20be759-d767-4a7c-96c5-7a870ebc3a30,98ed8c91-e9d6-4552-8aed-97ca17363f1b,93713207-c28a-40f9-956b-b7836e42e615,2013,US,available,matched,1,Dancing Out In Space,3467954,320,2026-09-25,https://kworb.net/spotify/artist/0oSGxfWSnnOXhD2fKuz2Gy_songs.html,highest-streaming non-feature version for normalized composition title,unmatched,,,0,,https://www.officialcharts.com/artist/19138/david-bowie/,Official Singles Chart only
25,2013,The Next Day,1,11,11,How Does the Grass Grow?,274413,274,4:34,2010s,,0,album,https://www.allmusic.com/album/the-next-day-mw0002477437,c20be759-d767-4a7c-96c5-7a870ebc3a30,98ed8c91-e9d6-4552-8aed-97ca17363f1b,b94247ac-4a03-4077-99c7-d44f48951659,2013,US,available,matched,1,How Does The Grass Grow?,3175836,302,2026-09-25,https://kworb.net/spotify/artist/0oSGxfWSnnOXhD2fKuz2Gy_songs.html,highest-streaming non-feature version for normalized composition title,unmatched,,,0,,https://www.officialcharts.com/artist/19138/david-bowie/,Official Singles Chart only
25,2013,The Next Day,1,12,12,(You Will) Set the World on Fire,212280,212,3:32,2010s,,0,album,https://www.allmusic.com/album/the-next-day-mw0002477437,c20be759-d767-4a7c-96c5-7a870ebc3a30,98ed8c91-e9d6-4552-8aed-97ca17363f1b,f6776ad4-221c-4a77-8b83-161b15abed45,2013,US,available,matched,1,(You Will) Set The World On Fire,3270398,316,2026-09-25,https://kworb.net/spotify/artist/0oSGxfWSnnOXhD2fKuz2Gy_songs.html,highest-streaming non-feature version for normalized composition title,unmatched,,,0,,https://www.officialcharts.com/artist/19138/david-bowie/,Official Singles Chart only
25,2013,The Next Day,1,13,13,You Feel So Lonely You Could Die,277706,278,4:38,2010s,,0,album,https://www.allmusic.com/album/the-next-day-mw0002477437,c20be759-d767-4a7c-96c5-7a870ebc3a30,98ed8c91-e9d6-4552-8aed-97ca17363f1b,23ca8d07-7492-492a-b78a-e2d8e23e9f3e,2013,US,available,matched,1,You Feel So Lonely You Could Die,3371480,387,2026-09-25,https://kworb.net/spotify/artist/0oSGxfWSnnOXhD2fKuz2Gy_songs.html,highest-streaming non-feature version for normalized composition title,unmatched,,,0,,https://www.officialcharts.com/artist/19138/david-bowie/,Official Singles Chart only
25,2013,The Next Day,1,14,14,Heat,265253,265,4:25,2010s,,0,album,https://www.allmusic.com/album/the-next-day-mw0002477437,c20be759-d767-4a7c-96c5-7a870ebc3a30,98ed8c91-e9d6-4552-8aed-97ca17363f1b,d309b725-69a8-41ca-9247-bcc02baeeb0f,2013,US,available,matched,1,Heat,2513939,209,2026-09-25,https://kworb.net/spotify/artist/0oSGxfWSnnOXhD2fKuz2Gy_songs.html,highest-streaming non-feature version for normalized composition title,unmatched,,,0,,https://www.officialcharts.com/artist/19138/david-bowie/,Official Singles Chart only
26,2016,Blackstar,1,A1,1,★,597000,597,9:57,2010s,Art Rock|Experimental Rock|Contemporary Pop/Rock,3,album,https://www.allmusic.com/album/blackstar-mw0002894417,1fd18f5b-9a92-41fd-a590-da6b5cc60d85,c5486aa3-f9ae-4870-8df4-2c6a8f658344,d85c7c30-d49c-4b06-aa47-d255769db322,2016-01,XE,available,unmatched,0,,,,2026-09-25,https://kworb.net/spotify/artist/0oSGxfWSnnOXhD2fKuz2Gy_songs.html,,unmatched,,,0,,https://www.officialcharts.com/artist/19138/david-bowie/,Official Singles Chart only
26,2016,Blackstar,1,A2,2,’Tis a Pity She Was a Whore,292000,292,4:52,2010s,Art Rock|Experimental Rock|Contemporary Pop/Rock,3,album,https://www.allmusic.com/album/blackstar-mw0002894417,1fd18f5b-9a92-41fd-a590-da6b5cc60d85,c5486aa3-f9ae-4870-8df4-2c6a8f658344,5048b618-20d6-4d62-becf-6a8fd7015640,2016-01,XE,available,matched,1,'Tis A Pity She Was A Whore,16508915,2148,2026-09-25,https://kworb.net/spotify/artist/0oSGxfWSnnOXhD2fKuz2Gy_songs.html,highest-streaming non-feature version for normalized composition title,unmatched,,,0,,https://www.officialcharts.com/artist/19138/david-bowie/,Official Singles Chart only
26,2016,Blackstar,1,A3,3,Lazarus,382000,382,6:22,2010s,Art Rock|Experimental Rock|Contemporary Pop/Rock,3,album,https://www.allmusic.com/album/blackstar-mw0002894417,1fd18f5b-9a92-41fd-a590-da6b5cc60d85,c5486aa3-f9ae-4870-8df4-2c6a8f658344,bd0ef97e-edb6-4479-95ad-0c1957edf77b,2016-01,XE,available,matched,1,Lazarus,75335769,14600,2026-09-25,https://kworb.net/spotify/artist/0oSGxfWSnnOXhD2fKuz2Gy_songs.html,highest-streaming non-feature version for normalized composition title,matched,45,2,1,LAZARUS,https://www.officialcharts.com/artist/19138/david-bowie/,Official Singles Chart only
26,2016,Blackstar,1,B1,4,Sue (or In a Season of Crime),280000,280,4:40,2010s,Art Rock|Experimental Rock|Contemporary Pop/Rock,3,album,https://www.allmusic.com/album/blackstar-mw0002894417,1fd18f5b-9a92-41fd-a590-da6b5cc60d85,c5486aa3-f9ae-4870-8df4-2c6a8f658344,d0b14ae9-3fec-4b42-8462-1461a2061254,2016-01,XE,available,matched,2,Sue (Or In A Season Of Crime),12307943,1440,2026-09-25,https://kworb.net/spotify/artist/0oSGxfWSnnOXhD2fKuz2Gy_songs.html,highest-streaming non-feature version for normalized composition title,matched,81,1,1,SUE (OR IN A SEASON OF CRIME),https://www.officialcharts.com/artist/19138/david-bowie/,Official Singles Chart only
26,2016,Blackstar,1,B2,5,Girl Loves Me,291000,291,4:51,2010s,Art Rock|Experimental Rock|Contemporary Pop/Rock,3,album,https://www.allmusic.com/album/blackstar-mw0002894417,1fd18f5b-9a92-41fd-a590-da6b5cc60d85,c5486aa3-f9ae-4870-8df4-2c6a8f658344,1d894d12-e26c-492b-9086-b80dcb37b79c,2016-01,XE,available,matched,1,Girl Loves Me,14034381,1787,2026-09-25,https://kworb.net/spotify/artist/0oSGxfWSnnOXhD2fKuz2Gy_songs.html,highest-streaming non-feature version for normalized composition title,unmatched,,,0,,https://www.officialcharts.com/artist/19138/david-bowie/,Official Singles Chart only
26,2016,Blackstar,1,B3,6,Dollar Days,284000,284,4:44,2010s,Art Rock|Experimental Rock|Contemporary Pop/Rock,3,album,https://www.allmusic.com/album/blackstar-mw0002894417,1fd18f5b-9a92-41fd-a590-da6b5cc60d85,c5486aa3-f9ae-4870-8df4-2c6a8f658344,80e92aee-28c7-4258-9928-b48289539c57,2016-01,XE,available,matched,1,Dollar Days,13503351,1985,2026-09-25,https://kworb.net/spotify/artist/0oSGxfWSnnOXhD2fKuz2Gy_songs.html,highest-streaming non-feature version for normalized composition title,unmatched,,,0,,https://www.officialcharts.com/artist/19138/david-bowie/,Official Singles Chart only
26,2016,Blackstar,1,B4,7,I Can’t Give Everything Away,347000,347,5:47,2010s,Art Rock|Experimental Rock|Contemporary Pop/Rock,3,album,https://www.allmusic.com/album/blackstar-mw0002894417,1fd18f5b-9a92-41fd-a590-da6b5cc60d85,c5486aa3-f9ae-4870-8df4-2c6a8f658344,a2fd44ce-0e32-4615-8bc3-32f80f58f55d,2016-01,XE,available,matched,1,I Can't Give Everything Away,15225149,2358,2026-09-25,https://kworb.net/spotify/artist/0oSGxfWSnnOXhD2fKuz2Gy_songs.html,highest-streaming non-feature version for normalized composition title,unmatched,,,0,,https://www.officialcharts.com/artist/19138/david-bowie/,Official Singles Chart only
