Entity,Code,Year,Rape or colza seed - Production (tonnes)
Africa,OWID_AFR,1961,20000
Africa,OWID_AFR,1962,20000
Africa,OWID_AFR,1963,20000
Africa,OWID_AFR,1964,20000
Africa,OWID_AFR,1965,20000
Africa,OWID_AFR,1966,20000
Africa,OWID_AFR,1967,20000
Africa,OWID_AFR,1968,20000
Africa,OWID_AFR,1969,20000
Africa,OWID_AFR,1970,20500
Africa,OWID_AFR,1971,20500
Africa,OWID_AFR,1972,20500
Africa,OWID_AFR,1973,21000
Africa,OWID_AFR,1974,21000
Africa,OWID_AFR,1975,21000
Africa,OWID_AFR,1976,20000
Africa,OWID_AFR,1977,20000
Africa,OWID_AFR,1978,18000
Africa,OWID_AFR,1979,40000
Africa,OWID_AFR,1980,37690
Africa,OWID_AFR,1981,63690
Africa,OWID_AFR,1982,60027
Africa,OWID_AFR,1983,73806
Africa,OWID_AFR,1984,73469
Africa,OWID_AFR,1985,82708
Africa,OWID_AFR,1986,92810
Africa,OWID_AFR,1987,127501
Africa,OWID_AFR,1988,140900
Africa,OWID_AFR,1989,166125
Africa,OWID_AFR,1990,153100
Africa,OWID_AFR,1991,141700
Africa,OWID_AFR,1992,122400
Africa,OWID_AFR,1993,46100
Africa,OWID_AFR,1994,46056
Africa,OWID_AFR,1995,63114.86
Africa,OWID_AFR,1996,86441.71
Africa,OWID_AFR,1997,56724.71
Africa,OWID_AFR,1998,67234
Africa,OWID_AFR,1999,65917
Africa,OWID_AFR,2000,67205
Africa,OWID_AFR,2001,72386
Africa,OWID_AFR,2002,81413
Africa,OWID_AFR,2003,92620
Africa,OWID_AFR,2004,93784
Africa,OWID_AFR,2005,112654.56
Africa,OWID_AFR,2006,93860.17
Africa,OWID_AFR,2007,100332.29
Africa,OWID_AFR,2008,111493.19
Africa,OWID_AFR,2009,92363.29
Africa,OWID_AFR,2010,92144.45
Africa,OWID_AFR,2011,162636.75
Africa,OWID_AFR,2012,192527.05
Africa,OWID_AFR,2013,223363.33
Africa,OWID_AFR,2014,221028.66
Africa,OWID_AFR,2015,183577.27
Africa,OWID_AFR,2016,196873.8
Africa,OWID_AFR,2017,173853.03
Africa,OWID_AFR,2018,178342.23
Africa,OWID_AFR,2019,166530.94
Africa,OWID_AFR,2020,244908.86
Africa,OWID_AFR,2021,262975.84
Africa,OWID_AFR,2022,275777.7
Africa,OWID_AFR,2023,302393.9
Africa,OWID_AFR,2024,355119.62
Africa (FAO),,1961,20000
Africa (FAO),,1962,20000
Africa (FAO),,1963,20000
Africa (FAO),,1964,20000
Africa (FAO),,1965,20000
Africa (FAO),,1966,20000
Africa (FAO),,1967,20000
Africa (FAO),,1968,20000
Africa (FAO),,1969,20000
Africa (FAO),,1970,20500
Africa (FAO),,1971,20500
Africa (FAO),,1972,20500
Africa (FAO),,1973,21000
Africa (FAO),,1974,21000
Africa (FAO),,1975,21000
Africa (FAO),,1976,20000
Africa (FAO),,1977,20000
Africa (FAO),,1978,18000
Africa (FAO),,1979,40000
Africa (FAO),,1980,37690
Africa (FAO),,1981,63690
Africa (FAO),,1982,60027
Africa (FAO),,1983,73806
Africa (FAO),,1984,73469
Africa (FAO),,1985,82708
Africa (FAO),,1986,92810
Africa (FAO),,1987,127501
Africa (FAO),,1988,140900
Africa (FAO),,1989,166125
Africa (FAO),,1990,153100
Africa (FAO),,1991,141700
Africa (FAO),,1992,122400
Africa (FAO),,1993,46100
Africa (FAO),,1994,46056
Africa (FAO),,1995,63114.86
Africa (FAO),,1996,86441.71
Africa (FAO),,1997,56724.71
Africa (FAO),,1998,67234
Africa (FAO),,1999,65917
Africa (FAO),,2000,67205
Africa (FAO),,2001,72386
Africa (FAO),,2002,81413
Africa (FAO),,2003,92620
Africa (FAO),,2004,93784
Africa (FAO),,2005,112654.56
Africa (FAO),,2006,93860.17
Africa (FAO),,2007,100332.29
Africa (FAO),,2008,111493.19
Africa (FAO),,2009,92363.29
Africa (FAO),,2010,92144.45
Africa (FAO),,2011,162636.73
Africa (FAO),,2012,192527.05
Africa (FAO),,2013,223363.33
Africa (FAO),,2014,221028.66
Africa (FAO),,2015,183577.27
Africa (FAO),,2016,196873.81
Africa (FAO),,2017,173853.03
Africa (FAO),,2018,178342.25
Africa (FAO),,2019,166530.94
Africa (FAO),,2020,244908.86
Africa (FAO),,2021,262975.84
Africa (FAO),,2022,275777.7
Africa (FAO),,2023,302393.9
Africa (FAO),,2024,355119.62
Algeria,DZA,1961,0
Algeria,DZA,1962,0
Algeria,DZA,1963,0
Algeria,DZA,1964,0
Algeria,DZA,1965,0
Algeria,DZA,1966,0
Algeria,DZA,1967,0
Algeria,DZA,1968,0
Algeria,DZA,1969,0
Algeria,DZA,1970,0
Algeria,DZA,1971,0
Algeria,DZA,1972,0
Algeria,DZA,1973,0
Algeria,DZA,1974,0
Algeria,DZA,1975,0
Algeria,DZA,1976,0
Algeria,DZA,1977,0
Algeria,DZA,1978,0
Algeria,DZA,1979,25000
Algeria,DZA,1980,30000
Algeria,DZA,1981,48060
Algeria,DZA,1982,44327
Algeria,DZA,1983,49576
Algeria,DZA,1984,57759
Algeria,DZA,1985,66098
Algeria,DZA,1986,72700
Algeria,DZA,1987,85711
Algeria,DZA,1988,77130
Algeria,DZA,1989,90395
Algeria,DZA,1990,70000
Algeria,DZA,1991,60000
Algeria,DZA,1992,40000
Algeria,DZA,1993,35000
Algeria,DZA,1994,30000
Algeria,DZA,1995,31583.05
Algeria,DZA,1996,31687.71
Algeria,DZA,1997,31710.71
Algeria,DZA,1998,30000
Algeria,DZA,1999,31000
Algeria,DZA,2000,29000
Algeria,DZA,2001,29000
Algeria,DZA,2002,27000
Algeria,DZA,2003,28000
Algeria,DZA,2004,29000
Algeria,DZA,2005,29000
Algeria,DZA,2006,29000
Algeria,DZA,2007,29000
Algeria,DZA,2008,28905.33
Algeria,DZA,2009,25227.85
Algeria,DZA,2010,25316.44
Algeria,DZA,2011,24832.17
Algeria,DZA,2012,24347.89
Algeria,DZA,2013,23863.61
Algeria,DZA,2014,23530.26
Algeria,DZA,2015,23821.51
Algeria,DZA,2016,23755.18
Algeria,DZA,2017,23399.97
Algeria,DZA,2018,22711.12
Algeria,DZA,2019,23288.76
Algeria,DZA,2020,23038.13
Algeria,DZA,2021,23012.67
Algeria,DZA,2022,23113.19
Algeria,DZA,2023,23054.66
Algeria,DZA,2024,23060.17
Americas (FAO),,1961,299044
Americas (FAO),,1962,167951
Americas (FAO),,1963,247291
Americas (FAO),,1964,365857
Americas (FAO),,1965,594003
Americas (FAO),,1966,669197
Americas (FAO),,1967,627056
Americas (FAO),,1968,494641
Americas (FAO),,1969,828184
Americas (FAO),,1970,1714893
Americas (FAO),,1971,2245397
Americas (FAO),,1972,1384884
Americas (FAO),,1973,1252548
Americas (FAO),,1974,1204684
Americas (FAO),,1975,1906743
Americas (FAO),,1976,948132
Americas (FAO),,1977,2063840
Americas (FAO),,1978,3558276
Americas (FAO),,1979,3484240
Americas (FAO),,1980,2585982
Americas (FAO),,1981,1892390
Americas (FAO),,1982,2279220
Americas (FAO),,1983,2626942
Americas (FAO),,1984,3429090
Americas (FAO),,1985,3540915
Americas (FAO),,1986,3894548
Americas (FAO),,1987,3967707
Americas (FAO),,1988,4371603
Americas (FAO),,1989,3408163
Americas (FAO),,1990,3400234
Americas (FAO),,1991,4402084
Americas (FAO),,1992,4073556
Americas (FAO),,1993,5710416
Americas (FAO),,1994,7489515
Americas (FAO),,1995,6741012
Americas (FAO),,1996,5335821
Americas (FAO),,1997,6795097
Americas (FAO),,1998,8434924
Americas (FAO),,1999,9529062
Americas (FAO),,2000,8231671
Americas (FAO),,2001,6058200
Americas (FAO),,2002,5285687
Americas (FAO),,2003,7555653
Americas (FAO),,2004,8428918
Americas (FAO),,2005,10399834
Americas (FAO),,2006,9808746
Americas (FAO),,2007,10444757
Americas (FAO),,2008,13493365
Americas (FAO),,2009,13805029
Americas (FAO),,2010,14150869
Americas (FAO),,2011,15571488
Americas (FAO),,2012,15323125
Americas (FAO),,2013,20015748
Americas (FAO),,2014,17984224
Americas (FAO),,2015,20202738
Americas (FAO),,2016,21513968
Americas (FAO),,2017,23156320
Americas (FAO),,2018,22760400
Americas (FAO),,2019,21891806
Americas (FAO),,2020,21471452
Americas (FAO),,2021,15970867
Americas (FAO),,2022,21223014
Americas (FAO),,2023,22369684
Americas (FAO),,2024,22218992
Argentina,ARG,1961,4800
Argentina,ARG,1962,4500
Argentina,ARG,1963,5300
Argentina,ARG,1964,7350
Argentina,ARG,1965,5500
Argentina,ARG,1966,1950
Argentina,ARG,1967,1150
Argentina,ARG,1968,1700
Argentina,ARG,1969,2050
Argentina,ARG,1970,1450
Argentina,ARG,1971,2650
Argentina,ARG,1972,1370
Argentina,ARG,1973,930
Argentina,ARG,1974,400
Argentina,ARG,1975,150
Argentina,ARG,1976,400
Argentina,ARG,1977,2000
Argentina,ARG,1978,3000
Argentina,ARG,1979,5538
Argentina,ARG,1980,23052
Argentina,ARG,1981,1600
Argentina,ARG,1982,2000
Argentina,ARG,1983,2000
Argentina,ARG,1984,2000
Argentina,ARG,1985,2000
Argentina,ARG,1986,2000
Argentina,ARG,1987,2000
Argentina,ARG,1988,2000
Argentina,ARG,1989,22800
Argentina,ARG,1990,17000
Argentina,ARG,1991,17000
Argentina,ARG,1992,57052
Argentina,ARG,1993,30090
Argentina,ARG,1994,11575
Argentina,ARG,1995,21316
Argentina,ARG,1996,9305
Argentina,ARG,1997,4000
Argentina,ARG,1998,2173
Argentina,ARG,1999,2200
Argentina,ARG,2000,6015
Argentina,ARG,2001,15380
Argentina,ARG,2002,2320
Argentina,ARG,2003,10450
Argentina,ARG,2004,20285
Argentina,ARG,2005,26050
Argentina,ARG,2006,9140
Argentina,ARG,2007,11230
Argentina,ARG,2008,20411
Argentina,ARG,2009,61167
Argentina,ARG,2010,17215
Argentina,ARG,2011,23335
Argentina,ARG,2012,50620
Argentina,ARG,2013,128320
Argentina,ARG,2014,111900
Argentina,ARG,2015,104849
Argentina,ARG,2016,67381
Argentina,ARG,2017,49840
Argentina,ARG,2018,35449
Argentina,ARG,2019,39689
Argentina,ARG,2020,32514
Argentina,ARG,2021,17868
Argentina,ARG,2022,52915
Argentina,ARG,2023,38999
Argentina,ARG,2024,45162
Asia,OWID_ASI,1961,2327699
Asia,OWID_ASI,1962,2409931
Asia,OWID_ASI,1963,2312300
Asia,OWID_ASI,1964,2329850
Asia,OWID_ASI,1965,3031759
Asia,OWID_ASI,1966,2604471
Asia,OWID_ASI,1967,2651200
Asia,OWID_ASI,1968,2968554
Asia,OWID_ASI,1969,2672799
Asia,OWID_ASI,1970,2967191
Asia,OWID_ASI,1971,3680233
Asia,OWID_ASI,1972,3285037
Asia,OWID_ASI,1973,3588845
Asia,OWID_ASI,1974,3523284
Asia,OWID_ASI,1975,4197710
Asia,OWID_ASI,1976,3714528
Asia,OWID_ASI,1977,3188293
Asia,OWID_ASI,1978,3929993
Asia,OWID_ASI,1979,4803120
Asia,OWID_ASI,1980,4343252
Asia,OWID_ASI,1981,6872886
Asia,OWID_ASI,1982,8534811
Asia,OWID_ASI,1983,6990996
Asia,OWID_ASI,1984,7295945
Asia,OWID_ASI,1985,9210086
Asia,OWID_ASI,1986,9081417
Asia,OWID_ASI,1987,9661913
Asia,OWID_ASI,1988,8935844
Asia,OWID_ASI,1989,10280524
Asia,OWID_ASI,1990,11544622
Asia,OWID_ASI,1991,13128960
Asia,OWID_ASI,1992,14039978
Asia,OWID_ASI,1993,12212919
Asia,OWID_ASI,1994,13287661
Asia,OWID_ASI,1995,16026492
Asia,OWID_ASI,1996,15709248
Asia,OWID_ASI,1997,16745444
Asia,OWID_ASI,1998,13562366
Asia,OWID_ASI,1999,16350574
Asia,OWID_ASI,2000,17724892
Asia,OWID_ASI,2001,16030593
Asia,OWID_ASI,2002,16158138
Asia,OWID_ASI,2003,15879090
Asia,OWID_ASI,2004,20062092
Asia,OWID_ASI,2005,21322892
Asia,OWID_ASI,2006,19867798
Asia,OWID_ASI,2007,18935660
Asia,OWID_ASI,2008,18704138
Asia,OWID_ASI,2009,21639470
Asia,OWID_ASI,2010,20451732
Asia,OWID_ASI,2011,22458018
Asia,OWID_ASI,2012,21442710
Asia,OWID_ASI,2013,23357240
Asia,OWID_ASI,2014,23718786
Asia,OWID_ASI,2015,21201034
Asia,OWID_ASI,2016,21080870
Asia,OWID_ASI,2017,22460822
Asia,OWID_ASI,2018,23296170
Asia,OWID_ASI,2019,24205978
Asia,OWID_ASI,2020,24695036
Asia,OWID_ASI,2021,26244016
Asia,OWID_ASI,2022,28995628
Asia,OWID_ASI,2023,30916138
Asia,OWID_ASI,2024,31911276
Asia (FAO),,1961,2327699
Asia (FAO),,1962,2409931
Asia (FAO),,1963,2312300
Asia (FAO),,1964,2329850
Asia (FAO),,1965,3031759
Asia (FAO),,1966,2604471
Asia (FAO),,1967,2651200
Asia (FAO),,1968,2968554
Asia (FAO),,1969,2672799
Asia (FAO),,1970,2967191
Asia (FAO),,1971,3680233
Asia (FAO),,1972,3285037
Asia (FAO),,1973,3588845
Asia (FAO),,1974,3523284
Asia (FAO),,1975,4197710
Asia (FAO),,1976,3714528
Asia (FAO),,1977,3188293
Asia (FAO),,1978,3929993
Asia (FAO),,1979,4803120
Asia (FAO),,1980,4343252
Asia (FAO),,1981,6872886
Asia (FAO),,1982,8534811
Asia (FAO),,1983,6990996
Asia (FAO),,1984,7295945
Asia (FAO),,1985,9210086
Asia (FAO),,1986,9081417
Asia (FAO),,1987,9661913
Asia (FAO),,1988,8935844
Asia (FAO),,1989,10280524
Asia (FAO),,1990,11544622
Asia (FAO),,1991,13128960
Asia (FAO),,1992,14039978
Asia (FAO),,1993,12212919
Asia (FAO),,1994,13287661
Asia (FAO),,1995,16026492
Asia (FAO),,1996,15709248
Asia (FAO),,1997,16745444
Asia (FAO),,1998,13562366
Asia (FAO),,1999,16350574
Asia (FAO),,2000,17724892
Asia (FAO),,2001,16030593
Asia (FAO),,2002,16158138
Asia (FAO),,2003,15879090
Asia (FAO),,2004,20062092
Asia (FAO),,2005,21322892
Asia (FAO),,2006,19867798
Asia (FAO),,2007,18935660
Asia (FAO),,2008,18704138
Asia (FAO),,2009,21639470
Asia (FAO),,2010,20451732
Asia (FAO),,2011,22458018
Asia (FAO),,2012,21442710
Asia (FAO),,2013,23357240
Asia (FAO),,2014,23718786
Asia (FAO),,2015,21201034
Asia (FAO),,2016,21080870
Asia (FAO),,2017,22460822
Asia (FAO),,2018,23296170
Asia (FAO),,2019,24205978
Asia (FAO),,2020,24695036
Asia (FAO),,2021,26244016
Asia (FAO),,2022,28995628
Asia (FAO),,2023,30916138
Asia (FAO),,2024,31911276
Australia,AUS,1961,0
Australia,AUS,1962,0
Australia,AUS,1963,0
Australia,AUS,1964,0
Australia,AUS,1965,0
Australia,AUS,1966,0
Australia,AUS,1967,0
Australia,AUS,1968,508
Australia,AUS,1969,4470
Australia,AUS,1970,33630
Australia,AUS,1971,54614
Australia,AUS,1972,25037
Australia,AUS,1973,10598
Australia,AUS,1974,8533
Australia,AUS,1975,11937
Australia,AUS,1976,8509
Australia,AUS,1977,15710
Australia,AUS,1978,23426
Australia,AUS,1979,41131
Australia,AUS,1980,17233
Australia,AUS,1981,14535
Australia,AUS,1982,6748
Australia,AUS,1983,17194
Australia,AUS,1984,32370
Australia,AUS,1985,87030
Australia,AUS,1986,76470
Australia,AUS,1987,65914
Australia,AUS,1988,58252
Australia,AUS,1989,78151
Australia,AUS,1990,98399
Australia,AUS,1991,170448
Australia,AUS,1992,177902
Australia,AUS,1993,305020
Australia,AUS,1994,263892
Australia,AUS,1995,557054
Australia,AUS,1996,623239
Australia,AUS,1997,855000
Australia,AUS,1998,1690000
Australia,AUS,1999,2426000
Australia,AUS,2000,1775019
Australia,AUS,2001,1755863
Australia,AUS,2002,870827
Australia,AUS,2003,1703117
Australia,AUS,2004,1542319
Australia,AUS,2005,1418941
Australia,AUS,2006,573325
Australia,AUS,2007,1214373
Australia,AUS,2008,1844157
Australia,AUS,2009,1907272
Australia,AUS,2010,2358735
Australia,AUS,2011,3427294
Australia,AUS,2012,4141731
Australia,AUS,2013,3832049
Australia,AUS,2014,3540021
Australia,AUS,2015,2775479
Australia,AUS,2016,4313230
Australia,AUS,2017,3893071
Australia,AUS,2018,2365839.2
Australia,AUS,2019,2298529.2
Australia,AUS,2020,4756388
Australia,AUS,2021,6820287
Australia,AUS,2022,8917862
Australia,AUS,2023,7504667
Australia,AUS,2024,6396000
Austria,AUT,1961,9055
Austria,AUT,1962,8828
Austria,AUT,1963,7489
Austria,AUT,1964,10517
Austria,AUT,1965,11573
Austria,AUT,1966,13642
Austria,AUT,1967,15183
Austria,AUT,1968,11931
Austria,AUT,1969,8507
Austria,AUT,1970,7906
Austria,AUT,1971,6970
Austria,AUT,1972,6751
Austria,AUT,1973,4824
Austria,AUT,1974,4679
Austria,AUT,1975,4958
Austria,AUT,1976,4403
Austria,AUT,1977,4867
Austria,AUT,1978,6275
Austria,AUT,1979,3011
Austria,AUT,1980,8361
Austria,AUT,1981,9876
Austria,AUT,1982,9003
Austria,AUT,1983,11869
Austria,AUT,1984,12338
Austria,AUT,1985,17289
Austria,AUT,1986,20840
Austria,AUT,1987,57673
Austria,AUT,1988,81334
Austria,AUT,1989,86743
Austria,AUT,1990,101527
Austria,AUT,1991,132875
Austria,AUT,1992,132352
Austria,AUT,1993,131396
Austria,AUT,1994,217069
Austria,AUT,1995,267596
Austria,AUT,1996,120757
Austria,AUT,1997,129084
Austria,AUT,1998,128374
Austria,AUT,1999,194265
Austria,AUT,2000,125353
Austria,AUT,2001,146525
Austria,AUT,2002,128647
Austria,AUT,2003,77720
Austria,AUT,2004,120815
Austria,AUT,2005,104303
Austria,AUT,2006,137303
Austria,AUT,2007,144706
Austria,AUT,2008,174592
Austria,AUT,2009,171073
Austria,AUT,2010,170584
Austria,AUT,2011,179669
Austria,AUT,2012,148869
Austria,AUT,2013,196828
Austria,AUT,2014,198285.55
Austria,AUT,2015,111745.11
Austria,AUT,2016,141893.31
Austria,AUT,2017,116835
Austria,AUT,2018,120690
Austria,AUT,2019,107170
Austria,AUT,2020,100280
Austria,AUT,2021,86870
Austria,AUT,2022,92030
Austria,AUT,2023,86680
Austria,AUT,2024,71490
Bangladesh,BGD,1961,98552
Bangladesh,BGD,1962,104648
Bangladesh,BGD,1963,105664
Bangladesh,BGD,1964,90424
Bangladesh,BGD,1965,91440
Bangladesh,BGD,1966,96500
Bangladesh,BGD,1967,103600
Bangladesh,BGD,1968,121900
Bangladesh,BGD,1969,130100
Bangladesh,BGD,1970,128000
Bangladesh,BGD,1971,138200
Bangladesh,BGD,1972,113945
Bangladesh,BGD,1973,107864
Bangladesh,BGD,1974,99070
Bangladesh,BGD,1975,116251
Bangladesh,BGD,1976,111557
Bangladesh,BGD,1977,114270
Bangladesh,BGD,1978,134103
Bangladesh,BGD,1979,220000
Bangladesh,BGD,1980,240000
Bangladesh,BGD,1981,214000
Bangladesh,BGD,1982,231000
Bangladesh,BGD,1983,238000
Bangladesh,BGD,1984,253654
Bangladesh,BGD,1985,285444
Bangladesh,BGD,1986,260565
Bangladesh,BGD,1987,228573
Bangladesh,BGD,1988,222008
Bangladesh,BGD,1989,206943
Bangladesh,BGD,1990,217410
Bangladesh,BGD,1991,227530
Bangladesh,BGD,1992,243040
Bangladesh,BGD,1993,244300
Bangladesh,BGD,1994,239080
Bangladesh,BGD,1995,245365
Bangladesh,BGD,1996,245885
Bangladesh,BGD,1997,249355
Bangladesh,BGD,1998,253640
Bangladesh,BGD,1999,253000
Bangladesh,BGD,2000,249000
Bangladesh,BGD,2001,238000
Bangladesh,BGD,2002,233000
Bangladesh,BGD,2003,217980
Bangladesh,BGD,2004,210570
Bangladesh,BGD,2005,191375
Bangladesh,BGD,2006,183465
Bangladesh,BGD,2007,188880
Bangladesh,BGD,2008,227930
Bangladesh,BGD,2009,202717
Bangladesh,BGD,2010,221928
Bangladesh,BGD,2011,246000
Bangladesh,BGD,2012,262000
Bangladesh,BGD,2013,294000
Bangladesh,BGD,2014,296000
Bangladesh,BGD,2015,359452
Bangladesh,BGD,2016,361909
Bangladesh,BGD,2017,362860
Bangladesh,BGD,2018,351537
Bangladesh,BGD,2019,311740
Bangladesh,BGD,2020,358249
Bangladesh,BGD,2021,396594
Bangladesh,BGD,2022,409659
Bangladesh,BGD,2023,547425
Bangladesh,BGD,2024,637745
Belarus,BLR,1992,34600
Belarus,BLR,1993,20700
Belarus,BLR,1994,18700
Belarus,BLR,1995,25700
Belarus,BLR,1996,18800
Belarus,BLR,1997,21300
Belarus,BLR,1998,52000
Belarus,BLR,1999,57200
Belarus,BLR,2000,72600
Belarus,BLR,2001,94900
Belarus,BLR,2002,59600
Belarus,BLR,2003,55508
Belarus,BLR,2004,142865
Belarus,BLR,2005,149855
Belarus,BLR,2006,115042
Belarus,BLR,2007,240085
Belarus,BLR,2008,513959
Belarus,BLR,2009,610968
Belarus,BLR,2010,374522
Belarus,BLR,2011,379296
Belarus,BLR,2012,704391
Belarus,BLR,2013,675546
Belarus,BLR,2014,729622
Belarus,BLR,2015,382381
Belarus,BLR,2016,260035
Belarus,BLR,2017,602451
Belarus,BLR,2018,456263
Belarus,BLR,2019,578255
Belarus,BLR,2020,732742
Belarus,BLR,2021,715078
Belarus,BLR,2022,806019
Belarus,BLR,2023,898598
Belarus,BLR,2024,1040288
Belgium,BEL,2000,14200
Belgium,BEL,2001,18400
Belgium,BEL,2002,18300
Belgium,BEL,2003,16768
Belgium,BEL,2004,22895
Belgium,BEL,2005,24000
Belgium,BEL,2006,33976
Belgium,BEL,2007,40495
Belgium,BEL,2008,33228
Belgium,BEL,2009,41669
Belgium,BEL,2010,45665
Belgium,BEL,2011,52211
Belgium,BEL,2012,48431
Belgium,BEL,2013,60900
Belgium,BEL,2014,58500
Belgium,BEL,2015,50744
Belgium,BEL,2016,39452
Belgium,BEL,2017,46090
Belgium,BEL,2018,43300
Belgium,BEL,2019,33430
Belgium,BEL,2020,29910
Belgium,BEL,2021,28100
Belgium,BEL,2022,36900
Belgium,BEL,2023,45720
Belgium,BEL,2024,35750
Belgium-Luxembourg (FAO),,1961,158
Belgium-Luxembourg (FAO),,1962,313
Belgium-Luxembourg (FAO),,1963,111
Belgium-Luxembourg (FAO),,1964,114
Belgium-Luxembourg (FAO),,1965,191
Belgium-Luxembourg (FAO),,1966,136
Belgium-Luxembourg (FAO),,1967,1182
Belgium-Luxembourg (FAO),,1968,1637
Belgium-Luxembourg (FAO),,1969,1190
Belgium-Luxembourg (FAO),,1970,1314
Belgium-Luxembourg (FAO),,1971,1754
Belgium-Luxembourg (FAO),,1972,3215
Belgium-Luxembourg (FAO),,1973,2491
Belgium-Luxembourg (FAO),,1974,1429
Belgium-Luxembourg (FAO),,1975,1024
Belgium-Luxembourg (FAO),,1976,558
Belgium-Luxembourg (FAO),,1977,1164
Belgium-Luxembourg (FAO),,1978,1276
Belgium-Luxembourg (FAO),,1979,1264
Belgium-Luxembourg (FAO),,1980,1697
Belgium-Luxembourg (FAO),,1981,2411
Belgium-Luxembourg (FAO),,1982,5796
Belgium-Luxembourg (FAO),,1983,11179
Belgium-Luxembourg (FAO),,1984,12596
Belgium-Luxembourg (FAO),,1985,7049
Belgium-Luxembourg (FAO),,1986,9573
Belgium-Luxembourg (FAO),,1987,14947
Belgium-Luxembourg (FAO),,1988,12840
Belgium-Luxembourg (FAO),,1989,15548
Belgium-Luxembourg (FAO),,1990,21448
Belgium-Luxembourg (FAO),,1991,31273
Belgium-Luxembourg (FAO),,1992,19008
Belgium-Luxembourg (FAO),,1993,18493
Belgium-Luxembourg (FAO),,1994,22884
Belgium-Luxembourg (FAO),,1995,26000
Belgium-Luxembourg (FAO),,1996,27000
Belgium-Luxembourg (FAO),,1997,26000
Belgium-Luxembourg (FAO),,1998,29000
Belgium-Luxembourg (FAO),,1999,39000
Bosnia and Herzegovina,BIH,1992,2300
Bosnia and Herzegovina,BIH,1993,2400
Bosnia and Herzegovina,BIH,1994,2374.75
Bosnia and Herzegovina,BIH,1995,2298.1
Bosnia and Herzegovina,BIH,1996,2200
Bosnia and Herzegovina,BIH,1997,1904
Bosnia and Herzegovina,BIH,1998,811
Bosnia and Herzegovina,BIH,1999,1264
Bosnia and Herzegovina,BIH,2000,2300
Bosnia and Herzegovina,BIH,2001,3371
Bosnia and Herzegovina,BIH,2002,3000
Bosnia and Herzegovina,BIH,2003,66
Bosnia and Herzegovina,BIH,2004,403
Bosnia and Herzegovina,BIH,2005,995
Bosnia and Herzegovina,BIH,2006,2127
Bosnia and Herzegovina,BIH,2007,3925
Bosnia and Herzegovina,BIH,2008,1992
Bosnia and Herzegovina,BIH,2009,1835
Bosnia and Herzegovina,BIH,2010,1167
Bosnia and Herzegovina,BIH,2011,1530
Bosnia and Herzegovina,BIH,2012,562
Bosnia and Herzegovina,BIH,2013,1857
Bosnia and Herzegovina,BIH,2014,2047
Bosnia and Herzegovina,BIH,2015,2227
Bosnia and Herzegovina,BIH,2016,4443
Bosnia and Herzegovina,BIH,2017,6374.9
Bosnia and Herzegovina,BIH,2018,9813
Bosnia and Herzegovina,BIH,2019,8657
Bosnia and Herzegovina,BIH,2020,10142
Bosnia and Herzegovina,BIH,2021,3060
Bosnia and Herzegovina,BIH,2022,5501
Bosnia and Herzegovina,BIH,2023,6118
Bosnia and Herzegovina,BIH,2024,4554
Brazil,BRA,1961,0
Brazil,BRA,1962,0
Brazil,BRA,1963,0
Brazil,BRA,1964,0
Brazil,BRA,1965,0
Brazil,BRA,1966,0
Brazil,BRA,1967,0
Brazil,BRA,1968,0
Brazil,BRA,1969,0
Brazil,BRA,1970,0
Brazil,BRA,1971,0
Brazil,BRA,1972,0
Brazil,BRA,1973,0
Brazil,BRA,1974,0
Brazil,BRA,1975,0
Brazil,BRA,1976,0
Brazil,BRA,1977,0
Brazil,BRA,1978,0
Brazil,BRA,1979,0
Brazil,BRA,1980,3000
Brazil,BRA,1981,12400
Brazil,BRA,1982,15000
Brazil,BRA,1983,10000
Brazil,BRA,1984,9000
Brazil,BRA,1985,9000
Brazil,BRA,1986,9000
Brazil,BRA,1987,10000
Brazil,BRA,1988,10000
Brazil,BRA,1989,10000
Brazil,BRA,1990,10000
Brazil,BRA,1991,9000
Brazil,BRA,1992,10000
Brazil,BRA,1993,16000
Brazil,BRA,1994,12000
Brazil,BRA,1995,8000
Brazil,BRA,1996,9000
Brazil,BRA,1997,12000
Brazil,BRA,1998,26000
Brazil,BRA,1999,33000
Brazil,BRA,2000,41000
Brazil,BRA,2001,42000
Brazil,BRA,2002,55000
Brazil,BRA,2003,57000
Brazil,BRA,2004,57000
Brazil,BRA,2005,40000
Brazil,BRA,2006,41000
Brazil,BRA,2007,42000
Brazil,BRA,2008,44000
Brazil,BRA,2009,42000
Brazil,BRA,2010,70000
Brazil,BRA,2011,52000
Brazil,BRA,2012,61000
Brazil,BRA,2013,36000
Brazil,BRA,2014,55000
Brazil,BRA,2015,55000
Brazil,BRA,2016,69000
Brazil,BRA,2017,41000
Brazil,BRA,2018,48000
Brazil,BRA,2019,49000
Brazil,BRA,2020,43000
Brazil,BRA,2021,75600
Brazil,BRA,2022,103400
Brazil,BRA,2023,193000
Brazil,BRA,2024,309200
Bulgaria,BGR,1961,14830
Bulgaria,BGR,1962,6419
Bulgaria,BGR,1963,1249
Bulgaria,BGR,1964,2049
Bulgaria,BGR,1965,911
Bulgaria,BGR,1966,29
Bulgaria,BGR,1967,628
Bulgaria,BGR,1968,320
Bulgaria,BGR,1969,142
Bulgaria,BGR,1970,59
Bulgaria,BGR,1971,56
Bulgaria,BGR,1972,25
Bulgaria,BGR,1973,27
Bulgaria,BGR,1974,1
Bulgaria,BGR,1975,8
Bulgaria,BGR,1976,9
Bulgaria,BGR,1977,20
Bulgaria,BGR,1978,3
Bulgaria,BGR,1979,0
Bulgaria,BGR,1980,0
Bulgaria,BGR,1981,0
Bulgaria,BGR,1982,0
Bulgaria,BGR,1983,0
Bulgaria,BGR,1984,0
Bulgaria,BGR,1985,0
Bulgaria,BGR,1986,0
Bulgaria,BGR,1987,0
Bulgaria,BGR,1988,0
Bulgaria,BGR,1989,0
Bulgaria,BGR,1990,0
Bulgaria,BGR,1991,0
Bulgaria,BGR,1992,0
Bulgaria,BGR,1993,3000
Bulgaria,BGR,1994,6000
Bulgaria,BGR,1995,7000
Bulgaria,BGR,1996,6927.19
Bulgaria,BGR,1997,9830.02
Bulgaria,BGR,1998,8000
Bulgaria,BGR,1999,10000
Bulgaria,BGR,2000,20000
Bulgaria,BGR,2001,18800
Bulgaria,BGR,2002,8061
Bulgaria,BGR,2003,11291
Bulgaria,BGR,2004,22388
Bulgaria,BGR,2005,21778
Bulgaria,BGR,2006,28463
Bulgaria,BGR,2007,93018
Bulgaria,BGR,2008,231176
Bulgaria,BGR,2009,235490
Bulgaria,BGR,2010,544841
Bulgaria,BGR,2011,519910
Bulgaria,BGR,2012,271041
Bulgaria,BGR,2013,336731
Bulgaria,BGR,2014,527912
Bulgaria,BGR,2015,422092
Bulgaria,BGR,2016,509251
Bulgaria,BGR,2017,478987
Bulgaria,BGR,2018,472590
Bulgaria,BGR,2019,432490
Bulgaria,BGR,2020,279280
Bulgaria,BGR,2021,375800
Bulgaria,BGR,2022,299420
Bulgaria,BGR,2023,207040
Bulgaria,BGR,2024,159870
Canada,CAN,1961,254464
Canada,CAN,1962,132901
Canada,CAN,1963,189601
Canada,CAN,1964,300277
Canada,CAN,1965,512568
Canada,CAN,1966,585144
Canada,CAN,1967,560196
Canada,CAN,1968,439992
Canada,CAN,1969,757512
Canada,CAN,1970,1637496
Canada,CAN,1971,2154600
Canada,CAN,1972,1299564
Canada,CAN,1973,1206576
Canada,CAN,1974,1163484
Canada,CAN,1975,1839200
Canada,CAN,1976,836892
Canada,CAN,1977,1973160
Canada,CAN,1978,3497256
Canada,CAN,1979,3411072
Canada,CAN,1980,2483460
Canada,CAN,1981,1848500
Canada,CAN,1982,2246000
Canada,CAN,1983,2609000
Canada,CAN,1984,3412000
Canada,CAN,1985,3498000
Canada,CAN,1986,3786400
Canada,CAN,1987,3846200
Canada,CAN,1988,4218000
Canada,CAN,1989,3210000
Canada,CAN,1990,3266000
Canada,CAN,1991,4224200
Canada,CAN,1992,3872400
Canada,CAN,1993,5524900
Canada,CAN,1994,7232500
Canada,CAN,1995,6434200
Canada,CAN,1996,5062300
Canada,CAN,1997,6393100
Canada,CAN,1998,7643300
Canada,CAN,1999,8798300
Canada,CAN,2000,7205300
Canada,CAN,2001,5017100
Canada,CAN,2002,4520500
Canada,CAN,2003,6771200
Canada,CAN,2004,7673600
Canada,CAN,2005,9483300
Canada,CAN,2006,9000300
Canada,CAN,2007,9611100
Canada,CAN,2008,12644900
Canada,CAN,2009,12898100
Canada,CAN,2010,12788600
Canada,CAN,2011,14608100
Canada,CAN,2012,13868500
Canada,CAN,2013,18551000
Canada,CAN,2014,16410100
Canada,CAN,2015,18376500
Canada,CAN,2016,19599200
Canada,CAN,2017,21328100
Canada,CAN,2018,20723500
Canada,CAN,2019,19912300
Canada,CAN,2020,19484700
Canada,CAN,2021,14248281
Canada,CAN,2022,18849800
Canada,CAN,2023,19463562
Canada,CAN,2024,19239464
Central America (FAO),,1961,4000
Central America (FAO),,1962,2000
Central America (FAO),,1963,3000
Central America (FAO),,1964,2000
Central America (FAO),,1965,4000
Central America (FAO),,1966,5000
Central America (FAO),,1967,5000
Central America (FAO),,1968,5000
Central America (FAO),,1969,5000
Central America (FAO),,1970,6000
Central America (FAO),,1971,6000
Central America (FAO),,1972,6000
Central America (FAO),,1973,5000
Central America (FAO),,1974,6000
Central America (FAO),,1975,6000
Central America (FAO),,1976,6000
Central America (FAO),,1977,6000
Central America (FAO),,1978,6000
Central America (FAO),,1979,3000
Central America (FAO),,1980,3000
Central America (FAO),,1981,3000
Central America (FAO),,1982,3000
Central America (FAO),,1983,3000
Central America (FAO),,1984,2000
Central America (FAO),,1985,3
Central America (FAO),,1986,45
Central America (FAO),,1987,18
Central America (FAO),,1988,2
Central America (FAO),,1989,20
Central America (FAO),,1990,35
Central America (FAO),,1991,198
Central America (FAO),,1992,505
Central America (FAO),,1993,669
Central America (FAO),,1994,2051
Central America (FAO),,1995,1006
Central America (FAO),,1996,1342
Central America (FAO),,1997,680
Central America (FAO),,1998,2000
Central America (FAO),,1999,3000
Central America (FAO),,2000,14000
Central America (FAO),,2001,2000
Central America (FAO),,2002,1000
Central America (FAO),,2003,1000
Central America (FAO),,2004,2000
Central America (FAO),,2005,5000
Central America (FAO),,2006,8000
Central America (FAO),,2007,4000
Central America (FAO),,2008,4000
Central America (FAO),,2009,3000
Central America (FAO),,2010,8000
Central America (FAO),,2011,4000
Central America (FAO),,2012,3000
Central America (FAO),,2013,3000
Central America (FAO),,2014,2000
Central America (FAO),,2015,11000
Central America (FAO),,2016,4000
Central America (FAO),,2017,1000
Central America (FAO),,2018,2000
Central America (FAO),,2019,2000
Central America (FAO),,2020,2000
Central America (FAO),,2021,2000
Central America (FAO),,2022,1000
Central America (FAO),,2023,1000
Central America (FAO),,2024,2000
Central Asia (FAO),,1992,56040
Central Asia (FAO),,1993,18540
Central Asia (FAO),,1994,26129
Central Asia (FAO),,1995,11650.73
Central Asia (FAO),,1996,5282
Central Asia (FAO),,1997,6509
Central Asia (FAO),,1998,4817
Central Asia (FAO),,1999,13101
Central Asia (FAO),,2000,5045
Central Asia (FAO),,2001,7052.89
Central Asia (FAO),,2002,3883
Central Asia (FAO),,2003,9482
Central Asia (FAO),,2004,7004.09
Central Asia (FAO),,2005,32638.16
Central Asia (FAO),,2006,65880
Central Asia (FAO),,2007,120373
Central Asia (FAO),,2008,84408.76
Central Asia (FAO),,2009,109053.91
Central Asia (FAO),,2010,110921.2
Central Asia (FAO),,2011,150146.97
Central Asia (FAO),,2012,118387.4
Central Asia (FAO),,2013,243328.8
Central Asia (FAO),,2014,242734.3
Central Asia (FAO),,2015,139492.12
Central Asia (FAO),,2016,171124.67
Central Asia (FAO),,2017,280589.8
Central Asia (FAO),,2018,395927.53
Central Asia (FAO),,2019,242277.61
Central Asia (FAO),,2020,154735.56
Central Asia (FAO),,2021,147228.72
Central Asia (FAO),,2022,190117.47
Central Asia (FAO),,2023,124694.42
Central Asia (FAO),,2024,287519.4
Chile,CHL,1961,35780
Chile,CHL,1962,28550
Chile,CHL,1963,49390
Chile,CHL,1964,56230
Chile,CHL,1965,71935
Chile,CHL,1966,77103
Chile,CHL,1967,60710
Chile,CHL,1968,47949
Chile,CHL,1969,63622
Chile,CHL,1970,69947
Chile,CHL,1971,82147
Chile,CHL,1972,77950
Chile,CHL,1973,40042
Chile,CHL,1974,34800
Chile,CHL,1975,61393
Chile,CHL,1976,104840
Chile,CHL,1977,82680
Chile,CHL,1978,52020
Chile,CHL,1979,64630
Chile,CHL,1980,73470
Chile,CHL,1981,26890
Chile,CHL,1982,13220
Chile,CHL,1983,2942
Chile,CHL,1984,4090
Chile,CHL,1985,31912
Chile,CHL,1986,97103
Chile,CHL,1987,95139
Chile,CHL,1988,122591
Chile,CHL,1989,112913
Chile,CHL,1990,53199
Chile,CHL,1991,57680
Chile,CHL,1992,61709
Chile,CHL,1993,20867
Chile,CHL,1994,22719
Chile,CHL,1995,26353
Chile,CHL,1996,34446
Chile,CHL,1997,30407
Chile,CHL,1998,51961
Chile,CHL,1999,71712
Chile,CHL,2000,47730
Chile,CHL,2001,67370
Chile,CHL,2002,3500
Chile,CHL,2003,19541
Chile,CHL,2004,18500
Chile,CHL,2005,44000
Chile,CHL,2006,47200
Chile,CHL,2007,40908
Chile,CHL,2008,66590
Chile,CHL,2009,78501
Chile,CHL,2010,43933.7
Chile,CHL,2011,71466
Chile,CHL,2012,113643
Chile,CHL,2013,155877
Chile,CHL,2014,136331
Chile,CHL,2015,201480.2
Chile,CHL,2016,212016
Chile,CHL,2017,183190.8
Chile,CHL,2018,219780.6
Chile,CHL,2019,185317.5
Chile,CHL,2020,153533
Chile,CHL,2021,140585.8
Chile,CHL,2022,134962.28
Chile,CHL,2023,123023
Chile,CHL,2024,123067.52
China,CHN,1961,380000
China,CHN,1962,488000
China,CHN,1963,518000
China,CHN,1964,939000
China,CHN,1965,1089000
China,CHN,1966,906000
China,CHN,1967,1007000
China,CHN,1968,905000
China,CHN,1969,878000
China,CHN,1970,965000
China,CHN,1971,1233000
China,CHN,1972,1397000
China,CHN,1973,1353000
China,CHN,1974,1382000
China,CHN,1975,1535000
China,CHN,1976,1348000
China,CHN,1977,1170000
China,CHN,1978,1868000
China,CHN,1979,2402000
China,CHN,1980,2384000
China,CHN,1981,4065000
China,CHN,1982,5656000
China,CHN,1983,4287000
China,CHN,1984,4205000
China,CHN,1985,5606966
China,CHN,1986,5881000
China,CHN,1987,6605000
China,CHN,1988,5044341
China,CHN,1989,5436193
China,CHN,1990,6958141
China,CHN,1991,7436000
China,CHN,1992,7653000
China,CHN,1993,6939000
China,CHN,1994,7491900
China,CHN,1995,9777000
China,CHN,1996,9201122
China,CHN,1997,9544000
China,CHN,1998,8300525
China,CHN,1999,10132000
China,CHN,2000,11380579
China,CHN,2001,11331445
China,CHN,2002,10552249
China,CHN,2003,11420000
China,CHN,2004,13182000
China,CHN,2005,13052255
China,CHN,2006,10966000
China,CHN,2007,10572561
China,CHN,2008,12101700
China,CHN,2009,13657000
China,CHN,2010,13082000
China,CHN,2011,13426000
China,CHN,2012,14007307
China,CHN,2013,14458015
China,CHN,2014,14772200
China,CHN,2015,13859000
China,CHN,2016,13128000
China,CHN,2017,13274100
China,CHN,2018,13281200
China,CHN,2019,13484700
China,CHN,2020,14049100
China,CHN,2021,14713500
China,CHN,2022,15531400
China,CHN,2023,16317400
China,CHN,2024,16868900
China (FAO),,1961,388005
China (FAO),,1962,497994
China (FAO),,1963,531072
China (FAO),,1964,966343
China (FAO),,1965,1111908
China (FAO),,1966,914351
China (FAO),,1967,1011931
China (FAO),,1968,908545
China (FAO),,1969,880718
China (FAO),,1970,967421
China (FAO),,1971,1234720
China (FAO),,1972,1399430
China (FAO),,1973,1354709
China (FAO),,1974,1383383
China (FAO),,1975,1539499
China (FAO),,1976,1352604
China (FAO),,1977,1173295
China (FAO),,1978,1871087
China (FAO),,1979,2404444
China (FAO),,1980,2386036
China (FAO),,1981,4066563
China (FAO),,1982,5657334
China (FAO),,1983,4287921
China (FAO),,1984,4205653
China (FAO),,1985,5607457
China (FAO),,1986,5881530
China (FAO),,1987,6605327
China (FAO),,1988,5044476
China (FAO),,1989,5436218
China (FAO),,1990,6958205
China (FAO),,1991,7436051
China (FAO),,1992,7653052
China (FAO),,1993,6939107
China (FAO),,1994,7492118
China (FAO),,1995,9777014
China (FAO),,1996,9201130
China (FAO),,1997,9544005
China (FAO),,1998,8300542
China (FAO),,1999,10132016
China (FAO),,2000,11380579
China (FAO),,2001,11331466
China (FAO),,2002,10552254
China (FAO),,2003,11420006
China (FAO),,2004,13182010
China (FAO),,2005,13052264
China (FAO),,2006,10966009
China (FAO),,2007,10572571
China (FAO),,2008,12101708
China (FAO),,2009,13657009
China (FAO),,2010,13082010
China (FAO),,2011,13426010
China (FAO),,2012,14007317
China (FAO),,2013,14458025
China (FAO),,2014,14772208
China (FAO),,2015,13859007
China (FAO),,2016,13128008
China (FAO),,2017,13274108
China (FAO),,2018,13281208
China (FAO),,2019,13484708
China (FAO),,2020,14049108
China (FAO),,2021,14713508
China (FAO),,2022,15531408
China (FAO),,2023,16317408
China (FAO),,2024,16868908
Colombia,COL,1961,0
Colombia,COL,1962,0
Colombia,COL,1963,0
Colombia,COL,1964,0
Colombia,COL,1965,0
Colombia,COL,1966,0
Colombia,COL,1967,0
Colombia,COL,1968,0
Colombia,COL,1969,0
Colombia,COL,1970,0
Colombia,COL,1971,0
Colombia,COL,1972,0
Colombia,COL,1973,0
Colombia,COL,1974,0
Colombia,COL,1975,0
Colombia,COL,1976,0
Colombia,COL,1977,0
Colombia,COL,1978,0
Colombia,COL,1979,0
Colombia,COL,1980,0
Colombia,COL,1981,0
Colombia,COL,1982,0
Colombia,COL,1983,0
Colombia,COL,1984,0
Colombia,COL,1985,0
Colombia,COL,1986,0
Colombia,COL,1987,2100
Colombia,COL,1988,1310
Colombia,COL,1989,430
Colombia,COL,1990,0
Colombia,COL,1991,0
Colombia,COL,1992,0
Croatia,HRV,1992,24183
Croatia,HRV,1993,28665
Croatia,HRV,1994,28341
Croatia,HRV,1995,24472
Croatia,HRV,1996,11661
Croatia,HRV,1997,11181
Croatia,HRV,1998,21967
Croatia,HRV,1999,32581
Croatia,HRV,2000,29436
Croatia,HRV,2001,22456
Croatia,HRV,2002,25585
Croatia,HRV,2003,28596
Croatia,HRV,2004,31392
Croatia,HRV,2005,41275
Croatia,HRV,2006,19996
Croatia,HRV,2007,39330
Croatia,HRV,2008,62942
Croatia,HRV,2009,80424
Croatia,HRV,2010,33047
Croatia,HRV,2011,49483
Croatia,HRV,2012,26406
Croatia,HRV,2013,47827
Croatia,HRV,2014,71228
Croatia,HRV,2015,56783
Croatia,HRV,2016,112990
Croatia,HRV,2017,135810
Croatia,HRV,2018,155840
Croatia,HRV,2019,103900
Croatia,HRV,2020,119670
Croatia,HRV,2021,73420
Croatia,HRV,2022,58070
Croatia,HRV,2023,43050
Croatia,HRV,2024,53090
Cyprus,CYP,2018,0
Cyprus,CYP,2023,0
Cyprus,CYP,2024,0
Czechia,CZE,1993,377233
Czechia,CZE,1994,451628
Czechia,CZE,1995,662176
Czechia,CZE,1996,520572
Czechia,CZE,1997,560509
Czechia,CZE,1998,680216
Czechia,CZE,1999,931053
Czechia,CZE,2000,844428
Czechia,CZE,2001,973321
Czechia,CZE,2002,709533
Czechia,CZE,2003,387805
Czechia,CZE,2004,934674
Czechia,CZE,2005,769377
Czechia,CZE,2006,880172
Czechia,CZE,2007,1031920
Czechia,CZE,2008,1048943
Czechia,CZE,2009,1128119
Czechia,CZE,2010,1042418
Czechia,CZE,2011,1046071
Czechia,CZE,2012,1109137
Czechia,CZE,2013,1443210
Czechia,CZE,2014,1537320
Czechia,CZE,2015,1256212
Czechia,CZE,2016,1359125
Czechia,CZE,2017,1146223.8
Czechia,CZE,2018,1410770
Czechia,CZE,2019,1156970
Czechia,CZE,2020,1245330
Czechia,CZE,2021,1024930
Czechia,CZE,2022,1166390
Czechia,CZE,2023,1309500
Czechia,CZE,2024,946890
Czechoslovakia,OWID_CZS,1961,83870
Czechoslovakia,OWID_CZS,1962,48170
Czechoslovakia,OWID_CZS,1963,41474
Czechoslovakia,OWID_CZS,1964,46249
Czechoslovakia,OWID_CZS,1965,74383
Czechoslovakia,OWID_CZS,1966,77900
Czechoslovakia,OWID_CZS,1967,85004
Czechoslovakia,OWID_CZS,1968,72817
Czechoslovakia,OWID_CZS,1969,47677
Czechoslovakia,OWID_CZS,1970,62757
Czechoslovakia,OWID_CZS,1971,100644
Czechoslovakia,OWID_CZS,1972,106800
Czechoslovakia,OWID_CZS,1973,116774
Czechoslovakia,OWID_CZS,1974,93732
Czechoslovakia,OWID_CZS,1975,130990
Czechoslovakia,OWID_CZS,1976,133956
Czechoslovakia,OWID_CZS,1977,162135
Czechoslovakia,OWID_CZS,1978,165848
Czechoslovakia,OWID_CZS,1979,79944
Czechoslovakia,OWID_CZS,1980,214032
Czechoslovakia,OWID_CZS,1981,199560
Czechoslovakia,OWID_CZS,1982,178373
Czechoslovakia,OWID_CZS,1983,314225
Czechoslovakia,OWID_CZS,1984,299729
Czechoslovakia,OWID_CZS,1985,284752
Czechoslovakia,OWID_CZS,1986,305622
Czechoslovakia,OWID_CZS,1987,337238
Czechoslovakia,OWID_CZS,1988,380348
Czechoslovakia,OWID_CZS,1989,386643
Czechoslovakia,OWID_CZS,1990,380226
Czechoslovakia,OWID_CZS,1991,445640
Czechoslovakia,OWID_CZS,1992,430000
Denmark,DNK,1961,27038
Denmark,DNK,1962,52100
Denmark,DNK,1963,26361
Denmark,DNK,1964,52255
Denmark,DNK,1965,49931
Denmark,DNK,1966,33087
Denmark,DNK,1967,39184
Denmark,DNK,1968,29856
Denmark,DNK,1969,21133
Denmark,DNK,1970,22243
Denmark,DNK,1971,46029
Denmark,DNK,1972,50446
Denmark,DNK,1973,92304
Denmark,DNK,1974,111853
Denmark,DNK,1975,130561
Denmark,DNK,1976,81058
Denmark,DNK,1977,77336
Denmark,DNK,1978,91227
Denmark,DNK,1979,149759
Denmark,DNK,1980,196480
Denmark,DNK,1981,265701
Denmark,DNK,1982,335034
Denmark,DNK,1983,309315
Denmark,DNK,1984,473600
Denmark,DNK,1985,544000
Denmark,DNK,1986,618000
Denmark,DNK,1987,556000
Denmark,DNK,1988,504000
Denmark,DNK,1989,655000
Denmark,DNK,1990,793000
Denmark,DNK,1991,726000
Denmark,DNK,1992,406000
Denmark,DNK,1993,417000
Denmark,DNK,1994,370662
Denmark,DNK,1995,312437
Denmark,DNK,1996,251000
Denmark,DNK,1997,291000
Denmark,DNK,1998,358800
Denmark,DNK,1999,411090
Denmark,DNK,2000,293900
Denmark,DNK,2001,211577
Denmark,DNK,2002,218000
Denmark,DNK,2003,354200
Denmark,DNK,2004,468100
Denmark,DNK,2005,342200
Denmark,DNK,2006,434700
Denmark,DNK,2007,588600
Denmark,DNK,2008,629200
Denmark,DNK,2009,637400
Denmark,DNK,2010,579800
Denmark,DNK,2011,508300
Denmark,DNK,2012,484600
Denmark,DNK,2013,687655
Denmark,DNK,2014,708900
Denmark,DNK,2015,826000
Denmark,DNK,2016,506200
Denmark,DNK,2017,742300
Denmark,DNK,2018,489100
Denmark,DNK,2019,729000
Denmark,DNK,2020,560200
Denmark,DNK,2021,650900
Denmark,DNK,2022,889200
Denmark,DNK,2023,822700
Denmark,DNK,2024,696900
Eastern Africa (FAO),,1961,20000
Eastern Africa (FAO),,1962,20000
Eastern Africa (FAO),,1963,20000
Eastern Africa (FAO),,1964,20000
Eastern Africa (FAO),,1965,20000
Eastern Africa (FAO),,1966,20000
Eastern Africa (FAO),,1967,20000
Eastern Africa (FAO),,1968,20000
Eastern Africa (FAO),,1969,20000
Eastern Africa (FAO),,1970,20500
Eastern Africa (FAO),,1971,20500
Eastern Africa (FAO),,1972,20500
Eastern Africa (FAO),,1973,21000
Eastern Africa (FAO),,1974,21000
Eastern Africa (FAO),,1975,21000
Eastern Africa (FAO),,1976,20000
Eastern Africa (FAO),,1977,20000
Eastern Africa (FAO),,1978,18000
Eastern Africa (FAO),,1979,15000
Eastern Africa (FAO),,1980,7690
Eastern Africa (FAO),,1981,15150
Eastern Africa (FAO),,1982,15100
Eastern Africa (FAO),,1983,23630
Eastern Africa (FAO),,1984,15110
Eastern Africa (FAO),,1985,16010
Eastern Africa (FAO),,1986,19510
Eastern Africa (FAO),,1987,40990
Eastern Africa (FAO),,1988,63170
Eastern Africa (FAO),,1989,74030
Eastern Africa (FAO),,1990,78300
Eastern Africa (FAO),,1991,80000
Eastern Africa (FAO),,1992,81000
Eastern Africa (FAO),,1993,9000
Eastern Africa (FAO),,1994,9500
Eastern Africa (FAO),,1995,12713.81
Eastern Africa (FAO),,1996,40234
Eastern Africa (FAO),,1997,8694
Eastern Africa (FAO),,1998,9964
Eastern Africa (FAO),,1999,8417
Eastern Africa (FAO),,2000,13905
Eastern Africa (FAO),,2001,14736
Eastern Africa (FAO),,2002,16943
Eastern Africa (FAO),,2003,19850
Eastern Africa (FAO),,2004,29284
Eastern Africa (FAO),,2005,35838
Eastern Africa (FAO),,2006,24351
Eastern Africa (FAO),,2007,29206
Eastern Africa (FAO),,2008,47721
Eastern Africa (FAO),,2009,22628
Eastern Africa (FAO),,2010,25680
Eastern Africa (FAO),,2011,74666
Eastern Africa (FAO),,2012,84750
Eastern Africa (FAO),,2013,82980
Eastern Africa (FAO),,2014,70880
Eastern Africa (FAO),,2015,60960
Eastern Africa (FAO),,2016,62474
Eastern Africa (FAO),,2017,50397
Eastern Africa (FAO),,2018,45059
Eastern Africa (FAO),,2019,42046.19
Eastern Africa (FAO),,2020,48870
Eastern Africa (FAO),,2021,33502.58
Eastern Africa (FAO),,2022,34664.5
Eastern Africa (FAO),,2023,34603
Eastern Africa (FAO),,2024,36385
Eastern Asia (FAO),,1961,662767
Eastern Asia (FAO),,1962,750103
Eastern Asia (FAO),,1963,641786
Eastern Asia (FAO),,1964,1106096
Eastern Asia (FAO),,1965,1243429
Eastern Asia (FAO),,1966,1021111
Eastern Asia (FAO),,1967,1109000
Eastern Asia (FAO),,1968,997934
Eastern Asia (FAO),,1969,959899
Eastern Asia (FAO),,1970,1022591
Eastern Asia (FAO),,1971,1294393
Eastern Asia (FAO),,1972,1436152
Eastern Asia (FAO),,1973,1385431
Eastern Asia (FAO),,1974,1426392
Eastern Asia (FAO),,1975,1581435
Eastern Asia (FAO),,1976,1393951
Eastern Asia (FAO),,1977,1213129
Eastern Asia (FAO),,1978,1897590
Eastern Asia (FAO),,1979,2431820
Eastern Asia (FAO),,1980,2416652
Eastern Asia (FAO),,1981,4096086
Eastern Asia (FAO),,1982,5681511
Eastern Asia (FAO),,1983,4299396
Eastern Asia (FAO),,1984,4216841
Eastern Asia (FAO),,1985,5616392
Eastern Asia (FAO),,1986,5890331
Eastern Asia (FAO),,1987,6615100
Eastern Asia (FAO),,1988,5053736
Eastern Asia (FAO),,1989,5444781
Eastern Asia (FAO),,1990,6966712
Eastern Asia (FAO),,1991,7442784
Eastern Asia (FAO),,1992,7657698
Eastern Asia (FAO),,1993,6943170
Eastern Asia (FAO),,1994,7497142
Eastern Asia (FAO),,1995,9782067
Eastern Asia (FAO),,1996,9204076
Eastern Asia (FAO),,1997,9546070
Eastern Asia (FAO),,1998,8302694
Eastern Asia (FAO),,1999,10134744
Eastern Asia (FAO),,2000,11383966
Eastern Asia (FAO),,2001,11334414
Eastern Asia (FAO),,2002,10553964
Eastern Asia (FAO),,2003,11421889
Eastern Asia (FAO),,2004,13184402
Eastern Asia (FAO),,2005,13054880
Eastern Asia (FAO),,2006,10978748
Eastern Asia (FAO),,2007,10581790
Eastern Asia (FAO),,2008,12108933
Eastern Asia (FAO),,2009,13663613
Eastern Asia (FAO),,2010,13096232
Eastern Asia (FAO),,2011,13435532
Eastern Asia (FAO),,2012,14031423
Eastern Asia (FAO),,2013,14502594
Eastern Asia (FAO),,2014,14826900
Eastern Asia (FAO),,2015,13886312
Eastern Asia (FAO),,2016,13154118
Eastern Asia (FAO),,2017,13292641
Eastern Asia (FAO),,2018,13309249
Eastern Asia (FAO),,2019,13523651
Eastern Asia (FAO),,2020,14076202
Eastern Asia (FAO),,2021,14769500
Eastern Asia (FAO),,2022,15585303
Eastern Asia (FAO),,2023,16377350
Eastern Asia (FAO),,2024,16932402
Eastern Europe (FAO),,1961,395754
Eastern Europe (FAO),,1962,438581
Eastern Europe (FAO),,1963,280325
Eastern Europe (FAO),,1964,326080
Eastern Europe (FAO),,1965,602217
Eastern Europe (FAO),,1966,545816
Eastern Europe (FAO),,1967,759893
Eastern Europe (FAO),,1968,600606
Eastern Europe (FAO),,1969,277700
Eastern Europe (FAO),,1970,681012
Eastern Europe (FAO),,1971,776773
Eastern Europe (FAO),,1972,600295
Eastern Europe (FAO),,1973,720526
Eastern Europe (FAO),,1974,685024
Eastern Europe (FAO),,1975,948779
Eastern Europe (FAO),,1976,1210396
Eastern Europe (FAO),,1977,976307
Eastern Europe (FAO),,1978,988115
Eastern Europe (FAO),,1979,372388
Eastern Europe (FAO),,1980,917755
Eastern Europe (FAO),,1981,813658
Eastern Europe (FAO),,1982,756956
Eastern Europe (FAO),,1983,1053196
Eastern Europe (FAO),,1984,1414066
Eastern Europe (FAO),,1985,1551545
Eastern Europe (FAO),,1986,1848603
Eastern Europe (FAO),,1987,1935289
Eastern Europe (FAO),,1988,2094090
Eastern Europe (FAO),,1989,2512353
Eastern Europe (FAO),,1990,2208769
Eastern Europe (FAO),,1991,1997348
Eastern Europe (FAO),,1992,1506109
Eastern Europe (FAO),,1993,1217715
Eastern Europe (FAO),,1994,1520291
Eastern Europe (FAO),,1995,2472426
Eastern Europe (FAO),,1996,1435328.2
Eastern Europe (FAO),,1997,1687167
Eastern Europe (FAO),,1998,2246410
Eastern Europe (FAO),,1999,3087620
Eastern Europe (FAO),,2000,2566108
Eastern Europe (FAO),,2001,2950226.5
Eastern Europe (FAO),,2002,2407805
Eastern Europe (FAO),,2003,1666635.8
Eastern Europe (FAO),,2004,3811533
Eastern Europe (FAO),,2005,3648324
Eastern Europe (FAO),,2006,4582648
Eastern Europe (FAO),,2007,6375302
Eastern Europe (FAO),,2008,9372472
Eastern Europe (FAO),,2009,8616346
Eastern Europe (FAO),,2010,8171343
Eastern Europe (FAO),,2011,7863800
Eastern Europe (FAO),,2012,6943482
Eastern Europe (FAO),,2013,10386634
Eastern Europe (FAO),,2014,11882519
Eastern Europe (FAO),,2015,9357969
Eastern Europe (FAO),,2016,9193925
Eastern Europe (FAO),,2017,11755582
Eastern Europe (FAO),,2018,12369047
Eastern Europe (FAO),,2019,11987043
Eastern Europe (FAO),,2020,12519832
Eastern Europe (FAO),,2021,13525589
Eastern Europe (FAO),,2022,15849678
Eastern Europe (FAO),,2023,17540948
Eastern Europe (FAO),,2024,15583815
Estonia,EST,1992,2334
Estonia,EST,1993,1727
Estonia,EST,1994,2167
Estonia,EST,1995,7025
Estonia,EST,1996,10007
Estonia,EST,1997,9614
Estonia,EST,1998,17900
Estonia,EST,1999,29800
Estonia,EST,2000,38598
Estonia,EST,2001,41300
Estonia,EST,2002,63865
Estonia,EST,2003,69235
Estonia,EST,2004,68598
Estonia,EST,2005,83067
Estonia,EST,2006,84609
Estonia,EST,2007,133340
Estonia,EST,2008,111149
Estonia,EST,2009,135992
Estonia,EST,2010,131022
Estonia,EST,2011,144194
Estonia,EST,2012,157816
Estonia,EST,2013,174028
Estonia,EST,2014,166495
Estonia,EST,2015,196300
Estonia,EST,2016,102481
Estonia,EST,2017,165270
Estonia,EST,2018,113590
Estonia,EST,2019,191370
Estonia,EST,2020,202950
Estonia,EST,2021,216070
Estonia,EST,2022,218670
Estonia,EST,2023,137930
Estonia,EST,2024,96070
Ethiopia,ETH,1993,9000
Ethiopia,ETH,1994,9500
Ethiopia,ETH,1995,12713.81
Ethiopia,ETH,1996,40234
Ethiopia,ETH,1997,8694
Ethiopia,ETH,1998,9964
Ethiopia,ETH,1999,8417
Ethiopia,ETH,2000,13905
Ethiopia,ETH,2001,14736
Ethiopia,ETH,2002,16943
Ethiopia,ETH,2003,19850
Ethiopia,ETH,2004,29284
Ethiopia,ETH,2005,35838
Ethiopia,ETH,2006,24351
Ethiopia,ETH,2007,29206
Ethiopia,ETH,2008,47721
Ethiopia,ETH,2009,22628
Ethiopia,ETH,2010,25680
Ethiopia,ETH,2011,74666
Ethiopia,ETH,2012,84750
Ethiopia,ETH,2013,82980
Ethiopia,ETH,2014,70880
Ethiopia,ETH,2015,60960
Ethiopia,ETH,2016,62474
Ethiopia,ETH,2017,50397
Ethiopia,ETH,2018,45059
Ethiopia,ETH,2019,42046.19
Ethiopia,ETH,2020,48870
Ethiopia,ETH,2021,19071.58
Ethiopia,ETH,2022,20070.5
Ethiopia,ETH,2023,20000
Ethiopia,ETH,2024,22000
Ethiopia (former),OWID_ERE,1961,20000
Ethiopia (former),OWID_ERE,1962,20000
Ethiopia (former),OWID_ERE,1963,20000
Ethiopia (former),OWID_ERE,1964,20000
Ethiopia (former),OWID_ERE,1965,20000
Ethiopia (former),OWID_ERE,1966,20000
Ethiopia (former),OWID_ERE,1967,20000
Ethiopia (former),OWID_ERE,1968,20000
Ethiopia (former),OWID_ERE,1969,20000
Ethiopia (former),OWID_ERE,1970,20500
Ethiopia (former),OWID_ERE,1971,20500
Ethiopia (former),OWID_ERE,1972,20500
Ethiopia (former),OWID_ERE,1973,21000
Ethiopia (former),OWID_ERE,1974,21000
Ethiopia (former),OWID_ERE,1975,21000
Ethiopia (former),OWID_ERE,1976,20000
Ethiopia (former),OWID_ERE,1977,20000
Ethiopia (former),OWID_ERE,1978,18000
Ethiopia (former),OWID_ERE,1979,15000
Ethiopia (former),OWID_ERE,1980,7690
Ethiopia (former),OWID_ERE,1981,15150
Ethiopia (former),OWID_ERE,1982,15100
Ethiopia (former),OWID_ERE,1983,23630
Ethiopia (former),OWID_ERE,1984,15110
Ethiopia (former),OWID_ERE,1985,16010
Ethiopia (former),OWID_ERE,1986,19510
Ethiopia (former),OWID_ERE,1987,40990
Ethiopia (former),OWID_ERE,1988,63170
Ethiopia (former),OWID_ERE,1989,74030
Ethiopia (former),OWID_ERE,1990,78300
Ethiopia (former),OWID_ERE,1991,80000
Ethiopia (former),OWID_ERE,1992,81000
Europe,OWID_EUR,1961,948474
Europe,OWID_EUR,1962,1122555
Europe,OWID_EUR,1963,817202
Europe,OWID_EUR,1964,1150491
Europe,OWID_EUR,1965,1587673
Europe,OWID_EUR,1966,1367651
Europe,OWID_EUR,1967,1967649
Europe,OWID_EUR,1968,1884119
Europe,OWID_EUR,1969,1416643
Europe,OWID_EUR,1970,1964149
Europe,OWID_EUR,1971,2296806
Europe,OWID_EUR,1972,2293769
Europe,OWID_EUR,1973,2419792
Europe,OWID_EUR,1974,2592620
Europe,OWID_EUR,1975,2649350
Europe,OWID_EUR,1976,2918950
Europe,OWID_EUR,1977,2613689
Europe,OWID_EUR,1978,3035904
Europe,OWID_EUR,1979,2268537
Europe,OWID_EUR,1980,3770084
Europe,OWID_EUR,1981,3618654
Europe,OWID_EUR,1982,4354037
Europe,OWID_EUR,1983,4442973
Europe,OWID_EUR,1984,5866787
Europe,OWID_EUR,1985,6312444
Europe,OWID_EUR,1986,6656092
Europe,OWID_EUR,1987,8802421
Europe,OWID_EUR,1988,8335208
Europe,OWID_EUR,1989,8708862
Europe,OWID_EUR,1990,9208256
Europe,OWID_EUR,1991,9977014
Europe,OWID_EUR,1992,8307383.5
Europe,OWID_EUR,1993,7928502.5
Europe,OWID_EUR,1994,8610176
Europe,OWID_EUR,1995,10712616
Europe,OWID_EUR,1996,8636428
Europe,OWID_EUR,1997,10469356
Europe,OWID_EUR,1998,11892490
Europe,OWID_EUR,1999,14729320
Europe,OWID_EUR,2000,11749606
Europe,OWID_EUR,2001,12035116
Europe,OWID_EUR,2002,12028487
Europe,OWID_EUR,2003,11472497
Europe,OWID_EUR,2004,16149580
Europe,OWID_EUR,2005,16508529
Europe,OWID_EUR,2006,17469110
Europe,OWID_EUR,2007,20517046
Europe,OWID_EUR,2008,23347972
Europe,OWID_EUR,2009,24824472
Europe,OWID_EUR,2010,23262808
Europe,OWID_EUR,2011,22214778
Europe,OWID_EUR,2012,22274502
Europe,OWID_EUR,2013,25449794
Europe,OWID_EUR,2014,28767434
Europe,OWID_EUR,2015,25138024
Europe,OWID_EUR,2016,22700712
Europe,OWID_EUR,2017,26471428
Europe,OWID_EUR,2018,25439912
Europe,OWID_EUR,2019,23212978
Europe,OWID_EUR,2020,23690034
Europe,OWID_EUR,2021,24630700
Europe,OWID_EUR,2022,29689310
Europe,OWID_EUR,2023,30517978
Europe,OWID_EUR,2024,26967016
Europe (FAO),,1961,948632
Europe (FAO),,1962,1122868
Europe (FAO),,1963,817313
Europe (FAO),,1964,1150605
Europe (FAO),,1965,1587864
Europe (FAO),,1966,1367787
Europe (FAO),,1967,1968831
Europe (FAO),,1968,1885756
Europe (FAO),,1969,1417833
Europe (FAO),,1970,1965463
Europe (FAO),,1971,2298560
Europe (FAO),,1972,2296984
Europe (FAO),,1973,2422283
Europe (FAO),,1974,2594049
Europe (FAO),,1975,2650374
Europe (FAO),,1976,2919508
Europe (FAO),,1977,2614853
Europe (FAO),,1978,3037180
Europe (FAO),,1979,2269801
Europe (FAO),,1980,3771781
Europe (FAO),,1981,3621065
Europe (FAO),,1982,4359833
Europe (FAO),,1983,4454152
Europe (FAO),,1984,5879383
Europe (FAO),,1985,6319493
Europe (FAO),,1986,6665665
Europe (FAO),,1987,8817368
Europe (FAO),,1988,8348048
Europe (FAO),,1989,8724410
Europe (FAO),,1990,9229704
Europe (FAO),,1991,10008287
Europe (FAO),,1992,8326391.5
Europe (FAO),,1993,7946995.5
Europe (FAO),,1994,8633060
Europe (FAO),,1995,10738616
Europe (FAO),,1996,8663428
Europe (FAO),,1997,10495356
Europe (FAO),,1998,11921489
Europe (FAO),,1999,14768319
Europe (FAO),,2000,11749606
Europe (FAO),,2001,12035116
Europe (FAO),,2002,12028487
Europe (FAO),,2003,11472498
Europe (FAO),,2004,16149580
Europe (FAO),,2005,16508530
Europe (FAO),,2006,17469110
Europe (FAO),,2007,20517046
Europe (FAO),,2008,23347972
Europe (FAO),,2009,24824472
Europe (FAO),,2010,23262808
Europe (FAO),,2011,22214778
Europe (FAO),,2012,22274502
Europe (FAO),,2013,25449794
Europe (FAO),,2014,28767434
Europe (FAO),,2015,25138024
Europe (FAO),,2016,22700712
Europe (FAO),,2017,26471428
Europe (FAO),,2018,25439912
Europe (FAO),,2019,23212978
Europe (FAO),,2020,23690034
Europe (FAO),,2021,24630700
Europe (FAO),,2022,29689310
Europe (FAO),,2023,30517978
Europe (FAO),,2024,26967016
European Union (27),OWID_EU27,1961,819322
European Union (27),OWID_EU27,1962,1037463
European Union (27),OWID_EU27,1963,750537
European Union (27),OWID_EU27,1964,1079324
European Union (27),OWID_EU27,1965,1479541
European Union (27),OWID_EU27,1966,1253907
European Union (27),OWID_EU27,1967,1821980
European Union (27),OWID_EU27,1968,1751161
European Union (27),OWID_EU27,1969,1322815
European Union (27),OWID_EU27,1970,1857137
European Union (27),OWID_EU27,1971,2136783
European Union (27),OWID_EU27,1972,2128389
European Union (27),OWID_EU27,1973,2226291
European Union (27),OWID_EU27,1974,2387969
European Union (27),OWID_EU27,1975,2410465
European Union (27),OWID_EU27,1976,2598983
European Union (27),OWID_EU27,1977,2228497
European Union (27),OWID_EU27,1978,2595495
European Union (27),OWID_EU27,1979,1853551
European Union (27),OWID_EU27,1980,3131615
European Union (27),OWID_EU27,1981,2957772
European Union (27),OWID_EU27,1982,3425782
European Union (27),OWID_EU27,1983,3359005
European Union (27),OWID_EU27,1984,4416216
European Union (27),OWID_EU27,1985,4891937
European Union (27),OWID_EU27,1986,5117549
European Union (27),OWID_EU27,1987,6682650
European Union (27),OWID_EU27,1988,6380515
European Union (27),OWID_EU27,1989,6837645
European Union (27),OWID_EU27,1990,6960775
European Union (27),OWID_EU27,1991,7798028
European Union (27),OWID_EU27,1992,6351454.5
European Union (27),OWID_EU27,1993,6631811.5
European Union (27),OWID_EU27,1994,7174778
European Union (27),OWID_EU27,1995,9236970
European Union (27),OWID_EU27,1996,6984846.5
European Union (27),OWID_EU27,1997,8718881
European Union (27),OWID_EU27,1998,10044474
European Union (27),OWID_EU27,1999,12632641
European Union (27),OWID_EU27,2000,10171360
European Union (27),OWID_EU27,2001,10463344
European Union (27),OWID_EU27,2002,10247708
European Union (27),OWID_EU27,2003,9335014
European Union (27),OWID_EU27,2004,13894448
European Union (27),OWID_EU27,2005,13793721
European Union (27),OWID_EU27,2006,14251863
European Union (27),OWID_EU27,2007,16353152
European Union (27),OWID_EU27,2008,17014116
European Union (27),OWID_EU27,2009,19570534
European Union (27),OWID_EU27,2010,18364704
European Union (27),OWID_EU27,2011,16486005
European Union (27),OWID_EU27,2012,16699297
European Union (27),OWID_EU27,2013,18852782
European Union (27),OWID_EU27,2014,21829546
European Union (27),OWID_EU27,2015,19310512
European Union (27),OWID_EU27,2016,18340336
European Union (27),OWID_EU27,2017,19776302
European Union (27),OWID_EU27,2018,17916570
European Union (27),OWID_EU27,2019,15288880
European Union (27),OWID_EU27,2020,16563250
European Union (27),OWID_EU27,2021,16946680
European Union (27),OWID_EU27,2022,19417160
European Union (27),OWID_EU27,2023,19585230
European Union (27),OWID_EU27,2024,16632200
Finland,FIN,1961,6421
Finland,FIN,1962,7900
Finland,FIN,1963,8000
Finland,FIN,1964,8700
Finland,FIN,1965,6700
Finland,FIN,1966,2800
Finland,FIN,1967,9200
Finland,FIN,1968,5900
Finland,FIN,1969,8100
Finland,FIN,1970,10200
Finland,FIN,1971,9400
Finland,FIN,1972,8500
Finland,FIN,1973,15900
Finland,FIN,1974,16600
Finland,FIN,1975,25800
Finland,FIN,1976,22300
Finland,FIN,1977,34900
Finland,FIN,1978,48200
Finland,FIN,1979,46000
Finland,FIN,1980,87600
Finland,FIN,1981,69100
Finland,FIN,1982,96300
Finland,FIN,1983,101200
Finland,FIN,1984,85700
Finland,FIN,1985,89300
Finland,FIN,1986,123900
Finland,FIN,1987,89700
Finland,FIN,1988,121100
Finland,FIN,1989,125300
Finland,FIN,1990,117000
Finland,FIN,1991,94900
Finland,FIN,1992,132600
Finland,FIN,1993,127400
Finland,FIN,1994,107900
Finland,FIN,1995,127900
Finland,FIN,1996,89400
Finland,FIN,1997,92900
Finland,FIN,1998,63900
Finland,FIN,1999,88300
Finland,FIN,2000,70900
Finland,FIN,2001,100800
Finland,FIN,2002,102800
Finland,FIN,2003,93600
Finland,FIN,2004,74800
Finland,FIN,2005,105600
Finland,FIN,2006,148200
Finland,FIN,2007,113500
Finland,FIN,2008,88900
Finland,FIN,2009,139900
Finland,FIN,2010,178500
Finland,FIN,2011,115100
Finland,FIN,2012,73200
Finland,FIN,2013,80200
Finland,FIN,2014,62100
Finland,FIN,2015,85300
Finland,FIN,2016,93900
Finland,FIN,2017,91300
Finland,FIN,2018,70900
Finland,FIN,2019,41900
Finland,FIN,2020,31120
Finland,FIN,2021,41210
Finland,FIN,2022,56770
Finland,FIN,2023,40600
Finland,FIN,2024,49100
France,FRA,1961,106519
France,FRA,1962,159972
France,FRA,1963,134950
France,FRA,1964,246592
France,FRA,1965,334219
France,FRA,1966,317123
France,FRA,1967,428760
France,FRA,1968,457505
France,FRA,1969,509200
France,FRA,1970,615400
France,FRA,1971,685300
France,FRA,1972,711500
France,FRA,1973,663200
France,FRA,1974,671600
France,FRA,1975,507300
France,FRA,1976,572300
France,FRA,1977,410900
France,FRA,1978,627970
France,FRA,1979,516000
France,FRA,1980,1092900
France,FRA,1981,1005600
France,FRA,1982,1185000
France,FRA,1983,968800
France,FRA,1984,1358200
France,FRA,1985,1418400
France,FRA,1986,1047530
France,FRA,1987,2655100
France,FRA,1988,2340000
France,FRA,1989,1870500
France,FRA,1990,1975600
France,FRA,1991,2291878
France,FRA,1992,1853723.6
France,FRA,1993,1586050.5
France,FRA,1994,1829022.1
France,FRA,1995,2703164
France,FRA,1996,2877510.5
France,FRA,1997,3443230.8
France,FRA,1998,3690310.5
France,FRA,1999,4391792.5
France,FRA,2000,3476819
France,FRA,2001,2877152.5
France,FRA,2002,3319958
France,FRA,2003,3369013.8
France,FRA,2004,3997878.8
France,FRA,2005,4532787
France,FRA,2006,4144485
France,FRA,2007,4691098
France,FRA,2008,4721288
France,FRA,2009,5588526.5
France,FRA,2010,4815239
France,FRA,2011,5369011
France,FRA,2012,5463185.5
France,FRA,2013,4366200
France,FRA,2014,5524094
France,FRA,2015,5334404
France,FRA,2016,4742935
France,FRA,2017,5317377
France,FRA,2018,4980540
France,FRA,2019,3523300
France,FRA,2020,3289960
France,FRA,2021,3306520
France,FRA,2022,4516540
France,FRA,2023,4276890
France,FRA,2024,3941140
Germany,DEU,1961,246383
Germany,DEU,1962,270971
Germany,DEU,1963,219856
Germany,DEU,1964,283952
Germany,DEU,1965,319965
Germany,DEU,1966,309242
Germany,DEU,1967,396686
Germany,DEU,1968,434654
Germany,DEU,1969,322520
Germany,DEU,1970,365810
Germany,DEU,1971,425190
Germany,DEU,1972,483182
Germany,DEU,1973,468266
Germany,DEU,1974,599069
Germany,DEU,1975,562406
Germany,DEU,1976,541987
Germany,DEU,1977,590077
Germany,DEU,1978,648670
Germany,DEU,1979,522643
Germany,DEU,1980,685801
Germany,DEU,1981,646711
Germany,DEU,1982,841380
Germany,DEU,1983,858665
Germany,DEU,1984,965314
Germany,DEU,1985,1182910
Germany,DEU,1986,1414910
Germany,DEU,1987,1630659
Germany,DEU,1988,1640233
Germany,DEU,1989,1869584
Germany,DEU,1990,2088213
Germany,DEU,1991,2972299
Germany,DEU,1992,2616811
Germany,DEU,1993,2847674
Germany,DEU,1994,2895544
Germany,DEU,1995,3103295
Germany,DEU,1996,1969826
Germany,DEU,1997,2866510
Germany,DEU,1998,3387928
Germany,DEU,1999,4284600
Germany,DEU,2000,3585661
Germany,DEU,2001,4160093
Germany,DEU,2002,3848696
Germany,DEU,2003,3633936
Germany,DEU,2004,5276589
Germany,DEU,2005,5051700
Germany,DEU,2006,5336500
Germany,DEU,2007,5320518
Germany,DEU,2008,5154700
Germany,DEU,2009,6306700
Germany,DEU,2010,5697595
Germany,DEU,2011,3869500
Germany,DEU,2012,4821100
Germany,DEU,2013,5784300
Germany,DEU,2014,6247400
Germany,DEU,2015,5016800
Germany,DEU,2016,4579600
Germany,DEU,2017,4268400
Germany,DEU,2018,3677200
Germany,DEU,2019,2830200
Germany,DEU,2020,3527300
Germany,DEU,2021,3504600
Germany,DEU,2022,4294900
Germany,DEU,2023,4218000
Germany,DEU,2024,3631700
Greece,GRC,1998,1000
Greece,GRC,1999,500
Greece,GRC,2000,1340.49
Greece,GRC,2001,2203.81
Greece,GRC,2002,3201.56
Greece,GRC,2003,4059.91
Greece,GRC,2004,5643.28
Greece,GRC,2005,5248.42
Greece,GRC,2006,4000
Greece,GRC,2007,726.57
Greece,GRC,2008,1163.57
Greece,GRC,2009,5345.11
Greece,GRC,2010,25175.5
Greece,GRC,2011,21896.86
Greece,GRC,2012,14087.38
Greece,GRC,2013,12181.5
Greece,GRC,2014,8173.27
Greece,GRC,2015,14950.36
Greece,GRC,2016,15509.97
Greece,GRC,2017,18854
Greece,GRC,2018,8210
Greece,GRC,2019,9680
Greece,GRC,2020,12080
Greece,GRC,2021,12270
Greece,GRC,2022,24820
Greece,GRC,2023,16480
Greece,GRC,2024,6640
High-income countries,OWID_HIC,1961,1403925
High-income countries,OWID_HIC,1962,1476839
High-income countries,OWID_HIC,1963,1130545
High-income countries,OWID_HIC,1964,1622295
High-income countries,OWID_HIC,1965,2240682
High-income countries,OWID_HIC,1966,2056359
High-income countries,OWID_HIC,1967,2591411
High-income countries,OWID_HIC,1968,2382555
High-income countries,OWID_HIC,1969,2264939
High-income countries,OWID_HIC,1970,3686788
High-income countries,OWID_HIC,1971,4524351
High-income countries,OWID_HIC,1972,3607489
High-income countries,OWID_HIC,1973,3571196
High-income countries,OWID_HIC,1974,3728582
High-income countries,OWID_HIC,1975,4455215
High-income countries,OWID_HIC,1976,3738455
High-income countries,OWID_HIC,1977,4515806
High-income countries,OWID_HIC,1978,6388328
High-income countries,OWID_HIC,1979,5636894
High-income countries,OWID_HIC,1980,6080933
High-income countries,OWID_HIC,1981,5246571
High-income countries,OWID_HIC,1982,6341908
High-income countries,OWID_HIC,1983,6598826
High-income countries,OWID_HIC,1984,8848975
High-income countries,OWID_HIC,1985,9454741
High-income countries,OWID_HIC,1986,10086524
High-income countries,OWID_HIC,1987,12118000
High-income countries,OWID_HIC,1988,11898967
High-income countries,OWID_HIC,1989,11298280
High-income countries,OWID_HIC,1990,11732236
High-income countries,OWID_HIC,1991,13661376
High-income countries,OWID_HIC,1992,11953123
High-income countries,OWID_HIC,1993,13834948
High-income countries,OWID_HIC,1994,16302563
High-income countries,OWID_HIC,1995,17912340
High-income countries,OWID_HIC,1996,14514912
High-income countries,OWID_HIC,1997,18030658
High-income countries,OWID_HIC,1998,21870788
High-income countries,OWID_HIC,1999,26441716
High-income countries,OWID_HIC,2000,21473188
High-income countries,OWID_HIC,2001,19548082
High-income countries,OWID_HIC,2002,17995384
High-income countries,OWID_HIC,2003,20540484
High-income countries,OWID_HIC,2004,25702878
High-income countries,OWID_HIC,2005,27739512
High-income countries,OWID_HIC,2006,26997938
High-income countries,OWID_HIC,2007,30687236
High-income countries,OWID_HIC,2008,35034816
High-income countries,OWID_HIC,2009,37787236
High-income countries,OWID_HIC,2010,37661656
High-income countries,OWID_HIC,2011,39107920
High-income countries,OWID_HIC,2012,39527172
High-income countries,OWID_HIC,2013,45899828
High-income countries,OWID_HIC,2014,46979492
High-income countries,OWID_HIC,2015,45668348
High-income countries,OWID_HIC,2016,46777384
High-income countries,OWID_HIC,2017,50399016
High-income countries,OWID_HIC,2018,47013024
High-income countries,OWID_HIC,2019,43231080
High-income countries,OWID_HIC,2020,46359028
High-income countries,OWID_HIC,2021,43448000
High-income countries,OWID_HIC,2022,55337544
High-income countries,OWID_HIC,2023,54665020
High-income countries,OWID_HIC,2024,50329216
Hungary,HUN,1961,9554
Hungary,HUN,1962,3692
Hungary,HUN,1963,4602
Hungary,HUN,1964,7982
Hungary,HUN,1965,7623
Hungary,HUN,1966,9187
Hungary,HUN,1967,7961
Hungary,HUN,1968,11569
Hungary,HUN,1969,21881
Hungary,HUN,1970,46096
Hungary,HUN,1971,70973
Hungary,HUN,1972,52170
Hungary,HUN,1973,68325
Hungary,HUN,1974,44891
Hungary,HUN,1975,65146
Hungary,HUN,1976,66696
Hungary,HUN,1977,89461
Hungary,HUN,1978,107922
Hungary,HUN,1979,41023
Hungary,HUN,1980,97591
Hungary,HUN,1981,75521
Hungary,HUN,1982,85352
Hungary,HUN,1983,92631
Hungary,HUN,1984,92203
Hungary,HUN,1985,85290
Hungary,HUN,1986,121491
Hungary,HUN,1987,108255
Hungary,HUN,1988,81909
Hungary,HUN,1989,98000
Hungary,HUN,1990,105608
Hungary,HUN,1991,111700
Hungary,HUN,1992,44319
Hungary,HUN,1993,22327
Hungary,HUN,1994,53135
Hungary,HUN,1995,88718
Hungary,HUN,1996,137613
Hungary,HUN,1997,144816
Hungary,HUN,1998,73035
Hungary,HUN,1999,327937
Hungary,HUN,2000,179319
Hungary,HUN,2001,205123
Hungary,HUN,2002,207528
Hungary,HUN,2003,108059
Hungary,HUN,2004,290551
Hungary,HUN,2005,282713
Hungary,HUN,2006,338006
Hungary,HUN,2007,485901
Hungary,HUN,2008,654706
Hungary,HUN,2009,579365
Hungary,HUN,2010,530619
Hungary,HUN,2011,526712
Hungary,HUN,2012,414640
Hungary,HUN,2013,532510
Hungary,HUN,2014,699750
Hungary,HUN,2015,590444
Hungary,HUN,2016,924988
Hungary,HUN,2017,932139
Hungary,HUN,2018,1002710
Hungary,HUN,2019,912120
Hungary,HUN,2020,876900
Hungary,HUN,2021,734020
Hungary,HUN,2022,505050
Hungary,HUN,2023,626410
Hungary,HUN,2024,450360
India,IND,1961,1347000
India,IND,1962,1346000
India,IND,1963,1303000
India,IND,1964,915000
India,IND,1965,1474000
India,IND,1966,1298000
India,IND,1967,1227900
India,IND,1968,1567700
India,IND,1969,1346700
India,IND,1970,1563600
India,IND,1971,1975300
India,IND,1972,1432800
India,IND,1973,1807800
India,IND,1974,1704300
India,IND,1975,2251600
India,IND,1976,1935800
India,IND,1977,1550700
India,IND,1978,1649700
India,IND,1979,1860100
India,IND,1980,1428000
India,IND,1981,2304300
India,IND,1982,2381500
India,IND,1983,2207200
India,IND,1984,2608000
India,IND,1985,3073000
India,IND,1986,2680500
India,IND,1987,2604700
India,IND,1988,3454500
India,IND,1989,4376800
India,IND,1990,4125300
India,IND,1991,5229300
India,IND,1992,5862500
India,IND,1993,4800000
India,IND,1994,5327900
India,IND,1995,5758000
India,IND,1996,5999500
India,IND,1997,6657900
India,IND,1998,4702900
India,IND,1999,5663900
India,IND,2000,5788400
India,IND,2001,4187200
India,IND,2002,5082600
India,IND,2003,3879800
India,IND,2004,6291400
India,IND,2005,7593100
India,IND,2006,8131200
India,IND,2007,7438000
India,IND,2008,5834000
India,IND,2009,7200700
India,IND,2010,6608100
India,IND,2011,8179000
India,IND,2012,6600000
India,IND,2013,7820000
India,IND,2014,7877000
India,IND,2015,6282000
India,IND,2016,6797000
India,IND,2017,7917230
India,IND,2018,8429850
India,IND,2019,9255660
India,IND,2020,9123640
India,IND,2021,10210010
India,IND,2022,11963090
India,IND,2023,12643196
India,IND,2024,13259142
Iran,IRN,1998,6515.5
Iran,IRN,1999,4399.1
Iran,IRN,2000,8793
Iran,IRN,2001,32675.9
Iran,IRN,2002,61991.3
Iran,IRN,2003,108438.5
Iran,IRN,2004,126115.4
Iran,IRN,2005,234698.5
Iran,IRN,2006,315089.8
Iran,IRN,2007,356890.4
Iran,IRN,2008,179800.1
Iran,IRN,2009,150600.5
Iran,IRN,2010,145900.4
Iran,IRN,2011,161300
Iran,IRN,2012,142099.8
Iran,IRN,2013,174999.3
Iran,IRN,2014,145978.2
Iran,IRN,2015,202345.42
Iran,IRN,2016,271517.62
Iran,IRN,2017,351498
Iran,IRN,2018,424084.2
Iran,IRN,2019,350000
Iran,IRN,2020,294874.5
Iran,IRN,2021,237805.52
Iran,IRN,2022,215291.22
Iran,IRN,2023,290000
Iran,IRN,2024,280000
Ireland,IRL,1961,0
Ireland,IRL,1962,0
Ireland,IRL,1963,0
Ireland,IRL,1964,0
Ireland,IRL,1965,0
Ireland,IRL,1966,0
Ireland,IRL,1967,0
Ireland,IRL,1968,0
Ireland,IRL,1969,0
Ireland,IRL,1970,0
Ireland,IRL,1971,0
Ireland,IRL,1972,0
Ireland,IRL,1973,0
Ireland,IRL,1974,0
Ireland,IRL,1975,300
Ireland,IRL,1976,300
Ireland,IRL,1977,500
Ireland,IRL,1978,500
Ireland,IRL,1979,400
Ireland,IRL,1980,1000
Ireland,IRL,1981,2000
Ireland,IRL,1982,4500
Ireland,IRL,1983,4000
Ireland,IRL,1984,15000
Ireland,IRL,1985,14000
Ireland,IRL,1986,6000
Ireland,IRL,1987,16000
Ireland,IRL,1988,12000
Ireland,IRL,1989,10000
Ireland,IRL,1990,20000
Ireland,IRL,1991,23000
Ireland,IRL,1992,18000
Ireland,IRL,1993,9000
Ireland,IRL,1994,17000
Ireland,IRL,1995,13000
Ireland,IRL,1996,10000
Ireland,IRL,1997,12000
Ireland,IRL,1998,17000
Ireland,IRL,1999,5000
Ireland,IRL,2000,8600
Ireland,IRL,2001,7300
Ireland,IRL,2002,6700
Ireland,IRL,2003,7200
Ireland,IRL,2004,6700
Ireland,IRL,2005,14200
Ireland,IRL,2006,17900
Ireland,IRL,2007,31900
Ireland,IRL,2008,20300
Ireland,IRL,2009,23700
Ireland,IRL,2010,28100
Ireland,IRL,2011,55900
Ireland,IRL,2012,58700
Ireland,IRL,2013,49200
Ireland,IRL,2014,34200
Ireland,IRL,2015,39900
Ireland,IRL,2016,34100
Ireland,IRL,2017,41723
Ireland,IRL,2018,40280
Ireland,IRL,2019,37490
Ireland,IRL,2020,44130
Ireland,IRL,2021,51160
Ireland,IRL,2022,76890
Ireland,IRL,2023,94110
Ireland,IRL,2024,65620
Italy,ITA,1961,9140
Italy,ITA,1962,10060
Italy,ITA,1963,8000
Italy,ITA,1964,8150
Italy,ITA,1965,8845
Italy,ITA,1966,9540
Italy,ITA,1967,5350
Italy,ITA,1968,4660
Italy,ITA,1969,4410
Italy,ITA,1970,5570
Italy,ITA,1971,5704
Italy,ITA,1972,6401
Italy,ITA,1973,9720
Italy,ITA,1974,3030
Italy,ITA,1975,2470
Italy,ITA,1976,1690
Italy,ITA,1977,930
Italy,ITA,1978,1130
Italy,ITA,1979,830
Italy,ITA,1980,630
Italy,ITA,1981,230
Italy,ITA,1982,150
Italy,ITA,1983,530
Italy,ITA,1984,5100
Italy,ITA,1985,12600
Italy,ITA,1986,44010
Italy,ITA,1987,67830
Italy,ITA,1988,50510
Italy,ITA,1989,40400
Italy,ITA,1990,43700
Italy,ITA,1991,35500
Italy,ITA,1992,18879
Italy,ITA,1993,12966
Italy,ITA,1994,29228
Italy,ITA,1995,95833
Italy,ITA,1996,90595
Italy,ITA,1997,59815
Italy,ITA,1998,54017
Italy,ITA,1999,58500
Italy,ITA,2000,41016
Italy,ITA,2001,32000
Italy,ITA,2002,13440
Italy,ITA,2003,6636
Italy,ITA,2004,5180
Italy,ITA,2005,6079
Italy,ITA,2006,5961
Italy,ITA,2007,14884
Italy,ITA,2008,32659
Italy,ITA,2009,50200
Italy,ITA,2010,50300
Italy,ITA,2011,44033
Italy,ITA,2012,25191.6
Italy,ITA,2013,40242.2
Italy,ITA,2014,41632.8
Italy,ITA,2015,28073.1
Italy,ITA,2016,34825
Italy,ITA,2017,41444
Italy,ITA,2018,39700
Italy,ITA,2019,37990
Italy,ITA,2020,48690
Italy,ITA,2021,55160
Italy,ITA,2022,53970
Italy,ITA,2023,83510
Italy,ITA,2024,80840
Japan,JPN,1961,273500
Japan,JPN,1962,246800
Japan,JPN,1963,108900
Japan,JPN,1964,134600
Japan,JPN,1965,125500
Japan,JPN,1966,94600
Japan,JPN,1967,79400
Japan,JPN,1968,68400
Japan,JPN,1969,48000
Japan,JPN,1970,30100
Japan,JPN,1971,22800
Japan,JPN,1972,16200
Japan,JPN,1973,12700
Japan,JPN,1974,9100
Japan,JPN,1975,7270
Japan,JPN,1976,6210
Japan,JPN,1977,5190
Japan,JPN,1978,4760
Japan,JPN,1979,4540
Japan,JPN,1980,4140
Japan,JPN,1981,3740
Japan,JPN,1982,3760
Japan,JPN,1983,3220
Japan,JPN,1984,2700
Japan,JPN,1985,2730
Japan,JPN,1986,2230
Japan,JPN,1987,1970
Japan,JPN,1988,1740
Japan,JPN,1989,1810
Japan,JPN,1990,1660
Japan,JPN,1991,1620
Japan,JPN,1992,1600
Japan,JPN,1993,1290
Japan,JPN,1994,2000
Japan,JPN,1995,1170
Japan,JPN,1996,1100
Japan,JPN,1997,1000
Japan,JPN,1998,1000
Japan,JPN,1999,783
Japan,JPN,2000,650
Japan,JPN,2001,918
Japan,JPN,2002,1098
Japan,JPN,2003,1015
Japan,JPN,2004,1000
Japan,JPN,2005,1000
Japan,JPN,2006,1000
Japan,JPN,2007,1000
Japan,JPN,2008,1000
Japan,JPN,2009,1000
Japan,JPN,2010,1570
Japan,JPN,2011,1950
Japan,JPN,2012,1870
Japan,JPN,2013,1770
Japan,JPN,2014,1780
Japan,JPN,2015,3160
Japan,JPN,2016,3650
Japan,JPN,2017,3670
Japan,JPN,2018,3120
Japan,JPN,2019,4130
Japan,JPN,2020,3580
Japan,JPN,2021,3230
Japan,JPN,2022,3680
Japan,JPN,2023,3680
Japan,JPN,2024,3140
Kazakhstan,KAZ,1992,54140
Kazakhstan,KAZ,1993,16300
Kazakhstan,KAZ,1994,22400
Kazakhstan,KAZ,1995,10100
Kazakhstan,KAZ,1996,3683
Kazakhstan,KAZ,1997,5037
Kazakhstan,KAZ,1998,3528
Kazakhstan,KAZ,1999,11500
Kazakhstan,KAZ,2000,2940
Kazakhstan,KAZ,2001,5000
Kazakhstan,KAZ,2002,2105
Kazakhstan,KAZ,2003,7335
Kazakhstan,KAZ,2004,4322
Kazakhstan,KAZ,2005,30000
Kazakhstan,KAZ,2006,63300
Kazakhstan,KAZ,2007,118310
Kazakhstan,KAZ,2008,82690
Kazakhstan,KAZ,2009,107220
Kazakhstan,KAZ,2010,109170
Kazakhstan,KAZ,2011,148474.5
Kazakhstan,KAZ,2012,116865.4
Kazakhstan,KAZ,2013,241795.8
Kazakhstan,KAZ,2014,241477
Kazakhstan,KAZ,2015,138170
Kazakhstan,KAZ,2016,169761
Kazakhstan,KAZ,2017,278975
Kazakhstan,KAZ,2018,394341.34
Kazakhstan,KAZ,2019,240792.84
Kazakhstan,KAZ,2020,153167.55
Kazakhstan,KAZ,2021,145728.4
Kazakhstan,KAZ,2022,188590.44
Kazakhstan,KAZ,2023,123215.33
Kazakhstan,KAZ,2024,286086.7
Kenya,KEN,2021,14431
Kenya,KEN,2022,14594
Kenya,KEN,2023,14603
Kenya,KEN,2024,14385
Kyrgyzstan,KGZ,1992,769
Kyrgyzstan,KGZ,1993,1410
Kyrgyzstan,KGZ,1994,2696
Kyrgyzstan,KGZ,1995,578
Kyrgyzstan,KGZ,1996,332
Kyrgyzstan,KGZ,1997,168
Kyrgyzstan,KGZ,1998,67
Kyrgyzstan,KGZ,1999,78
Kyrgyzstan,KGZ,2000,95
Kyrgyzstan,KGZ,2001,350
Kyrgyzstan,KGZ,2002,254
Kyrgyzstan,KGZ,2003,320
Kyrgyzstan,KGZ,2004,1027
Kyrgyzstan,KGZ,2005,863
Kyrgyzstan,KGZ,2006,609
Kyrgyzstan,KGZ,2007,232
Kyrgyzstan,KGZ,2008,122
Kyrgyzstan,KGZ,2009,188
Kyrgyzstan,KGZ,2010,110
Kyrgyzstan,KGZ,2011,100
Kyrgyzstan,KGZ,2012,0
Kyrgyzstan,KGZ,2013,0
Kyrgyzstan,KGZ,2014,0
Kyrgyzstan,KGZ,2015,0
Kyrgyzstan,KGZ,2016,0
Kyrgyzstan,KGZ,2017,71
Kyrgyzstan,KGZ,2018,48
Kyrgyzstan,KGZ,2019,180
Kyrgyzstan,KGZ,2020,123
Kyrgyzstan,KGZ,2021,71
Kyrgyzstan,KGZ,2022,134
Kyrgyzstan,KGZ,2023,83.32
Kyrgyzstan,KGZ,2024,31
Land Locked Developing Countries (FAO),,1992,59040
Land Locked Developing Countries (FAO),,1993,27702
Land Locked Developing Countries (FAO),,1994,36390
Land Locked Developing Countries (FAO),,1995,24454.54
Land Locked Developing Countries (FAO),,1996,49067
Land Locked Developing Countries (FAO),,1997,18083
Land Locked Developing Countries (FAO),,1998,15432
Land Locked Developing Countries (FAO),,1999,24218
Land Locked Developing Countries (FAO),,2000,31264
Land Locked Developing Countries (FAO),,2001,32124.29
Land Locked Developing Countries (FAO),,2002,28126
Land Locked Developing Countries (FAO),,2003,47270.81
Land Locked Developing Countries (FAO),,2004,84645.09
Land Locked Developing Countries (FAO),,2005,152411.16
Land Locked Developing Countries (FAO),,2006,170536
Land Locked Developing Countries (FAO),,2007,271282
Land Locked Developing Countries (FAO),,2008,282854.75
Land Locked Developing Countries (FAO),,2009,254479.9
Land Locked Developing Countries (FAO),,2010,299656.2
Land Locked Developing Countries (FAO),,2011,400788.97
Land Locked Developing Countries (FAO),,2012,398309.4
Land Locked Developing Countries (FAO),,2013,548048.8
Land Locked Developing Countries (FAO),,2014,553145.3
Land Locked Developing Countries (FAO),,2015,350889.12
Land Locked Developing Countries (FAO),,2016,414465.66
Land Locked Developing Countries (FAO),,2017,529383.8
Land Locked Developing Countries (FAO),,2018,586727.5
Land Locked Developing Countries (FAO),,2019,455528.8
Land Locked Developing Countries (FAO),,2020,340492.56
Land Locked Developing Countries (FAO),,2021,372301.5
Land Locked Developing Countries (FAO),,2022,384312.78
Land Locked Developing Countries (FAO),,2023,479037.75
Land Locked Developing Countries (FAO),,2024,537873.44
Latvia,LVA,1992,1440
Latvia,LVA,1993,2460
Latvia,LVA,1994,1840
Latvia,LVA,1995,910
Latvia,LVA,1996,1270
Latvia,LVA,1997,540
Latvia,LVA,1998,1600
Latvia,LVA,1999,11700
Latvia,LVA,2000,10000
Latvia,LVA,2001,13000
Latvia,LVA,2002,32700
Latvia,LVA,2003,37400
Latvia,LVA,2004,103600
Latvia,LVA,2005,145700
Latvia,LVA,2006,120600
Latvia,LVA,2007,196900
Latvia,LVA,2008,198500
Latvia,LVA,2009,204700
Latvia,LVA,2010,226300
Latvia,LVA,2011,219100
Latvia,LVA,2012,303500
Latvia,LVA,2013,296600
Latvia,LVA,2014,185500
Latvia,LVA,2015,293200
Latvia,LVA,2016,283000
Latvia,LVA,2017,326200
Latvia,LVA,2018,231100
Latvia,LVA,2019,408300
Latvia,LVA,2020,455500
Latvia,LVA,2021,427900
Latvia,LVA,2022,359100
Latvia,LVA,2023,349500
Latvia,LVA,2024,250000
Least Developed Countries (FAO),,1961,118552
Least Developed Countries (FAO),,1962,124648
Least Developed Countries (FAO),,1963,125664
Least Developed Countries (FAO),,1964,110424
Least Developed Countries (FAO),,1965,111440
Least Developed Countries (FAO),,1966,116500
Least Developed Countries (FAO),,1967,123600
Least Developed Countries (FAO),,1968,141900
Least Developed Countries (FAO),,1969,150100
Least Developed Countries (FAO),,1970,148500
Least Developed Countries (FAO),,1971,158700
Least Developed Countries (FAO),,1972,134445
Least Developed Countries (FAO),,1973,128864
Least Developed Countries (FAO),,1974,120070
Least Developed Countries (FAO),,1975,137251
Least Developed Countries (FAO),,1976,131557
Least Developed Countries (FAO),,1977,134270
Least Developed Countries (FAO),,1978,152103
Least Developed Countries (FAO),,1979,235000
Least Developed Countries (FAO),,1980,247690
Least Developed Countries (FAO),,1981,229150
Least Developed Countries (FAO),,1982,246100
Least Developed Countries (FAO),,1983,261630
Least Developed Countries (FAO),,1984,268764
Least Developed Countries (FAO),,1985,301454
Least Developed Countries (FAO),,1986,280075
Least Developed Countries (FAO),,1987,269563
Least Developed Countries (FAO),,1988,285178
Least Developed Countries (FAO),,1989,280973
Least Developed Countries (FAO),,1990,295710
Least Developed Countries (FAO),,1991,307530
Least Developed Countries (FAO),,1992,324040
Least Developed Countries (FAO),,1993,253300
Least Developed Countries (FAO),,1994,248580
Least Developed Countries (FAO),,1995,258078.81
Least Developed Countries (FAO),,1996,286119
Least Developed Countries (FAO),,1997,258049
Least Developed Countries (FAO),,1998,263604
Least Developed Countries (FAO),,1999,261417
Least Developed Countries (FAO),,2000,262905
Least Developed Countries (FAO),,2001,252736
Least Developed Countries (FAO),,2002,249943
Least Developed Countries (FAO),,2003,237830
Least Developed Countries (FAO),,2004,239854
Least Developed Countries (FAO),,2005,227213
Least Developed Countries (FAO),,2006,207816
Least Developed Countries (FAO),,2007,218086
Least Developed Countries (FAO),,2008,275651
Least Developed Countries (FAO),,2009,225345
Least Developed Countries (FAO),,2010,247608
Least Developed Countries (FAO),,2011,320666
Least Developed Countries (FAO),,2012,346750
Least Developed Countries (FAO),,2013,376980
Least Developed Countries (FAO),,2014,366880
Least Developed Countries (FAO),,2015,420412
Least Developed Countries (FAO),,2016,424383
Least Developed Countries (FAO),,2017,413257
Least Developed Countries (FAO),,2018,396596
Least Developed Countries (FAO),,2019,353786.2
Least Developed Countries (FAO),,2020,407119
Least Developed Countries (FAO),,2021,415665.6
Least Developed Countries (FAO),,2022,429729.5
Least Developed Countries (FAO),,2023,567425
Least Developed Countries (FAO),,2024,659745
Lithuania,LTU,1992,7600
Lithuania,LTU,1993,3100
Lithuania,LTU,1994,13200
Lithuania,LTU,1995,18900
Lithuania,LTU,1996,22600
Lithuania,LTU,1997,37200
Lithuania,LTU,1998,71900
Lithuania,LTU,1999,115100
Lithuania,LTU,2000,81000
Lithuania,LTU,2001,64800
Lithuania,LTU,2002,105600
Lithuania,LTU,2003,119500
Lithuania,LTU,2004,204700
Lithuania,LTU,2005,201200
Lithuania,LTU,2006,169600
Lithuania,LTU,2007,311900
Lithuania,LTU,2008,330200
Lithuania,LTU,2009,415800
Lithuania,LTU,2010,416700
Lithuania,LTU,2011,484300
Lithuania,LTU,2012,632900
Lithuania,LTU,2013,550600
Lithuania,LTU,2014,501500
Lithuania,LTU,2015,512162
Lithuania,LTU,2016,399439
Lithuania,LTU,2017,543518
Lithuania,LTU,2018,435900
Lithuania,LTU,2019,692480
Lithuania,LTU,2020,972360
Lithuania,LTU,2021,909360
Lithuania,LTU,2022,900950
Lithuania,LTU,2023,819460
Lithuania,LTU,2024,868000
Low Income Food Deficit Countries (FAO),,1961,20000
Low Income Food Deficit Countries (FAO),,1962,20000
Low Income Food Deficit Countries (FAO),,1963,20000
Low Income Food Deficit Countries (FAO),,1964,20000
Low Income Food Deficit Countries (FAO),,1965,20000
Low Income Food Deficit Countries (FAO),,1966,20000
Low Income Food Deficit Countries (FAO),,1967,20000
Low Income Food Deficit Countries (FAO),,1968,20000
Low Income Food Deficit Countries (FAO),,1969,20000
Low Income Food Deficit Countries (FAO),,1970,20500
Low Income Food Deficit Countries (FAO),,1971,20500
Low Income Food Deficit Countries (FAO),,1972,20500
Low Income Food Deficit Countries (FAO),,1973,21000
Low Income Food Deficit Countries (FAO),,1974,21000
Low Income Food Deficit Countries (FAO),,1975,21000
Low Income Food Deficit Countries (FAO),,1976,20000
Low Income Food Deficit Countries (FAO),,1977,20000
Low Income Food Deficit Countries (FAO),,1978,18000
Low Income Food Deficit Countries (FAO),,1979,15000
Low Income Food Deficit Countries (FAO),,1980,7690
Low Income Food Deficit Countries (FAO),,1981,15150
Low Income Food Deficit Countries (FAO),,1982,15100
Low Income Food Deficit Countries (FAO),,1983,23630
Low Income Food Deficit Countries (FAO),,1984,15110
Low Income Food Deficit Countries (FAO),,1985,16010
Low Income Food Deficit Countries (FAO),,1986,19510
Low Income Food Deficit Countries (FAO),,1987,40990
Low Income Food Deficit Countries (FAO),,1988,63170
Low Income Food Deficit Countries (FAO),,1989,74030
Low Income Food Deficit Countries (FAO),,1990,78300
Low Income Food Deficit Countries (FAO),,1991,80000
Low Income Food Deficit Countries (FAO),,1992,82900
Low Income Food Deficit Countries (FAO),,1993,11240
Low Income Food Deficit Countries (FAO),,1994,13229
Low Income Food Deficit Countries (FAO),,1995,14264.54
Low Income Food Deficit Countries (FAO),,1996,41833
Low Income Food Deficit Countries (FAO),,1997,10166
Low Income Food Deficit Countries (FAO),,1998,11253
Low Income Food Deficit Countries (FAO),,1999,10018
Low Income Food Deficit Countries (FAO),,2000,16010
Low Income Food Deficit Countries (FAO),,2001,16788.89
Low Income Food Deficit Countries (FAO),,2002,18721
Low Income Food Deficit Countries (FAO),,2003,21997
Low Income Food Deficit Countries (FAO),,2004,31966.09
Low Income Food Deficit Countries (FAO),,2005,38476.16
Low Income Food Deficit Countries (FAO),,2006,26931
Low Income Food Deficit Countries (FAO),,2007,31269
Low Income Food Deficit Countries (FAO),,2008,49439.76
Low Income Food Deficit Countries (FAO),,2009,24461.91
Low Income Food Deficit Countries (FAO),,2010,27431.2
Low Income Food Deficit Countries (FAO),,2011,76338.47
Low Income Food Deficit Countries (FAO),,2012,86272
Low Income Food Deficit Countries (FAO),,2013,84513
Low Income Food Deficit Countries (FAO),,2014,72137.3
Low Income Food Deficit Countries (FAO),,2015,62282.13
Low Income Food Deficit Countries (FAO),,2016,63837.67
Low Income Food Deficit Countries (FAO),,2017,52011.82
Low Income Food Deficit Countries (FAO),,2018,46645.18
Low Income Food Deficit Countries (FAO),,2019,43530.95
Low Income Food Deficit Countries (FAO),,2020,50438.02
Low Income Food Deficit Countries (FAO),,2021,35002.9
Low Income Food Deficit Countries (FAO),,2022,36191.53
Low Income Food Deficit Countries (FAO),,2023,36082.09
Low Income Food Deficit Countries (FAO),,2024,37817.71
Low-income countries,OWID_LIC,1993,9000
Low-income countries,OWID_LIC,1994,9500
Low-income countries,OWID_LIC,1995,12713.81
Low-income countries,OWID_LIC,1996,40234
Low-income countries,OWID_LIC,1997,8694
Low-income countries,OWID_LIC,1998,9964
Low-income countries,OWID_LIC,1999,8417
Low-income countries,OWID_LIC,2000,13905
Low-income countries,OWID_LIC,2001,14736
Low-income countries,OWID_LIC,2002,16943
Low-income countries,OWID_LIC,2003,19850
Low-income countries,OWID_LIC,2004,29284
Low-income countries,OWID_LIC,2005,35838
Low-income countries,OWID_LIC,2006,24351
Low-income countries,OWID_LIC,2007,29206
Low-income countries,OWID_LIC,2008,47721
Low-income countries,OWID_LIC,2009,22628
Low-income countries,OWID_LIC,2010,25680
Low-income countries,OWID_LIC,2011,74666
Low-income countries,OWID_LIC,2012,84750
Low-income countries,OWID_LIC,2013,82980
Low-income countries,OWID_LIC,2014,70880
Low-income countries,OWID_LIC,2015,60960
Low-income countries,OWID_LIC,2016,62474
Low-income countries,OWID_LIC,2017,50397
Low-income countries,OWID_LIC,2018,45059
Low-income countries,OWID_LIC,2019,42046.19
Low-income countries,OWID_LIC,2020,48870
Low-income countries,OWID_LIC,2021,19071.58
Low-income countries,OWID_LIC,2022,20070.5
Low-income countries,OWID_LIC,2023,20000
Low-income countries,OWID_LIC,2024,22000
Lower-middle-income countries,OWID_LMC,1961,1659932
Lower-middle-income countries,OWID_LMC,1962,1655878
Lower-middle-income countries,OWID_LMC,1963,1665714
Lower-middle-income countries,OWID_LMC,1964,1216754
Lower-middle-income countries,OWID_LMC,1965,1780830
Lower-middle-income countries,OWID_LMC,1966,1576360
Lower-middle-income countries,OWID_LMC,1967,1534700
Lower-middle-income countries,OWID_LMC,1968,1963920
Lower-middle-income countries,OWID_LMC,1969,1704800
Lower-middle-income countries,OWID_LMC,1970,1941500
Lower-middle-income countries,OWID_LMC,1971,2382740
Lower-middle-income countries,OWID_LMC,1972,1847485
Lower-middle-income countries,OWID_LMC,1973,2202514
Lower-middle-income countries,OWID_LMC,1974,2095992
Lower-middle-income countries,OWID_LMC,1975,2615811
Lower-middle-income countries,OWID_LMC,1976,2314677
Lower-middle-income countries,OWID_LMC,1977,1961364
Lower-middle-income countries,OWID_LMC,1978,2019903
Lower-middle-income countries,OWID_LMC,1979,2328300
Lower-middle-income countries,OWID_LMC,1980,1915100
Lower-middle-income countries,OWID_LMC,1981,2771280
Lower-middle-income countries,OWID_LMC,1982,2851900
Lower-middle-income countries,OWID_LMC,1983,2691800
Lower-middle-income countries,OWID_LMC,1984,3079254
Lower-middle-income countries,OWID_LMC,1985,3593844
Lower-middle-income countries,OWID_LMC,1986,3191565
Lower-middle-income countries,OWID_LMC,1987,3047273
Lower-middle-income countries,OWID_LMC,1988,3881308
Lower-middle-income countries,OWID_LMC,1989,4834443
Lower-middle-income countries,OWID_LMC,1990,4580610
Lower-middle-income countries,OWID_LMC,1991,5686830
Lower-middle-income countries,OWID_LMC,1992,6330140
Lower-middle-income countries,OWID_LMC,1993,5256540
Lower-middle-income countries,OWID_LMC,1994,5775069
Lower-middle-income countries,OWID_LMC,1995,6247133.5
Lower-middle-income countries,OWID_LMC,1996,6524404
Lower-middle-income countries,OWID_LMC,1997,7204847
Lower-middle-income countries,OWID_LMC,1998,5253599
Lower-middle-income countries,OWID_LMC,1999,6205256
Lower-middle-income countries,OWID_LMC,2000,6343472
Lower-middle-income countries,OWID_LMC,2001,4666232
Lower-middle-income countries,OWID_LMC,2002,5548389
Lower-middle-income countries,OWID_LMC,2003,4342736
Lower-middle-income countries,OWID_LMC,2004,6750783
Lower-middle-income countries,OWID_LMC,2005,8009062.5
Lower-middle-income countries,OWID_LMC,2006,8502054
Lower-middle-income countries,OWID_LMC,2007,7853919.5
Lower-middle-income countries,OWID_LMC,2008,6252815.5
Lower-middle-income countries,OWID_LMC,2009,7608308.5
Lower-middle-income countries,OWID_LMC,2010,6998227
Lower-middle-income countries,OWID_LMC,2011,8625811
Lower-middle-income countries,OWID_LMC,2012,7046751
Lower-middle-income countries,OWID_LMC,2013,8340370.5
Lower-middle-income countries,OWID_LMC,2014,8400049
Lower-middle-income countries,OWID_LMC,2015,6860002
Lower-middle-income countries,OWID_LMC,2016,7366117.5
Lower-middle-income countries,OWID_LMC,2017,8484295
Lower-middle-income countries,OWID_LMC,2018,9050118
Lower-middle-income countries,OWID_LMC,2019,9917731
Lower-middle-income countries,OWID_LMC,2020,10057050
Lower-middle-income countries,OWID_LMC,2021,10973774
Lower-middle-income countries,OWID_LMC,2022,12879038
Lower-middle-income countries,OWID_LMC,2023,14028611
Lower-middle-income countries,OWID_LMC,2024,14372983
Luxembourg,LUX,2000,8370
Luxembourg,LUX,2001,8780
Luxembourg,LUX,2002,12522
Luxembourg,LUX,2003,12535
Luxembourg,LUX,2004,16526
Luxembourg,LUX,2005,14704
Luxembourg,LUX,2006,16250
Luxembourg,LUX,2007,18302
Luxembourg,LUX,2008,16493
Luxembourg,LUX,2009,18132
Luxembourg,LUX,2010,15895
Luxembourg,LUX,2011,15574
Luxembourg,LUX,2012,15338
Luxembourg,LUX,2013,15259
Luxembourg,LUX,2014,15705
Luxembourg,LUX,2015,13834
Luxembourg,LUX,2016,10915
Luxembourg,LUX,2017,11317
Luxembourg,LUX,2018,11180
Luxembourg,LUX,2019,10060
Luxembourg,LUX,2020,8990
Luxembourg,LUX,2021,4390
Luxembourg,LUX,2022,7480
Luxembourg,LUX,2023,7930
Luxembourg,LUX,2024,9090
Malta,MLT,2018,0
Malta,MLT,2019,0
Malta,MLT,2020,0
Malta,MLT,2021,0
Malta,MLT,2022,0
Malta,MLT,2023,0
Malta,MLT,2024,0
Mexico,MEX,1961,4000
Mexico,MEX,1962,2000
Mexico,MEX,1963,3000
Mexico,MEX,1964,2000
Mexico,MEX,1965,4000
Mexico,MEX,1966,5000
Mexico,MEX,1967,5000
Mexico,MEX,1968,5000
Mexico,MEX,1969,5000
Mexico,MEX,1970,6000
Mexico,MEX,1971,6000
Mexico,MEX,1972,6000
Mexico,MEX,1973,5000
Mexico,MEX,1974,6000
Mexico,MEX,1975,6000
Mexico,MEX,1976,6000
Mexico,MEX,1977,6000
Mexico,MEX,1978,6000
Mexico,MEX,1979,3000
Mexico,MEX,1980,3000
Mexico,MEX,1981,3000
Mexico,MEX,1982,3000
Mexico,MEX,1983,3000
Mexico,MEX,1984,2000
Mexico,MEX,1985,3
Mexico,MEX,1986,45
Mexico,MEX,1987,18
Mexico,MEX,1988,2
Mexico,MEX,1989,20
Mexico,MEX,1990,35
Mexico,MEX,1991,198
Mexico,MEX,1992,505
Mexico,MEX,1993,669
Mexico,MEX,1994,2051
Mexico,MEX,1995,1006
Mexico,MEX,1996,1342
Mexico,MEX,1997,680
Mexico,MEX,1998,2000
Mexico,MEX,1999,3000
Mexico,MEX,2000,14000
Mexico,MEX,2001,2000
Mexico,MEX,2002,1000
Mexico,MEX,2003,1000
Mexico,MEX,2004,2000
Mexico,MEX,2005,5000
Mexico,MEX,2006,8000
Mexico,MEX,2007,4000
Mexico,MEX,2008,4000
Mexico,MEX,2009,3000
Mexico,MEX,2010,8000
Mexico,MEX,2011,4000
Mexico,MEX,2012,3000
Mexico,MEX,2013,3000
Mexico,MEX,2014,2000
Mexico,MEX,2015,11000
Mexico,MEX,2016,4000
Mexico,MEX,2017,1000
Mexico,MEX,2018,2000
Mexico,MEX,2019,2000
Mexico,MEX,2020,2000
Mexico,MEX,2021,2000
Mexico,MEX,2022,1000
Mexico,MEX,2023,1000
Mexico,MEX,2024,2000
Moldova,MDA,1999,1200
Moldova,MDA,2000,1100
Moldova,MDA,2001,4225.39
Moldova,MDA,2002,1000
Moldova,MDA,2003,7171.81
Moldova,MDA,2004,1073
Moldova,MDA,2005,3275
Moldova,MDA,2006,6947
Moldova,MDA,2007,34180
Moldova,MDA,2008,95371
Moldova,MDA,2009,69136
Moldova,MDA,2010,45000
Moldova,MDA,2011,65000
Moldova,MDA,2012,59000
Moldova,MDA,2013,70000
Moldova,MDA,2014,68171
Moldova,MDA,2015,16159
Moldova,MDA,2016,43191
Moldova,MDA,2017,71410
Moldova,MDA,2018,85607
Moldova,MDA,2019,77268
Moldova,MDA,2020,47128
Moldova,MDA,2021,92355
Moldova,MDA,2022,77378
Moldova,MDA,2023,210949
Moldova,MDA,2024,86547
Mongolia,MNG,2006,11000
Mongolia,MNG,2007,7500
Mongolia,MNG,2008,5000
Mongolia,MNG,2009,4000
Mongolia,MNG,2010,11070
Mongolia,MNG,2011,6133
Mongolia,MNG,2012,20984
Mongolia,MNG,2013,41730
Mongolia,MNG,2014,51912
Mongolia,MNG,2015,23145
Mongolia,MNG,2016,21460
Mongolia,MNG,2017,13863
Mongolia,MNG,2018,23921
Mongolia,MNG,2019,33813
Mongolia,MNG,2020,22514
Mongolia,MNG,2021,51762.2
Mongolia,MNG,2022,49214.8
Mongolia,MNG,2023,55262.33
Mongolia,MNG,2024,59354.05
Morocco,MAR,1961,0
Morocco,MAR,1962,0
Morocco,MAR,1963,0
Morocco,MAR,1964,0
Morocco,MAR,1965,0
Morocco,MAR,1966,0
Morocco,MAR,1967,0
Morocco,MAR,1968,0
Morocco,MAR,1969,0
Morocco,MAR,1970,0
Morocco,MAR,1971,0
Morocco,MAR,1972,0
Morocco,MAR,1973,0
Morocco,MAR,1974,0
Morocco,MAR,1975,0
Morocco,MAR,1976,0
Morocco,MAR,1977,0
Morocco,MAR,1978,0
Morocco,MAR,1979,0
Morocco,MAR,1980,0
Morocco,MAR,1981,480
Morocco,MAR,1982,600
Morocco,MAR,1983,600
Morocco,MAR,1984,600
Morocco,MAR,1985,600
Morocco,MAR,1986,600
Morocco,MAR,1987,800
Morocco,MAR,1988,600
Morocco,MAR,1989,1700
Morocco,MAR,1990,4800
Morocco,MAR,1991,1700
Morocco,MAR,1992,1000
Morocco,MAR,1993,1100
Morocco,MAR,1994,1960
Morocco,MAR,1995,2000
Morocco,MAR,1996,920
Morocco,MAR,1997,500
Morocco,MAR,1998,1200
Morocco,MAR,1999,1000
Morocco,MAR,2000,1000
Morocco,MAR,2001,300
Morocco,MAR,2002,1000
Morocco,MAR,2003,1000
Morocco,MAR,2004,1000
Morocco,MAR,2005,1000
Morocco,MAR,2006,1000
Morocco,MAR,2007,1000
Morocco,MAR,2008,1000
Morocco,MAR,2009,1000
Morocco,MAR,2010,1000
Morocco,MAR,2011,1000
Morocco,MAR,2012,1000
Morocco,MAR,2013,1000
Morocco,MAR,2014,2000
Morocco,MAR,2015,2000
Morocco,MAR,2016,2000
Morocco,MAR,2017,3000
Morocco,MAR,2018,3000
Morocco,MAR,2019,2000
Morocco,MAR,2020,3000
Morocco,MAR,2021,3000
Morocco,MAR,2022,2000
Morocco,MAR,2023,2000
Morocco,MAR,2024,2000
Net Food Importing Developing Countries (FAO),,1961,332932
Net Food Importing Developing Countries (FAO),,1962,329878
Net Food Importing Developing Countries (FAO),,1963,382714
Net Food Importing Developing Countries (FAO),,1964,321754
Net Food Importing Developing Countries (FAO),,1965,326830
Net Food Importing Developing Countries (FAO),,1966,298360
Net Food Importing Developing Countries (FAO),,1967,326800
Net Food Importing Developing Countries (FAO),,1968,416220
Net Food Importing Developing Countries (FAO),,1969,378100
Net Food Importing Developing Countries (FAO),,1970,398400
Net Food Importing Developing Countries (FAO),,1971,427940
Net Food Importing Developing Countries (FAO),,1972,435185
Net Food Importing Developing Countries (FAO),,1973,415714
Net Food Importing Developing Countries (FAO),,1974,412692
Net Food Importing Developing Countries (FAO),,1975,385211
Net Food Importing Developing Countries (FAO),,1976,398877
Net Food Importing Developing Countries (FAO),,1977,430664
Net Food Importing Developing Countries (FAO),,1978,388203
Net Food Importing Developing Countries (FAO),,1979,483200
Net Food Importing Developing Countries (FAO),,1980,494790
Net Food Importing Developing Countries (FAO),,1981,482130
Net Food Importing Developing Countries (FAO),,1982,485500
Net Food Importing Developing Countries (FAO),,1983,508230
Net Food Importing Developing Countries (FAO),,1984,486364
Net Food Importing Developing Countries (FAO),,1985,536854
Net Food Importing Developing Countries (FAO),,1986,530575
Net Food Importing Developing Countries (FAO),,1987,483563
Net Food Importing Developing Countries (FAO),,1988,489978
Net Food Importing Developing Countries (FAO),,1989,531673
Net Food Importing Developing Countries (FAO),,1990,533610
Net Food Importing Developing Countries (FAO),,1991,537530
Net Food Importing Developing Countries (FAO),,1992,544740
Net Food Importing Developing Countries (FAO),,1993,461300
Net Food Importing Developing Countries (FAO),,1994,447940
Net Food Importing Developing Countries (FAO),,1995,490296.8
Net Food Importing Developing Countries (FAO),,1996,542539
Net Food Importing Developing Countries (FAO),,1997,545169
Net Food Importing Developing Countries (FAO),,1998,557374
Net Food Importing Developing Countries (FAO),,1999,546017
Net Food Importing Developing Countries (FAO),,2000,556405
Net Food Importing Developing Countries (FAO),,2001,486236
Net Food Importing Developing Countries (FAO),,2002,474643
Net Food Importing Developing Countries (FAO),,2003,476830
Net Food Importing Developing Countries (FAO),,2004,481454
Net Food Importing Developing Countries (FAO),,2005,445829.56
Net Food Importing Developing Countries (FAO),,2006,403625.16
Net Food Importing Developing Countries (FAO),,2007,450562.28
Net Food Importing Developing Countries (FAO),,2008,469817.88
Net Food Importing Developing Countries (FAO),,2009,432402.44
Net Food Importing Developing Countries (FAO),,2010,425126
Net Food Importing Developing Countries (FAO),,2011,525937.56
Net Food Importing Developing Countries (FAO),,2012,550963.1
Net Food Importing Developing Countries (FAO),,2013,643547.75
Net Food Importing Developing Countries (FAO),,2014,644583.4
Net Food Importing Developing Countries (FAO),,2015,660784.75
Net Food Importing Developing Countries (FAO),,2016,651687.6
Net Food Importing Developing Countries (FAO),,2017,629710.06
Net Food Importing Developing Countries (FAO),,2018,687662.1
Net Food Importing Developing Countries (FAO),,2019,736445.2
Net Food Importing Developing Countries (FAO),,2020,1003225.75
Net Food Importing Developing Countries (FAO),,2021,833097.4
Net Food Importing Developing Countries (FAO),,2022,983706.3
Net Food Importing Developing Countries (FAO),,2023,1459198.6
Net Food Importing Developing Countries (FAO),,2024,1193762.5
Netherlands,NLD,1961,9834
Netherlands,NLD,1962,10218
Netherlands,NLD,1963,9989
Netherlands,NLD,1964,10293
Netherlands,NLD,1965,12123
Netherlands,NLD,1966,13111
Netherlands,NLD,1967,15186
Netherlands,NLD,1968,18009
Netherlands,NLD,1969,12192
Netherlands,NLD,1970,21819
Netherlands,NLD,1971,32677
Netherlands,NLD,1972,45199
Netherlands,NLD,1973,40634
Netherlands,NLD,1974,44907
Netherlands,NLD,1975,36597
Netherlands,NLD,1976,34207
Netherlands,NLD,1977,30401
Netherlands,NLD,1978,23450
Netherlands,NLD,1979,18100
Netherlands,NLD,1980,28503
Netherlands,NLD,1981,37205
Netherlands,NLD,1982,33336
Netherlands,NLD,1983,37976
Netherlands,NLD,1984,37771
Netherlands,NLD,1985,30580
Netherlands,NLD,1986,20144
Netherlands,NLD,1987,30963
Netherlands,NLD,1988,24000
Netherlands,NLD,1989,23000
Netherlands,NLD,1990,26000
Netherlands,NLD,1991,20995
Netherlands,NLD,1992,13801
Netherlands,NLD,1993,7800
Netherlands,NLD,1994,4000
Netherlands,NLD,1995,5000
Netherlands,NLD,1996,3000
Netherlands,NLD,1997,1969
Netherlands,NLD,1998,2700
Netherlands,NLD,1999,4465
Netherlands,NLD,2000,2900
Netherlands,NLD,2001,2401
Netherlands,NLD,2002,1455
Netherlands,NLD,2003,3363
Netherlands,NLD,2004,7500
Netherlands,NLD,2005,7736
Netherlands,NLD,2006,11600
Netherlands,NLD,2007,11800
Netherlands,NLD,2008,9500
Netherlands,NLD,2009,11964
Netherlands,NLD,2010,11521
Netherlands,NLD,2011,6757
Netherlands,NLD,2012,7475
Netherlands,NLD,2013,10275
Netherlands,NLD,2014,10221
Netherlands,NLD,2015,8852
Netherlands,NLD,2016,5279
Netherlands,NLD,2017,7894
Netherlands,NLD,2018,5820
Netherlands,NLD,2019,6010
Netherlands,NLD,2020,5920
Netherlands,NLD,2021,4390
Netherlands,NLD,2022,7170
Netherlands,NLD,2023,7860
Netherlands,NLD,2024,4440
New Zealand,NZL,1961,150
New Zealand,NZL,1962,150
New Zealand,NZL,1963,150
New Zealand,NZL,1964,150
New Zealand,NZL,1965,200
New Zealand,NZL,1966,300
New Zealand,NZL,1967,400
New Zealand,NZL,1968,400
New Zealand,NZL,1969,400
New Zealand,NZL,1970,400
New Zealand,NZL,1971,400
New Zealand,NZL,1972,400
New Zealand,NZL,1973,350
New Zealand,NZL,1974,252
New Zealand,NZL,1975,450
New Zealand,NZL,1976,500
New Zealand,NZL,1977,750
New Zealand,NZL,1978,700
New Zealand,NZL,1979,750
New Zealand,NZL,1980,650
New Zealand,NZL,1981,500
New Zealand,NZL,1982,520
New Zealand,NZL,1983,500
New Zealand,NZL,1984,500
New Zealand,NZL,1985,800
New Zealand,NZL,1986,7500
New Zealand,NZL,1987,7624
New Zealand,NZL,1988,6293
New Zealand,NZL,1989,2321
New Zealand,NZL,1990,2200
New Zealand,NZL,1991,2200
New Zealand,NZL,1992,2200
New Zealand,NZL,1993,3000
New Zealand,NZL,1994,4500
New Zealand,NZL,1995,4800
New Zealand,NZL,1996,4667.9
New Zealand,NZL,1997,4900
New Zealand,NZL,1998,4000
New Zealand,NZL,1999,4000
New Zealand,NZL,2000,4000
New Zealand,NZL,2001,4000
New Zealand,NZL,2002,4000
New Zealand,NZL,2003,4000
New Zealand,NZL,2004,4000
New Zealand,NZL,2005,3449.6
New Zealand,NZL,2006,2918.28
New Zealand,NZL,2007,2000
New Zealand,NZL,2008,1883.19
New Zealand,NZL,2009,3220.24
New Zealand,NZL,2010,3071.54
New Zealand,NZL,2011,2995.42
New Zealand,NZL,2012,2919.29
New Zealand,NZL,2013,2843.16
New Zealand,NZL,2014,2654.7
New Zealand,NZL,2015,1692.11
New Zealand,NZL,2016,2396.66
New Zealand,NZL,2017,2247.82
New Zealand,NZL,2018,2112.2
New Zealand,NZL,2019,2252.23
New Zealand,NZL,2020,2204.08
New Zealand,NZL,2021,2189.5
New Zealand,NZL,2022,2215.27
New Zealand,NZL,2023,2202.95
New Zealand,NZL,2024,2238.34
North America,OWID_NAM,1961,258464
North America,OWID_NAM,1962,134901
North America,OWID_NAM,1963,192601
North America,OWID_NAM,1964,302277
North America,OWID_NAM,1965,516568
North America,OWID_NAM,1966,590144
North America,OWID_NAM,1967,565196
North America,OWID_NAM,1968,444992
North America,OWID_NAM,1969,762512
North America,OWID_NAM,1970,1643496
North America,OWID_NAM,1971,2160600
North America,OWID_NAM,1972,1305564
North America,OWID_NAM,1973,1211576
North America,OWID_NAM,1974,1169484
North America,OWID_NAM,1975,1845200
North America,OWID_NAM,1976,842892
North America,OWID_NAM,1977,1979160
North America,OWID_NAM,1978,3503256
North America,OWID_NAM,1979,3414072
North America,OWID_NAM,1980,2486460
North America,OWID_NAM,1981,1851500
North America,OWID_NAM,1982,2249000
North America,OWID_NAM,1983,2612000
North America,OWID_NAM,1984,3414000
North America,OWID_NAM,1985,3498003
North America,OWID_NAM,1986,3786445
North America,OWID_NAM,1987,3858468
North America,OWID_NAM,1988,4235702
North America,OWID_NAM,1989,3262020
North America,OWID_NAM,1990,3320035
North America,OWID_NAM,1991,4318404
North America,OWID_NAM,1992,3944795
North America,OWID_NAM,1993,5643459
North America,OWID_NAM,1994,7443221
North America,OWID_NAM,1995,6685343
North America,OWID_NAM,1996,5283070
North America,OWID_NAM,1997,6748690
North America,OWID_NAM,1998,8354790
North America,OWID_NAM,1999,9422150
North America,OWID_NAM,2000,8128326
North America,OWID_NAM,2001,5927450
North America,OWID_NAM,2002,5218867
North America,OWID_NAM,2003,7458662
North America,OWID_NAM,2004,8288133
North America,OWID_NAM,2005,10206784
North America,OWID_NAM,2006,9641248
North America,OWID_NAM,2007,10264619
North America,OWID_NAM,2008,13304510
North America,OWID_NAM,2009,13566200
North America,OWID_NAM,2010,13908720
North America,OWID_NAM,2011,15306470
North America,OWID_NAM,2012,14958362
North America,OWID_NAM,2013,19557550
North America,OWID_NAM,2014,17552992
North America,OWID_NAM,2015,19693500
North America,OWID_NAM,2016,21008570
North America,OWID_NAM,2017,22723290
North America,OWID_NAM,2018,22369170
North America,OWID_NAM,2019,21467100
North America,OWID_NAM,2020,21062010
North America,OWID_NAM,2021,15492431
North America,OWID_NAM,2022,20590080
North America,OWID_NAM,2023,21359512
North America,OWID_NAM,2024,21448524
North Macedonia,MKD,1992,3000
North Macedonia,MKD,1993,162
North Macedonia,MKD,1994,761
North Macedonia,MKD,1995,90
North Macedonia,MKD,1996,3551
North Macedonia,MKD,1997,2880
North Macedonia,MKD,1998,651
North Macedonia,MKD,1999,1500
North Macedonia,MKD,2000,2614
North Macedonia,MKD,2001,110
North Macedonia,MKD,2002,300
North Macedonia,MKD,2003,767
North Macedonia,MKD,2004,2284
North Macedonia,MKD,2005,660
North Macedonia,MKD,2006,200
North Macedonia,MKD,2007,23
North Macedonia,MKD,2008,500
North Macedonia,MKD,2009,1501
North Macedonia,MKD,2010,4985
North Macedonia,MKD,2011,3626
North Macedonia,MKD,2012,4688
North Macedonia,MKD,2013,5010
North Macedonia,MKD,2014,7448
North Macedonia,MKD,2015,4133
North Macedonia,MKD,2016,216
North Macedonia,MKD,2017,6124
North Macedonia,MKD,2018,213
North Macedonia,MKD,2019,124
North Macedonia,MKD,2020,149
North Macedonia,MKD,2021,502
North Macedonia,MKD,2022,277
North Macedonia,MKD,2023,282
North Macedonia,MKD,2024,413
Northern Africa (FAO),,1961,0
Northern Africa (FAO),,1962,0
Northern Africa (FAO),,1963,0
Northern Africa (FAO),,1964,0
Northern Africa (FAO),,1965,0
Northern Africa (FAO),,1966,0
Northern Africa (FAO),,1967,0
Northern Africa (FAO),,1968,0
Northern Africa (FAO),,1969,0
Northern Africa (FAO),,1970,0
Northern Africa (FAO),,1971,0
Northern Africa (FAO),,1972,0
Northern Africa (FAO),,1973,0
Northern Africa (FAO),,1974,0
Northern Africa (FAO),,1975,0
Northern Africa (FAO),,1976,0
Northern Africa (FAO),,1977,0
Northern Africa (FAO),,1978,0
Northern Africa (FAO),,1979,25000
Northern Africa (FAO),,1980,30000
Northern Africa (FAO),,1981,48540
Northern Africa (FAO),,1982,44927
Northern Africa (FAO),,1983,50176
Northern Africa (FAO),,1984,58359
Northern Africa (FAO),,1985,66698
Northern Africa (FAO),,1986,73300
Northern Africa (FAO),,1987,86511
Northern Africa (FAO),,1988,77730
Northern Africa (FAO),,1989,92095
Northern Africa (FAO),,1990,74800
Northern Africa (FAO),,1991,61700
Northern Africa (FAO),,1992,41000
Northern Africa (FAO),,1993,36100
Northern Africa (FAO),,1994,31960
Northern Africa (FAO),,1995,34401.05
Northern Africa (FAO),,1996,33607.71
Northern Africa (FAO),,1997,33230.71
Northern Africa (FAO),,1998,32270
Northern Africa (FAO),,1999,34500
Northern Africa (FAO),,2000,33000
Northern Africa (FAO),,2001,31900
Northern Africa (FAO),,2002,30500
Northern Africa (FAO),,2003,32000
Northern Africa (FAO),,2004,32500
Northern Africa (FAO),,2005,32616.56
Northern Africa (FAO),,2006,33009.17
Northern Africa (FAO),,2007,32976.29
Northern Africa (FAO),,2008,32972.19
Northern Africa (FAO),,2009,29385.29
Northern Africa (FAO),,2010,29564.45
Northern Africa (FAO),,2011,29170.74
Northern Africa (FAO),,2012,28777.04
Northern Africa (FAO),,2013,28383.33
Northern Africa (FAO),,2014,29148.66
Northern Africa (FAO),,2015,29617.27
Northern Africa (FAO),,2016,29399.81
Northern Africa (FAO),,2017,29987.03
Northern Africa (FAO),,2018,29333.25
Northern Africa (FAO),,2019,29484.73
Northern Africa (FAO),,2020,30838.86
Northern Africa (FAO),,2021,31373.27
Northern Africa (FAO),,2022,31113.19
Northern Africa (FAO),,2023,31490.9
Northern Africa (FAO),,2024,30534.62
Northern America (FAO),,1961,254464
Northern America (FAO),,1962,132901
Northern America (FAO),,1963,189601
Northern America (FAO),,1964,300277
Northern America (FAO),,1965,512568
Northern America (FAO),,1966,585144
Northern America (FAO),,1967,560196
Northern America (FAO),,1968,439992
Northern America (FAO),,1969,757512
Northern America (FAO),,1970,1637496
Northern America (FAO),,1971,2154600
Northern America (FAO),,1972,1299564
Northern America (FAO),,1973,1206576
Northern America (FAO),,1974,1163484
Northern America (FAO),,1975,1839200
Northern America (FAO),,1976,836892
Northern America (FAO),,1977,1973160
Northern America (FAO),,1978,3497256
Northern America (FAO),,1979,3411072
Northern America (FAO),,1980,2483460
Northern America (FAO),,1981,1848500
Northern America (FAO),,1982,2246000
Northern America (FAO),,1983,2609000
Northern America (FAO),,1984,3412000
Northern America (FAO),,1985,3498000
Northern America (FAO),,1986,3786400
Northern America (FAO),,1987,3858450
Northern America (FAO),,1988,4235700
Northern America (FAO),,1989,3262000
Northern America (FAO),,1990,3320000
Northern America (FAO),,1991,4318206
Northern America (FAO),,1992,3944290
Northern America (FAO),,1993,5642790
Northern America (FAO),,1994,7441170
Northern America (FAO),,1995,6684337
Northern America (FAO),,1996,5281728
Northern America (FAO),,1997,6748010
Northern America (FAO),,1998,8352790
Northern America (FAO),,1999,9419150
Northern America (FAO),,2000,8114326
Northern America (FAO),,2001,5925450
Northern America (FAO),,2002,5217867
Northern America (FAO),,2003,7457662
Northern America (FAO),,2004,8286133
Northern America (FAO),,2005,10201784
Northern America (FAO),,2006,9633248
Northern America (FAO),,2007,10260619
Northern America (FAO),,2008,13300510
Northern America (FAO),,2009,13563200
Northern America (FAO),,2010,13900720
Northern America (FAO),,2011,15302470
Northern America (FAO),,2012,14955362
Northern America (FAO),,2013,19554550
Northern America (FAO),,2014,17550992
Northern America (FAO),,2015,19682500
Northern America (FAO),,2016,21004570
Northern America (FAO),,2017,22722290
Northern America (FAO),,2018,22367170
Northern America (FAO),,2019,21465100
Northern America (FAO),,2020,21060010
Northern America (FAO),,2021,15490431
Northern America (FAO),,2022,20589080
Northern America (FAO),,2023,21358512
Northern America (FAO),,2024,21446524
Northern Europe (FAO),,1961,153849
Northern Europe (FAO),,1962,209390
Northern Europe (FAO),,1963,142691
Northern Europe (FAO),,1964,248575
Northern Europe (FAO),,1965,281491
Northern Europe (FAO),,1966,144697
Northern Europe (FAO),,1967,323044
Northern Europe (FAO),,1968,331085
Northern Europe (FAO),,1969,258833
Northern Europe (FAO),,1970,237581
Northern Europe (FAO),,1971,321719
Northern Europe (FAO),,1972,402806
Northern Europe (FAO),,1973,483966
Northern Europe (FAO),,1974,542246
Northern Europe (FAO),,1975,551121
Northern Europe (FAO),,1976,501936
Northern Europe (FAO),,1977,531475
Northern Europe (FAO),,1978,631012
Northern Europe (FAO),,1979,699859
Northern Europe (FAO),,1980,917500
Northern Europe (FAO),,1981,991441
Northern Europe (FAO),,1982,1398134
Northern Europe (FAO),,1983,1364601
Northern Europe (FAO),,1984,1897600
Northern Europe (FAO),,1985,1921700
Northern Europe (FAO),,1986,2082970
Northern Europe (FAO),,1987,2275874
Northern Europe (FAO),,1988,1973172
Northern Europe (FAO),,1989,2170300
Northern Europe (FAO),,1990,2619325
Northern Europe (FAO),,1991,2421711
Northern Europe (FAO),,1992,2071747
Northern Europe (FAO),,1993,2021360
Northern Europe (FAO),,1994,1982875
Northern Europe (FAO),,1995,1927516
Northern Europe (FAO),,1996,1944128
Northern Europe (FAO),,1997,2102717
Northern Europe (FAO),,1998,2232293
Northern Europe (FAO),,1999,2570114
Northern Europe (FAO),,2000,1790375
Northern Europe (FAO),,2001,1721222
Northern Europe (FAO),,2002,2174430
Northern Europe (FAO),,2003,2592709
Northern Europe (FAO),,2004,2773132
Northern Europe (FAO),,2005,2999120
Northern Europe (FAO),,2006,3095652
Northern Europe (FAO),,2007,3715671
Northern Europe (FAO),,2008,3620676
Northern Europe (FAO),,2009,3774948
Northern Europe (FAO),,2010,4076970
Northern Europe (FAO),,2011,4541306
Northern Europe (FAO),,2012,4596494
Northern Europe (FAO),,2013,4299965
Northern Europe (FAO),,2014,4450671
Northern Europe (FAO),,2015,4864262
Northern Europe (FAO),,2016,3473670
Northern Europe (FAO),,2017,4450311
Northern Europe (FAO),,2018,3617820
Northern Europe (FAO),,2019,4249040
Northern Europe (FAO),,2020,3650740
Northern Europe (FAO),,2021,3629862.5
Northern Europe (FAO),,2022,4299955
Northern Europe (FAO),,2023,3790307.8
Northern Europe (FAO),,2024,3138895
Norway,NOR,1961,1000
Norway,NOR,1962,1500
Norway,NOR,1963,2500
Norway,NOR,1964,3500
Norway,NOR,1965,5400
Norway,NOR,1966,7700
Norway,NOR,1967,13800
Norway,NOR,1968,19200
Norway,NOR,1969,9300
Norway,NOR,1970,4800
Norway,NOR,1971,2400
Norway,NOR,1972,2200
Norway,NOR,1973,6600
Norway,NOR,1974,6700
Norway,NOR,1975,6900
Norway,NOR,1976,8538
Norway,NOR,1977,9489
Norway,NOR,1978,8555
Norway,NOR,1979,8600
Norway,NOR,1980,9500
Norway,NOR,1981,10500
Norway,NOR,1982,13300
Norway,NOR,1983,12086
Norway,NOR,1984,18600
Norway,NOR,1985,12600
Norway,NOR,1986,10570
Norway,NOR,1987,10974
Norway,NOR,1988,9072
Norway,NOR,1989,9900
Norway,NOR,1990,9325
Norway,NOR,1991,5540
Norway,NOR,1992,7652
Norway,NOR,1993,15110
Norway,NOR,1994,13131
Norway,NOR,1995,17120
Norway,NOR,1996,12200
Norway,NOR,1997,11870
Norway,NOR,1998,9820
Norway,NOR,1999,10380
Norway,NOR,2000,9080
Norway,NOR,2001,19280
Norway,NOR,2002,17845
Norway,NOR,2003,11320
Norway,NOR,2004,12300
Norway,NOR,2005,11230
Norway,NOR,2006,9550
Norway,NOR,2007,9010
Norway,NOR,2008,9800
Norway,NOR,2009,6860
Norway,NOR,2010,10200
Norway,NOR,2011,8610
Norway,NOR,2012,11335
Norway,NOR,2013,6040
Norway,NOR,2014,9700
Norway,NOR,2015,10400
Norway,NOR,2016,11450
Norway,NOR,2017,10300
Norway,NOR,2018,7250
Norway,NOR,2019,15000
Norway,NOR,2020,7180
Norway,NOR,2021,9000
Norway,NOR,2022,9500
Norway,NOR,2023,5000
Norway,NOR,2024,6000
Oceania,OWID_OCE,1961,150
Oceania,OWID_OCE,1962,150
Oceania,OWID_OCE,1963,150
Oceania,OWID_OCE,1964,150
Oceania,OWID_OCE,1965,200
Oceania,OWID_OCE,1966,300
Oceania,OWID_OCE,1967,400
Oceania,OWID_OCE,1968,908
Oceania,OWID_OCE,1969,4870
Oceania,OWID_OCE,1970,34030
Oceania,OWID_OCE,1971,55014
Oceania,OWID_OCE,1972,25437
Oceania,OWID_OCE,1973,10948
Oceania,OWID_OCE,1974,8785
Oceania,OWID_OCE,1975,12387
Oceania,OWID_OCE,1976,9009
Oceania,OWID_OCE,1977,16460
Oceania,OWID_OCE,1978,24126
Oceania,OWID_OCE,1979,41881
Oceania,OWID_OCE,1980,17883
Oceania,OWID_OCE,1981,15035
Oceania,OWID_OCE,1982,7268
Oceania,OWID_OCE,1983,17694
Oceania,OWID_OCE,1984,32870
Oceania,OWID_OCE,1985,87830
Oceania,OWID_OCE,1986,83970
Oceania,OWID_OCE,1987,73538
Oceania,OWID_OCE,1988,64545
Oceania,OWID_OCE,1989,80472
Oceania,OWID_OCE,1990,100599
Oceania,OWID_OCE,1991,172648
Oceania,OWID_OCE,1992,180102
Oceania,OWID_OCE,1993,308020
Oceania,OWID_OCE,1994,268392
Oceania,OWID_OCE,1995,561854
Oceania,OWID_OCE,1996,627906.9
Oceania,OWID_OCE,1997,859900
Oceania,OWID_OCE,1998,1694000
Oceania,OWID_OCE,1999,2430000
Oceania,OWID_OCE,2000,1779019
Oceania,OWID_OCE,2001,1759863
Oceania,OWID_OCE,2002,874827
Oceania,OWID_OCE,2003,1707117
Oceania,OWID_OCE,2004,1546319
Oceania,OWID_OCE,2005,1422390.6
Oceania,OWID_OCE,2006,576243.25
Oceania,OWID_OCE,2007,1216373
Oceania,OWID_OCE,2008,1846040.2
Oceania,OWID_OCE,2009,1910492.2
Oceania,OWID_OCE,2010,2361806.5
Oceania,OWID_OCE,2011,3430289.5
Oceania,OWID_OCE,2012,4144650.2
Oceania,OWID_OCE,2013,3834892.2
Oceania,OWID_OCE,2014,3542675.8
Oceania,OWID_OCE,2015,2777171
Oceania,OWID_OCE,2016,4315626.5
Oceania,OWID_OCE,2017,3895318.8
Oceania,OWID_OCE,2018,2367951.5
Oceania,OWID_OCE,2019,2300781.5
Oceania,OWID_OCE,2020,4758592
Oceania,OWID_OCE,2021,6822476.5
Oceania,OWID_OCE,2022,8920077
Oceania,OWID_OCE,2023,7506870
Oceania,OWID_OCE,2024,6398238.5
Oceania (FAO),,1961,150
Oceania (FAO),,1962,150
Oceania (FAO),,1963,150
Oceania (FAO),,1964,150
Oceania (FAO),,1965,200
Oceania (FAO),,1966,300
Oceania (FAO),,1967,400
Oceania (FAO),,1968,908
Oceania (FAO),,1969,4870
Oceania (FAO),,1970,34030
Oceania (FAO),,1971,55014
Oceania (FAO),,1972,25437
Oceania (FAO),,1973,10948
Oceania (FAO),,1974,8785
Oceania (FAO),,1975,12387
Oceania (FAO),,1976,9009
Oceania (FAO),,1977,16460
Oceania (FAO),,1978,24126
Oceania (FAO),,1979,41881
Oceania (FAO),,1980,17883
Oceania (FAO),,1981,15035
Oceania (FAO),,1982,7268
Oceania (FAO),,1983,17694
Oceania (FAO),,1984,32870
Oceania (FAO),,1985,87830
Oceania (FAO),,1986,83970
Oceania (FAO),,1987,73538
Oceania (FAO),,1988,64545
Oceania (FAO),,1989,80472
Oceania (FAO),,1990,100599
Oceania (FAO),,1991,172648
Oceania (FAO),,1992,180102
Oceania (FAO),,1993,308020
Oceania (FAO),,1994,268392
Oceania (FAO),,1995,561854
Oceania (FAO),,1996,627906.9
Oceania (FAO),,1997,859900
Oceania (FAO),,1998,1694000
Oceania (FAO),,1999,2430000
Oceania (FAO),,2000,1779019
Oceania (FAO),,2001,1759863
Oceania (FAO),,2002,874827
Oceania (FAO),,2003,1707117
Oceania (FAO),,2004,1546319
Oceania (FAO),,2005,1422390.6
Oceania (FAO),,2006,576243.25
Oceania (FAO),,2007,1216373
Oceania (FAO),,2008,1846040.2
Oceania (FAO),,2009,1910492.2
Oceania (FAO),,2010,2361806.5
Oceania (FAO),,2011,3430289.5
Oceania (FAO),,2012,4144650.2
Oceania (FAO),,2013,3834892.2
Oceania (FAO),,2014,3542675.8
Oceania (FAO),,2015,2777171
Oceania (FAO),,2016,4315626.5
Oceania (FAO),,2017,3895318.8
Oceania (FAO),,2018,2367951.2
Oceania (FAO),,2019,2300781.5
Oceania (FAO),,2020,4758592.5
Oceania (FAO),,2021,6822476.5
Oceania (FAO),,2022,8920077
Oceania (FAO),,2023,7506870
Oceania (FAO),,2024,6398238.5
Pakistan,PAK,1961,214380
Pakistan,PAK,1962,205230
Pakistan,PAK,1963,257050
Pakistan,PAK,1964,211330
Pakistan,PAK,1965,215390
Pakistan,PAK,1966,181860
Pakistan,PAK,1967,203200
Pakistan,PAK,1968,274320
Pakistan,PAK,1969,228000
Pakistan,PAK,1970,249900
Pakistan,PAK,1971,269240
Pakistan,PAK,1972,300740
Pakistan,PAK,1973,286850
Pakistan,PAK,1974,292622
Pakistan,PAK,1975,247960
Pakistan,PAK,1976,267320
Pakistan,PAK,1977,296394
Pakistan,PAK,1978,236100
Pakistan,PAK,1979,248200
Pakistan,PAK,1980,247100
Pakistan,PAK,1981,252500
Pakistan,PAK,1982,238800
Pakistan,PAK,1983,246000
Pakistan,PAK,1984,217000
Pakistan,PAK,1985,234800
Pakistan,PAK,1986,249900
Pakistan,PAK,1987,213200
Pakistan,PAK,1988,204200
Pakistan,PAK,1989,249000
Pakistan,PAK,1990,233100
Pakistan,PAK,1991,228300
Pakistan,PAK,1992,219700
Pakistan,PAK,1993,206900
Pakistan,PAK,1994,197400
Pakistan,PAK,1995,229400
Pakistan,PAK,1996,254500
Pakistan,PAK,1997,285600
Pakistan,PAK,1998,291500
Pakistan,PAK,1999,281100
Pakistan,PAK,2000,289500
Pakistan,PAK,2001,230600
Pakistan,PAK,2002,221200
Pakistan,PAK,2003,235000
Pakistan,PAK,2004,238100
Pakistan,PAK,2005,215000
Pakistan,PAK,2006,180800
Pakistan,PAK,2007,221000
Pakistan,PAK,2008,185100
Pakistan,PAK,2009,198900
Pakistan,PAK,2010,162200
Pakistan,PAK,2011,194800
Pakistan,PAK,2012,178800
Pakistan,PAK,2013,220318
Pakistan,PAK,2014,220173
Pakistan,PAK,2015,211432
Pakistan,PAK,2016,200200
Pakistan,PAK,2017,196003
Pakistan,PAK,2018,260523
Pakistan,PAK,2019,342650
Pakistan,PAK,2020,565792
Pakistan,PAK,2021,342878
Pakistan,PAK,2022,482168
Pakistan,PAK,2023,813472
Pakistan,PAK,2024,452804
Paraguay,PRY,2000,8600
Paraguay,PRY,2001,6000
Paraguay,PRY,2002,6000
Paraguay,PRY,2003,10000
Paraguay,PRY,2004,45000
Paraguay,PRY,2005,80000
Paraguay,PRY,2006,62158
Paraguay,PRY,2007,80000
Paraguay,PRY,2008,49854
Paraguay,PRY,2009,48161
Paraguay,PRY,2010,102000
Paraguay,PRY,2011,101217
Paraguay,PRY,2012,110500
Paraguay,PRY,2013,105000
Paraguay,PRY,2014,112000
Paraguay,PRY,2015,107000
Paraguay,PRY,2016,116000
Paraguay,PRY,2017,107000
Paraguay,PRY,2018,36000
Paraguay,PRY,2019,60000
Paraguay,PRY,2020,67096
Paraguay,PRY,2021,61382
Paraguay,PRY,2022,47255
Paraguay,PRY,2023,67850
Paraguay,PRY,2024,82040
Poland,POL,1961,257000
Poland,POL,1962,361000
Poland,POL,1963,227000
Poland,POL,1964,267000
Poland,POL,1965,504000
Poland,POL,1966,448000
Poland,POL,1967,651000
Poland,POL,1968,512000
Poland,POL,1969,204000
Poland,POL,1970,566000
Poland,POL,1971,595000
Poland,POL,1972,430000
Poland,POL,1973,512000
Poland,POL,1974,523000
Poland,POL,1975,726235
Poland,POL,1976,979835
Poland,POL,1977,707991
Poland,POL,1978,691242
Poland,POL,1979,234221
Poland,POL,1980,572232
Poland,POL,1981,495377
Poland,POL,1982,433531
Poland,POL,1983,555440
Poland,POL,1984,910634
Poland,POL,1985,1072503
Poland,POL,1986,1298190
Poland,POL,1987,1186096
Poland,POL,1988,1199333
Poland,POL,1989,1585810
Poland,POL,1990,1206035
Poland,POL,1991,1042744
Poland,POL,1992,758188
Poland,POL,1993,594428
Poland,POL,1994,755695
Poland,POL,1995,1376599
Poland,POL,1996,449305
Poland,POL,1997,594899
Poland,POL,1998,1099084
Poland,POL,1999,1131867
Poland,POL,2000,958145
Poland,POL,2001,1063638
Poland,POL,2002,952737
Poland,POL,2003,792971
Poland,POL,2004,1632919
Poland,POL,2005,1449756
Poland,POL,2006,1651525
Poland,POL,2007,2129873
Poland,POL,2008,2105840
Poland,POL,2009,2496825
Poland,POL,2010,2228676
Poland,POL,2011,1861807
Poland,POL,2012,1865598
Poland,POL,2013,2677665
Poland,POL,2014,3275806
Poland,POL,2015,2700776
Poland,POL,2016,2219270
Poland,POL,2017,2697265
Poland,POL,2018,2105610
Poland,POL,2019,2268850
Poland,POL,2020,2982880
Poland,POL,2021,3050910
Poland,POL,2022,3487070
Poland,POL,2023,3575100
Poland,POL,2024,3124180
Romania,ROU,1961,5500
Romania,ROU,1962,100
Romania,ROU,1963,100
Romania,ROU,1964,600
Romania,ROU,1965,7000
Romania,ROU,1966,3000
Romania,ROU,1967,6000
Romania,ROU,1968,200
Romania,ROU,1969,1400
Romania,ROU,1970,2500
Romania,ROU,1971,3600
Romania,ROU,1972,3300
Romania,ROU,1973,9700
Romania,ROU,1974,13300
Romania,ROU,1975,17300
Romania,ROU,1976,10900
Romania,ROU,1977,5700
Romania,ROU,1978,11100
Romania,ROU,1979,11200
Romania,ROU,1980,18900
Romania,ROU,1981,14200
Romania,ROU,1982,12700
Romania,ROU,1983,21900
Romania,ROU,1984,56500
Romania,ROU,1985,35000
Romania,ROU,1986,13300
Romania,ROU,1987,7700
Romania,ROU,1988,12500
Romania,ROU,1989,18000
Romania,ROU,1990,10900
Romania,ROU,1991,8764
Romania,ROU,1992,1372
Romania,ROU,1993,1355
Romania,ROU,1994,322
Romania,ROU,1995,357
Romania,ROU,1996,1867
Romania,ROU,1997,11646
Romania,ROU,1998,28742
Romania,ROU,1999,108221
Romania,ROU,2000,76126
Romania,ROU,2001,101789
Romania,ROU,2002,35906
Romania,ROU,2003,8080
Romania,ROU,2004,98661
Romania,ROU,2005,147566
Romania,ROU,2006,175050
Romania,ROU,2007,361500
Romania,ROU,2008,673033
Romania,ROU,2009,569611
Romania,ROU,2010,943033
Romania,ROU,2011,738971
Romania,ROU,2012,157511
Romania,ROU,2013,666097
Romania,ROU,2014,1059121
Romania,ROU,2015,919473
Romania,ROU,2016,1292779
Romania,ROU,2017,1673327
Romania,ROU,2018,1610910
Romania,ROU,2019,798220
Romania,ROU,2020,780160
Romania,ROU,2021,1375070
Romania,ROU,2022,1229530
Romania,ROU,2023,1789670
Romania,ROU,2024,1180840
Russia,RUS,1992,164470
Russia,RUS,1993,96530
Russia,RUS,1994,122290
Russia,RUS,1995,123420
Russia,RUS,1996,134535
Russia,RUS,1997,103747
Russia,RUS,1998,124727
Russia,RUS,1999,135132
Russia,RUS,2000,148746
Russia,RUS,2001,113201
Russia,RUS,2002,115333
Russia,RUS,2003,191888
Russia,RUS,2004,276842
Russia,RUS,2005,304238
Russia,RUS,2006,522093
Russia,RUS,2007,630325
Russia,RUS,2008,752200
Russia,RUS,2009,666841
Russia,RUS,2010,670082
Russia,RUS,2011,956378
Russia,RUS,2012,945132
Russia,RUS,2013,1259184.8
Russia,RUS,2014,1337939.5
Russia,RUS,2015,1012206
Russia,RUS,2016,1000827
Russia,RUS,2017,1510324
Russia,RUS,2018,1988697
Russia,RUS,2019,2060320.1
Russia,RUS,2020,2572492.5
Russia,RUS,2021,2793796.5
Russia,RUS,2022,4514241
Russia,RUS,2023,4196000
Russia,RUS,2024,4610000
Serbia,SRB,2006,7595
Serbia,SRB,2007,29825
Serbia,SRB,2008,51907
Serbia,SRB,2009,44300
Serbia,SRB,2010,24399
Serbia,SRB,2011,44531
Serbia,SRB,2012,20076
Serbia,SRB,2013,26992
Serbia,SRB,2014,31419.47
Serbia,SRB,2015,33402
Serbia,SRB,2016,39404
Serbia,SRB,2017,48740
Serbia,SRB,2018,135422
Serbia,SRB,2019,84310.55
Serbia,SRB,2020,73667.62
Serbia,SRB,2021,73496
Serbia,SRB,2022,87820
Serbia,SRB,2023,133753
Serbia,SRB,2024,97674.12
Serbia and Montenegro,OWID_SRM,1992,2000
Serbia and Montenegro,OWID_SRM,1993,2000
Serbia and Montenegro,OWID_SRM,1994,5000
Serbia and Montenegro,OWID_SRM,1995,10000
Serbia and Montenegro,OWID_SRM,1996,21000
Serbia and Montenegro,OWID_SRM,1997,9000
Serbia and Montenegro,OWID_SRM,1998,2000
Serbia and Montenegro,OWID_SRM,1999,2155
Serbia and Montenegro,OWID_SRM,2000,10467
Serbia and Montenegro,OWID_SRM,2001,5479
Serbia and Montenegro,OWID_SRM,2002,6311
Serbia and Montenegro,OWID_SRM,2003,3809
Serbia and Montenegro,OWID_SRM,2004,4531
Serbia and Montenegro,OWID_SRM,2005,3333
Slovakia,SVK,1993,58002
Slovakia,SVK,1994,94221
Slovakia,SVK,1995,148656
Slovakia,SVK,1996,142709
Slovakia,SVK,1997,196420
Slovakia,SVK,1998,113446
Slovakia,SVK,1999,237120
Slovakia,SVK,2000,133844
Slovakia,SVK,2001,240629
Slovakia,SVK,2002,257307
Slovakia,SVK,2003,52962
Slovakia,SVK,2004,262660
Slovakia,SVK,2005,235066
Slovakia,SVK,2006,259650
Slovakia,SVK,2007,321100
Slovakia,SVK,2008,424444
Slovakia,SVK,2009,386691
Slovakia,SVK,2010,322452
Slovakia,SVK,2011,332155
Slovakia,SVK,2012,212632
Slovakia,SVK,2013,373960
Slovakia,SVK,2014,448857.8
Slovakia,SVK,2015,320626
Slovakia,SVK,2016,430549
Slovakia,SVK,2017,448665
Slovakia,SVK,2018,485290
Slovakia,SVK,2019,422230
Slovakia,SVK,2020,445720
Slovakia,SVK,2021,424690
Slovakia,SVK,2022,446600
Slovakia,SVK,2023,544030
Slovakia,SVK,2024,393540
Slovenia,SVN,1992,5021
Slovenia,SVN,1993,3926
Slovenia,SVN,1994,5203
Slovenia,SVN,1995,732
Slovenia,SVN,1996,327
Slovenia,SVN,1997,121
Slovenia,SVN,1998,155
Slovenia,SVN,1999,450
Slovenia,SVN,2000,305
Slovenia,SVN,2001,1156
Slovenia,SVN,2002,5179
Slovenia,SVN,2003,4831
Slovenia,SVN,2004,5418
Slovenia,SVN,2005,5352
Slovenia,SVN,2006,4991
Slovenia,SVN,2007,14740
Slovenia,SVN,2008,10949
Slovenia,SVN,2009,9845
Slovenia,SVN,2010,15522
Slovenia,SVN,2011,13948
Slovenia,SVN,2012,16692
Slovenia,SVN,2013,15113
Slovenia,SVN,2014,19883
Slovenia,SVN,2015,3643
Slovenia,SVN,2016,8590
Slovenia,SVN,2017,8999
Slovenia,SVN,2018,7660
Slovenia,SVN,2019,9450
Slovenia,SVN,2020,8520
Slovenia,SVN,2021,6910
Slovenia,SVN,2022,7550
Slovenia,SVN,2023,7320
Slovenia,SVN,2024,8260
South Africa,ZAF,1992,400
South Africa,ZAF,1993,1000
South Africa,ZAF,1994,4596
South Africa,ZAF,1995,16000
South Africa,ZAF,1996,12600
South Africa,ZAF,1997,14800
South Africa,ZAF,1998,25000
South Africa,ZAF,1999,23000
South Africa,ZAF,2000,20300
South Africa,ZAF,2001,25750
South Africa,ZAF,2002,33970
South Africa,ZAF,2003,40770
South Africa,ZAF,2004,32000
South Africa,ZAF,2005,44200
South Africa,ZAF,2006,36500
South Africa,ZAF,2007,38150
South Africa,ZAF,2008,30800
South Africa,ZAF,2009,40350
South Africa,ZAF,2010,36900
South Africa,ZAF,2011,58800
South Africa,ZAF,2012,79000
South Africa,ZAF,2013,112000
South Africa,ZAF,2014,121000
South Africa,ZAF,2015,93000
South Africa,ZAF,2016,105000
South Africa,ZAF,2017,93469
South Africa,ZAF,2018,103950
South Africa,ZAF,2019,95000
South Africa,ZAF,2020,165200
South Africa,ZAF,2021,198100
South Africa,ZAF,2022,210000
South Africa,ZAF,2023,236300
South Africa,ZAF,2024,288200
South America,OWID_SAM,1961,40580
South America,OWID_SAM,1962,33050
South America,OWID_SAM,1963,54690
South America,OWID_SAM,1964,63580
South America,OWID_SAM,1965,77435
South America,OWID_SAM,1966,79053
South America,OWID_SAM,1967,61860
South America,OWID_SAM,1968,49649
South America,OWID_SAM,1969,65672
South America,OWID_SAM,1970,71397
South America,OWID_SAM,1971,84797
South America,OWID_SAM,1972,79320
South America,OWID_SAM,1973,40972
South America,OWID_SAM,1974,35200
South America,OWID_SAM,1975,61543
South America,OWID_SAM,1976,105240
South America,OWID_SAM,1977,84680
South America,OWID_SAM,1978,55020
South America,OWID_SAM,1979,70168
South America,OWID_SAM,1980,99522
South America,OWID_SAM,1981,40890
South America,OWID_SAM,1982,30220
South America,OWID_SAM,1983,14942
South America,OWID_SAM,1984,15090
South America,OWID_SAM,1985,42912
South America,OWID_SAM,1986,108103
South America,OWID_SAM,1987,109239
South America,OWID_SAM,1988,135901
South America,OWID_SAM,1989,146143
South America,OWID_SAM,1990,80199
South America,OWID_SAM,1991,83680
South America,OWID_SAM,1992,128761
South America,OWID_SAM,1993,66957
South America,OWID_SAM,1994,46294
South America,OWID_SAM,1995,55669
South America,OWID_SAM,1996,52751
South America,OWID_SAM,1997,46407
South America,OWID_SAM,1998,80134
South America,OWID_SAM,1999,106912
South America,OWID_SAM,2000,103345
South America,OWID_SAM,2001,130750
South America,OWID_SAM,2002,66820
South America,OWID_SAM,2003,96991
South America,OWID_SAM,2004,140785
South America,OWID_SAM,2005,193050
South America,OWID_SAM,2006,167498
South America,OWID_SAM,2007,180138
South America,OWID_SAM,2008,188855
South America,OWID_SAM,2009,238829
South America,OWID_SAM,2010,242148.7
South America,OWID_SAM,2011,265018
South America,OWID_SAM,2012,364763
South America,OWID_SAM,2013,458197
South America,OWID_SAM,2014,431231
South America,OWID_SAM,2015,509238.2
South America,OWID_SAM,2016,505397
South America,OWID_SAM,2017,433030.8
South America,OWID_SAM,2018,391229.6
South America,OWID_SAM,2019,424706.5
South America,OWID_SAM,2020,409443
South America,OWID_SAM,2021,478435.8
South America,OWID_SAM,2022,632932.25
South America,OWID_SAM,2023,1010172
South America,OWID_SAM,2024,770469.5
South America (FAO),,1961,40580
South America (FAO),,1962,33050
South America (FAO),,1963,54690
South America (FAO),,1964,63580
South America (FAO),,1965,77435
South America (FAO),,1966,79053
South America (FAO),,1967,61860
South America (FAO),,1968,49649
South America (FAO),,1969,65672
South America (FAO),,1970,71397
South America (FAO),,1971,84797
South America (FAO),,1972,79320
South America (FAO),,1973,40972
South America (FAO),,1974,35200
South America (FAO),,1975,61543
South America (FAO),,1976,105240
South America (FAO),,1977,84680
South America (FAO),,1978,55020
South America (FAO),,1979,70168
South America (FAO),,1980,99522
South America (FAO),,1981,40890
South America (FAO),,1982,30220
South America (FAO),,1983,14942
South America (FAO),,1984,15090
South America (FAO),,1985,42912
South America (FAO),,1986,108103
South America (FAO),,1987,109239
South America (FAO),,1988,135901
South America (FAO),,1989,146143
South America (FAO),,1990,80199
South America (FAO),,1991,83680
South America (FAO),,1992,128761
South America (FAO),,1993,66957
South America (FAO),,1994,46294
South America (FAO),,1995,55669
South America (FAO),,1996,52751
South America (FAO),,1997,46407
South America (FAO),,1998,80134
South America (FAO),,1999,106912
South America (FAO),,2000,103345
South America (FAO),,2001,130750
South America (FAO),,2002,66820
South America (FAO),,2003,96991
South America (FAO),,2004,140785
South America (FAO),,2005,193050
South America (FAO),,2006,167498
South America (FAO),,2007,180138
South America (FAO),,2008,188855
South America (FAO),,2009,238829
South America (FAO),,2010,242148.7
South America (FAO),,2011,265018
South America (FAO),,2012,364763
South America (FAO),,2013,458197
South America (FAO),,2014,431231
South America (FAO),,2015,509238.2
South America (FAO),,2016,505397
South America (FAO),,2017,433030.8
South America (FAO),,2018,391229.6
South America (FAO),,2019,424706.5
South America (FAO),,2020,409443
South America (FAO),,2021,478435.8
South America (FAO),,2022,632932.25
South America (FAO),,2023,1010172
South America (FAO),,2024,770469.5
South Korea,KOR,1961,1262
South Korea,KOR,1962,5309
South Korea,KOR,1963,1814
South Korea,KOR,1964,5153
South Korea,KOR,1965,6021
South Korea,KOR,1966,12160
South Korea,KOR,1967,17669
South Korea,KOR,1968,20989
South Korea,KOR,1969,31181
South Korea,KOR,1970,25070
South Korea,KOR,1971,36873
South Korea,KOR,1972,20522
South Korea,KOR,1973,18022
South Korea,KOR,1974,33909
South Korea,KOR,1975,34666
South Korea,KOR,1976,35137
South Korea,KOR,1977,34644
South Korea,KOR,1978,21743
South Korea,KOR,1979,22836
South Korea,KOR,1980,26476
South Korea,KOR,1981,25783
South Korea,KOR,1982,20417
South Korea,KOR,1983,8255
South Korea,KOR,1984,8488
South Korea,KOR,1985,6205
South Korea,KOR,1986,6571
South Korea,KOR,1987,7803
South Korea,KOR,1988,7520
South Korea,KOR,1989,6753
South Korea,KOR,1990,6847
South Korea,KOR,1991,5113
South Korea,KOR,1992,3046
South Korea,KOR,1993,2773
South Korea,KOR,1994,3024
South Korea,KOR,1995,3883
South Korea,KOR,1996,1846
South Korea,KOR,1997,1065
South Korea,KOR,1998,1152
South Korea,KOR,1999,1945
South Korea,KOR,2000,2737
South Korea,KOR,2001,2030
South Korea,KOR,2002,612
South Korea,KOR,2003,868
South Korea,KOR,2004,1392
South Korea,KOR,2005,1616
South Korea,KOR,2006,739
South Korea,KOR,2007,719
South Korea,KOR,2008,1225
South Korea,KOR,2009,1604
South Korea,KOR,2010,1581.51
South Korea,KOR,2011,1439.32
South Korea,KOR,2012,1251.44
South Korea,KOR,2013,1068.69
South Korea,KOR,2014,1000
South Korea,KOR,2015,1000
South Korea,KOR,2016,1000
South Korea,KOR,2017,1000
South Korea,KOR,2018,1000
South Korea,KOR,2019,1000
South Korea,KOR,2020,1000
South Korea,KOR,2021,1000
South Korea,KOR,2022,1000
South Korea,KOR,2023,1000
South Korea,KOR,2024,1000
Southern Africa (FAO),,1992,400
Southern Africa (FAO),,1993,1000
Southern Africa (FAO),,1994,4596
Southern Africa (FAO),,1995,16000
Southern Africa (FAO),,1996,12600
Southern Africa (FAO),,1997,14800
Southern Africa (FAO),,1998,25000
Southern Africa (FAO),,1999,23000
Southern Africa (FAO),,2000,20300
Southern Africa (FAO),,2001,25750
Southern Africa (FAO),,2002,33970
Southern Africa (FAO),,2003,40770
Southern Africa (FAO),,2004,32000
Southern Africa (FAO),,2005,44200
Southern Africa (FAO),,2006,36500
Southern Africa (FAO),,2007,38150
Southern Africa (FAO),,2008,30800
Southern Africa (FAO),,2009,40350
Southern Africa (FAO),,2010,36900
Southern Africa (FAO),,2011,58800
Southern Africa (FAO),,2012,79000
Southern Africa (FAO),,2013,112000
Southern Africa (FAO),,2014,121000
Southern Africa (FAO),,2015,93000
Southern Africa (FAO),,2016,105000
Southern Africa (FAO),,2017,93469
Southern Africa (FAO),,2018,103950
Southern Africa (FAO),,2019,95000
Southern Africa (FAO),,2020,165200
Southern Africa (FAO),,2021,198100
Southern Africa (FAO),,2022,210000
Southern Africa (FAO),,2023,236300
Southern Africa (FAO),,2024,288200
Southern Asia (FAO),,1961,1659932
Southern Asia (FAO),,1962,1655878
Southern Asia (FAO),,1963,1665714
Southern Asia (FAO),,1964,1216754
Southern Asia (FAO),,1965,1780830
Southern Asia (FAO),,1966,1576360
Southern Asia (FAO),,1967,1534700
Southern Asia (FAO),,1968,1963920
Southern Asia (FAO),,1969,1704800
Southern Asia (FAO),,1970,1941500
Southern Asia (FAO),,1971,2382740
Southern Asia (FAO),,1972,1847485
Southern Asia (FAO),,1973,2202514
Southern Asia (FAO),,1974,2095992
Southern Asia (FAO),,1975,2615811
Southern Asia (FAO),,1976,2314677
Southern Asia (FAO),,1977,1961364
Southern Asia (FAO),,1978,2019903
Southern Asia (FAO),,1979,2328300
Southern Asia (FAO),,1980,1915100
Southern Asia (FAO),,1981,2770800
Southern Asia (FAO),,1982,2851300
Southern Asia (FAO),,1983,2691200
Southern Asia (FAO),,1984,3078654
Southern Asia (FAO),,1985,3593244
Southern Asia (FAO),,1986,3190965
Southern Asia (FAO),,1987,3046473
Southern Asia (FAO),,1988,3880708
Southern Asia (FAO),,1989,4832743
Southern Asia (FAO),,1990,4575810
Southern Asia (FAO),,1991,5685130
Southern Asia (FAO),,1992,6325240
Southern Asia (FAO),,1993,5251200
Southern Asia (FAO),,1994,5764380
Southern Asia (FAO),,1995,6232765
Southern Asia (FAO),,1996,6499885
Southern Asia (FAO),,1997,7192855
Southern Asia (FAO),,1998,5254555.5
Southern Asia (FAO),,1999,6202399
Southern Asia (FAO),,2000,6335693
Southern Asia (FAO),,2001,4688476
Southern Asia (FAO),,2002,5598791.5
Southern Asia (FAO),,2003,4441218.5
Southern Asia (FAO),,2004,6866185.5
Southern Asia (FAO),,2005,8234173.5
Southern Asia (FAO),,2006,8810555
Southern Asia (FAO),,2007,8204770.5
Southern Asia (FAO),,2008,6426830
Southern Asia (FAO),,2009,7752917.5
Southern Asia (FAO),,2010,7138128.5
Southern Asia (FAO),,2011,8781100
Southern Asia (FAO),,2012,7182900
Southern Asia (FAO),,2013,8509317
Southern Asia (FAO),,2014,8539151
Southern Asia (FAO),,2015,7055229.5
Southern Asia (FAO),,2016,7630626.5
Southern Asia (FAO),,2017,8827591
Southern Asia (FAO),,2018,9465994
Southern Asia (FAO),,2019,10260050
Southern Asia (FAO),,2020,10342556
Southern Asia (FAO),,2021,11187288
Southern Asia (FAO),,2022,13070208
Southern Asia (FAO),,2023,14294093
Southern Asia (FAO),,2024,14629691
Southern Europe (FAO),,1961,17980
Southern Europe (FAO),,1962,12110
Southern Europe (FAO),,1963,10210
Southern Europe (FAO),,1964,11650
Southern Europe (FAO),,1965,12285
Southern Europe (FAO),,1966,12890
Southern Europe (FAO),,1967,10590
Southern Europe (FAO),,1968,11490
Southern Europe (FAO),,1969,13780
Southern Europe (FAO),,1970,15648
Southern Europe (FAO),,1971,24569
Southern Europe (FAO),,1972,20024
Southern Europe (FAO),,1973,18059
Southern Europe (FAO),,1974,17097
Southern Europe (FAO),,1975,19730
Southern Europe (FAO),,1976,29921
Southern Europe (FAO),,1977,48107
Southern Europe (FAO),,1978,82850
Southern Europe (FAO),,1979,105932
Southern Europe (FAO),,1980,85214
Southern Europe (FAO),,1981,79964
Southern Europe (FAO),,1982,93605
Southern Europe (FAO),,1983,115984
Southern Europe (FAO),,1984,138544
Southern Europe (FAO),,1985,150935
Southern Europe (FAO),,1986,180921
Southern Europe (FAO),,1987,167767
Southern Europe (FAO),,1988,132390
Southern Europe (FAO),,1989,122072
Southern Europe (FAO),,1990,145607
Southern Europe (FAO),,1991,89416
Southern Europe (FAO),,1992,68206
Southern Europe (FAO),,1993,66928
Southern Europe (FAO),,1994,126624.75
Southern Europe (FAO),,1995,184525.1
Southern Europe (FAO),,1996,237334
Southern Europe (FAO),,1997,183497
Southern Europe (FAO),,1998,152501
Southern Europe (FAO),,1999,154150
Southern Europe (FAO),,2000,137078.48
Southern Europe (FAO),,2001,110875.81
Southern Europe (FAO),,2002,67803.56
Southern Europe (FAO),,2003,54516.91
Southern Europe (FAO),,2004,63611.28
Southern Europe (FAO),,2005,67055.42
Southern Europe (FAO),,2006,52796
Southern Europe (FAO),,2007,138153.56
Southern Europe (FAO),,2008,182922.56
Southern Europe (FAO),,2009,228113.11
Southern Europe (FAO),,2010,190095.5
Southern Europe (FAO),,2011,242949.86
Southern Europe (FAO),,2012,161149.98
Southern Europe (FAO),,2013,256922.7
Southern Europe (FAO),,2014,286093.53
Southern Europe (FAO),,2015,292409.47
Southern Europe (FAO),,2016,441142.97
Southern Europe (FAO),,2017,420010.9
Southern Europe (FAO),,2018,536838
Southern Europe (FAO),,2019,398881.56
Southern Europe (FAO),,2020,469018.62
Southern Europe (FAO),,2021,463348
Southern Europe (FAO),,2022,492598
Southern Europe (FAO),,2023,461353
Southern Europe (FAO),,2024,476261.12
Spain,ESP,1961,0
Spain,ESP,1962,0
Spain,ESP,1963,0
Spain,ESP,1964,0
Spain,ESP,1965,0
Spain,ESP,1966,0
Spain,ESP,1967,0
Spain,ESP,1968,0
Spain,ESP,1969,40
Spain,ESP,1970,10
Spain,ESP,1971,400
Spain,ESP,1972,40
Spain,ESP,1973,220
Spain,ESP,1974,2400
Spain,ESP,1975,3800
Spain,ESP,1976,4000
Spain,ESP,1977,7000
Spain,ESP,1978,9000
Spain,ESP,1979,12000
Spain,ESP,1980,17000
Spain,ESP,1981,14700
Spain,ESP,1982,14700
Spain,ESP,1983,12500
Spain,ESP,1984,9560
Spain,ESP,1985,12216
Spain,ESP,1986,6161
Spain,ESP,1987,11527
Spain,ESP,1988,13756
Spain,ESP,1989,17660
Spain,ESP,1990,29744
Spain,ESP,1991,17100
Spain,ESP,1992,12823
Spain,ESP,1993,16809
Spain,ESP,1994,55717
Spain,ESP,1995,51100
Spain,ESP,1996,108000
Spain,ESP,1997,98596
Spain,ESP,1998,71900
Spain,ESP,1999,57200
Spain,ESP,2000,49600
Spain,ESP,2001,44100
Spain,ESP,2002,10787
Spain,ESP,2003,5752
Spain,ESP,2004,8760
Spain,ESP,2005,4113
Spain,ESP,2006,7926
Spain,ESP,2007,34700
Spain,ESP,2008,20810
Spain,ESP,2009,34663
Spain,ESP,2010,35500
Spain,ESP,2011,63902
Spain,ESP,2012,53447
Spain,ESP,2013,107700
Spain,ESP,2014,104262
Spain,ESP,2015,149198
Spain,ESP,2016,225165
Spain,ESP,2017,153665
Spain,ESP,2018,179980
Spain,ESP,2019,144770
Spain,ESP,2020,196100
Spain,ESP,2021,238530
Spain,ESP,2022,254590
Spain,ESP,2023,170840
Spain,ESP,2024,224790
Sweden,SWE,1961,117890
Sweden,SWE,1962,145890
Sweden,SWE,1963,102830
Sweden,SWE,1964,181120
Sweden,SWE,1965,216460
Sweden,SWE,1966,95010
Sweden,SWE,1967,245660
Sweden,SWE,1968,262920
Sweden,SWE,1969,208100
Sweden,SWE,1970,192210
Sweden,SWE,1971,253730
Sweden,SWE,1972,327660
Sweden,SWE,1973,338680
Sweden,SWE,1974,351210
Sweden,SWE,1975,326560
Sweden,SWE,1976,278740
Sweden,SWE,1977,267250
Sweden,SWE,1978,327530
Sweden,SWE,1979,297100
Sweden,SWE,1980,322920
Sweden,SWE,1981,319140
Sweden,SWE,1982,369000
Sweden,SWE,1983,373000
Sweden,SWE,1984,381700
Sweden,SWE,1985,370800
Sweden,SWE,1986,373500
Sweden,SWE,1987,250200
Sweden,SWE,1988,287000
Sweden,SWE,1989,422100
Sweden,SWE,1990,422000
Sweden,SWE,1991,289000
Sweden,SWE,1992,283000
Sweden,SWE,1993,361000
Sweden,SWE,1994,214000
Sweden,SWE,1995,196100
Sweden,SWE,1996,132900
Sweden,SWE,1997,121000
Sweden,SWE,1998,123500
Sweden,SWE,1999,162100
Sweden,SWE,2000,121500
Sweden,SWE,2001,106000
Sweden,SWE,2002,159200
Sweden,SWE,2003,129500
Sweden,SWE,2004,227500
Sweden,SWE,2005,198200
Sweden,SWE,2006,220400
Sweden,SWE,2007,222400
Sweden,SWE,2008,259400
Sweden,SWE,2009,298400
Sweden,SWE,2010,276200
Sweden,SWE,2011,247500
Sweden,SWE,2012,317800
Sweden,SWE,2013,327500
Sweden,SWE,2014,322700
Sweden,SWE,2015,359000
Sweden,SWE,2016,268100
Sweden,SWE,2017,362700
Sweden,SWE,2018,217700
Sweden,SWE,2019,381500
Sweden,SWE,2020,339300
Sweden,SWE,2021,343500
Sweden,SWE,2022,427500
Sweden,SWE,2023,304900
Sweden,SWE,2024,283600
Switzerland,CHE,1961,9100
Switzerland,CHE,1962,12485
Switzerland,CHE,1963,11692
Switzerland,CHE,1964,12832
Switzerland,CHE,1965,13800
Switzerland,CHE,1966,11130
Switzerland,CHE,1967,18307
Switzerland,CHE,1968,18839
Switzerland,CHE,1969,13911
Switzerland,CHE,1970,18973
Switzerland,CHE,1971,23608
Switzerland,CHE,1972,24012
Switzerland,CHE,1973,20317
Switzerland,CHE,1974,27998
Switzerland,CHE,1975,18459
Switzerland,CHE,1976,23800
Switzerland,CHE,1977,21555
Switzerland,CHE,1978,27562
Switzerland,CHE,1979,30604
Switzerland,CHE,1980,34050
Switzerland,CHE,1981,34199
Switzerland,CHE,1982,36623
Switzerland,CHE,1983,31882
Switzerland,CHE,1984,42954
Switzerland,CHE,1985,39085
Switzerland,CHE,1986,40174
Switzerland,CHE,1987,49096
Switzerland,CHE,1988,49989
Switzerland,CHE,1989,54310
Switzerland,CHE,1990,43215
Switzerland,CHE,1991,50492
Switzerland,CHE,1992,44634
Switzerland,CHE,1993,49579
Switzerland,CHE,1994,34750
Switzerland,CHE,1995,49094
Switzerland,CHE,1996,48544
Switzerland,CHE,1997,55181
Switzerland,CHE,1998,51973
Switzerland,CHE,1999,42313
Switzerland,CHE,2000,42742
Switzerland,CHE,2001,39440
Switzerland,CHE,2002,48870
Switzerland,CHE,2003,45300
Switzerland,CHE,2004,59100
Switzerland,CHE,2005,58800
Switzerland,CHE,2006,57900
Switzerland,CHE,2007,61000
Switzerland,CHE,2008,62100
Switzerland,CHE,2009,67000
Switzerland,CHE,2010,67900
Switzerland,CHE,2011,74000
Switzerland,CHE,2012,68977
Switzerland,CHE,2013,72510
Switzerland,CHE,2014,93945
Switzerland,CHE,2015,87004
Switzerland,CHE,2016,71900
Switzerland,CHE,2017,77612
Switzerland,CHE,2018,77478
Switzerland,CHE,2019,67843
Switzerland,CHE,2020,88083
Switzerland,CHE,2021,77030
Switzerland,CHE,2022,92059
Switzerland,CHE,2023,82291
Switzerland,CHE,2024,74435
Taiwan,TWN,1961,8005
Taiwan,TWN,1962,9994
Taiwan,TWN,1963,13072
Taiwan,TWN,1964,27343
Taiwan,TWN,1965,22908
Taiwan,TWN,1966,8351
Taiwan,TWN,1967,4931
Taiwan,TWN,1968,3545
Taiwan,TWN,1969,2718
Taiwan,TWN,1970,2421
Taiwan,TWN,1971,1720
Taiwan,TWN,1972,2430
Taiwan,TWN,1973,1709
Taiwan,TWN,1974,1383
Taiwan,TWN,1975,4499
Taiwan,TWN,1976,4604
Taiwan,TWN,1977,3295
Taiwan,TWN,1978,3087
Taiwan,TWN,1979,2444
Taiwan,TWN,1980,2036
Taiwan,TWN,1981,1563
Taiwan,TWN,1982,1334
Taiwan,TWN,1983,921
Taiwan,TWN,1984,653
Taiwan,TWN,1985,491
Taiwan,TWN,1986,530
Taiwan,TWN,1987,327
Taiwan,TWN,1988,135
Taiwan,TWN,1989,25
Taiwan,TWN,1990,64
Taiwan,TWN,1991,51
Taiwan,TWN,1992,52
Taiwan,TWN,1993,107
Taiwan,TWN,1994,218
Taiwan,TWN,1995,14
Taiwan,TWN,1996,8
Taiwan,TWN,1997,5
Taiwan,TWN,1998,17
Taiwan,TWN,1999,16
Taiwan,TWN,2000,0
Taiwan,TWN,2001,21
Taiwan,TWN,2002,5
Taiwan,TWN,2003,6
Taiwan,TWN,2004,10
Taiwan,TWN,2005,9.19
Taiwan,TWN,2006,8.74
Taiwan,TWN,2007,10
Taiwan,TWN,2008,8.18
Taiwan,TWN,2009,8.58
Taiwan,TWN,2010,10.14
Taiwan,TWN,2011,10.14
Taiwan,TWN,2012,10.14
Taiwan,TWN,2013,10.14
Taiwan,TWN,2014,7.64
Taiwan,TWN,2015,7.48
Taiwan,TWN,2016,8.42
Taiwan,TWN,2017,7.85
Taiwan,TWN,2018,7.91
Taiwan,TWN,2019,8.06
Taiwan,TWN,2020,7.94
Taiwan,TWN,2021,7.97
Taiwan,TWN,2022,7.99
Taiwan,TWN,2023,7.97
Taiwan,TWN,2024,7.98
Tajikistan,TJK,1992,31
Tajikistan,TJK,1993,30
Tajikistan,TJK,1994,33
Tajikistan,TJK,1995,16
Tajikistan,TJK,1996,17
Tajikistan,TJK,1997,4
Tajikistan,TJK,1998,22
Tajikistan,TJK,1999,23
Tajikistan,TJK,2000,10
Tajikistan,TJK,2001,18
Tajikistan,TJK,2002,24
Tajikistan,TJK,2003,27
Tajikistan,TJK,2004,23
Tajikistan,TJK,2005,44
Tajikistan,TJK,2006,71
Tajikistan,TJK,2007,31
Tajikistan,TJK,2008,30
Tajikistan,TJK,2009,40
Tajikistan,TJK,2010,41.2
Tajikistan,TJK,2011,24.9
Tajikistan,TJK,2012,122
Tajikistan,TJK,2013,33
Tajikistan,TJK,2014,57.3
Tajikistan,TJK,2015,49.7
Tajikistan,TJK,2016,36.9
Tajikistan,TJK,2017,242
Tajikistan,TJK,2018,276.5
Tajikistan,TJK,2019,8
Tajikistan,TJK,2020,175.5
Tajikistan,TJK,2021,153.33
Tajikistan,TJK,2022,112.28
Tajikistan,TJK,2023,120.36
Tajikistan,TJK,2024,124.32
Tunisia,TUN,1995,818
Tunisia,TUN,1996,1000
Tunisia,TUN,1997,1020
Tunisia,TUN,1998,1070
Tunisia,TUN,1999,2500
Tunisia,TUN,2000,3000
Tunisia,TUN,2001,2600
Tunisia,TUN,2002,2500
Tunisia,TUN,2003,3000
Tunisia,TUN,2004,2500
Tunisia,TUN,2005,2616.56
Tunisia,TUN,2006,3009.17
Tunisia,TUN,2007,2976.29
Tunisia,TUN,2008,3066.86
Tunisia,TUN,2009,3157.44
Tunisia,TUN,2010,3248.01
Tunisia,TUN,2011,3338.58
Tunisia,TUN,2012,3429.15
Tunisia,TUN,2013,3519.72
Tunisia,TUN,2014,3618.39
Tunisia,TUN,2015,3795.76
Tunisia,TUN,2016,3644.62
Tunisia,TUN,2017,3587.06
Tunisia,TUN,2018,3622.12
Tunisia,TUN,2019,4195.98
Tunisia,TUN,2020,4800.73
Tunisia,TUN,2021,5360.6
Tunisia,TUN,2022,6000
Tunisia,TUN,2023,6436.24
Tunisia,TUN,2024,5474.44
Turkey,TUR,1961,5000
Turkey,TUR,1962,3950
Turkey,TUR,1963,4800
Turkey,TUR,1964,7000
Turkey,TUR,1965,7500
Turkey,TUR,1966,7000
Turkey,TUR,1967,7500
Turkey,TUR,1968,6700
Turkey,TUR,1969,8100
Turkey,TUR,1970,3100
Turkey,TUR,1971,3100
Turkey,TUR,1972,1400
Turkey,TUR,1973,900
Turkey,TUR,1974,900
Turkey,TUR,1975,464
Turkey,TUR,1976,5900
Turkey,TUR,1977,13800
Turkey,TUR,1978,12500
Turkey,TUR,1979,43000
Turkey,TUR,1980,11500
Turkey,TUR,1981,6000
Turkey,TUR,1982,2000
Turkey,TUR,1983,400
Turkey,TUR,1984,450
Turkey,TUR,1985,450
Turkey,TUR,1986,121
Turkey,TUR,1987,340
Turkey,TUR,1988,1400
Turkey,TUR,1989,3000
Turkey,TUR,1990,2100
Turkey,TUR,1991,1046
Turkey,TUR,1992,1000
Turkey,TUR,1993,9
Turkey,TUR,1994,10
Turkey,TUR,1995,9
Turkey,TUR,1996,5
Turkey,TUR,1997,10
Turkey,TUR,1998,300
Turkey,TUR,1999,330
Turkey,TUR,2000,187
Turkey,TUR,2001,650
Turkey,TUR,2002,1500
Turkey,TUR,2003,6500
Turkey,TUR,2004,4500
Turkey,TUR,2005,1200
Turkey,TUR,2006,12615
Turkey,TUR,2007,28727
Turkey,TUR,2008,83965
Turkey,TUR,2009,113886
Turkey,TUR,2010,106450
Turkey,TUR,2011,91239
Turkey,TUR,2012,110000
Turkey,TUR,2013,102000
Turkey,TUR,2014,110000
Turkey,TUR,2015,120000
Turkey,TUR,2016,125000
Turkey,TUR,2017,60000
Turkey,TUR,2018,125000
Turkey,TUR,2019,180000
Turkey,TUR,2020,121542
Turkey,TUR,2021,140000
Turkey,TUR,2022,150000
Turkey,TUR,2023,120000
Turkey,TUR,2024,61664
USSR,OWID_USS,1961,25000
USSR,OWID_USS,1962,19200
USSR,OWID_USS,1963,5900
USSR,OWID_USS,1964,2200
USSR,OWID_USS,1965,8300
USSR,OWID_USS,1966,7700
USSR,OWID_USS,1967,9300
USSR,OWID_USS,1968,3700
USSR,OWID_USS,1969,2600
USSR,OWID_USS,1970,3600
USSR,OWID_USS,1971,6500
USSR,OWID_USS,1972,8000
USSR,OWID_USS,1973,13700
USSR,OWID_USS,1974,10100
USSR,OWID_USS,1975,9100
USSR,OWID_USS,1976,19000
USSR,OWID_USS,1977,11000
USSR,OWID_USS,1978,12000
USSR,OWID_USS,1979,6000
USSR,OWID_USS,1980,15000
USSR,OWID_USS,1981,29000
USSR,OWID_USS,1982,47000
USSR,OWID_USS,1983,69000
USSR,OWID_USS,1984,55000
USSR,OWID_USS,1985,74000
USSR,OWID_USS,1986,110000
USSR,OWID_USS,1987,296000
USSR,OWID_USS,1988,420000
USSR,OWID_USS,1989,423900
USSR,OWID_USS,1990,506000
USSR,OWID_USS,1991,388500
Ukraine,UKR,1992,73160
Ukraine,UKR,1993,44140
Ukraine,UKR,1994,18300
Ukraine,UKR,1995,39800
Ukraine,UKR,1996,23000
Ukraine,UKR,1997,44000
Ukraine,UKR,1998,67160
Ukraine,UKR,1999,147890
Ukraine,UKR,2000,131800
Ukraine,UKR,2001,134600
Ukraine,UKR,2002,60800
Ukraine,UKR,2003,50900
Ukraine,UKR,2004,148900
Ukraine,UKR,2005,284700
Ukraine,UKR,2006,605700
Ukraine,UKR,2007,1047400
Ukraine,UKR,2008,2872800
Ukraine,UKR,2009,1873300
Ukraine,UKR,2010,1469700
Ukraine,UKR,2011,1437500
Ukraine,UKR,2012,1204400
Ukraine,UKR,2013,2351730
Ukraine,UKR,2014,2198020
Ukraine,UKR,2015,1737600
Ukraine,UKR,2016,1153910
Ukraine,UKR,2017,2194790
Ukraine,UKR,2018,2750600
Ukraine,UKR,2019,3280320
Ukraine,UKR,2020,2557200
Ukraine,UKR,2021,2938940
Ukraine,UKR,2022,3317980
Ukraine,UKR,2023,4183650
Ukraine,UKR,2024,3591300
United Kingdom,GBR,1961,1500
United Kingdom,GBR,1962,2000
United Kingdom,GBR,1963,3000
United Kingdom,GBR,1964,3000
United Kingdom,GBR,1965,3000
United Kingdom,GBR,1966,6100
United Kingdom,GBR,1967,15200
United Kingdom,GBR,1968,13209
United Kingdom,GBR,1969,12200
United Kingdom,GBR,1970,8128
United Kingdom,GBR,1971,10160
United Kingdom,GBR,1972,14000
United Kingdom,GBR,1973,30482
United Kingdom,GBR,1974,55883
United Kingdom,GBR,1975,61000
United Kingdom,GBR,1976,111000
United Kingdom,GBR,1977,142000
United Kingdom,GBR,1978,155000
United Kingdom,GBR,1979,198000
United Kingdom,GBR,1980,300000
United Kingdom,GBR,1981,325000
United Kingdom,GBR,1982,580000
United Kingdom,GBR,1983,565000
United Kingdom,GBR,1984,923000
United Kingdom,GBR,1985,891000
United Kingdom,GBR,1986,951000
United Kingdom,GBR,1987,1353000
United Kingdom,GBR,1988,1040000
United Kingdom,GBR,1989,948000
United Kingdom,GBR,1990,1258000
United Kingdom,GBR,1991,1283271
United Kingdom,GBR,1992,1213121
United Kingdom,GBR,1993,1084563
United Kingdom,GBR,1994,1242975
United Kingdom,GBR,1995,1234124
United Kingdom,GBR,1996,1414751
United Kingdom,GBR,1997,1526593
United Kingdom,GBR,1998,1567873
United Kingdom,GBR,1999,1736644
United Kingdom,GBR,2000,1156797
United Kingdom,GBR,2001,1157165
United Kingdom,GBR,2002,1467720
United Kingdom,GBR,2003,1770754
United Kingdom,GBR,2004,1606834
United Kingdom,GBR,2005,1897723
United Kingdom,GBR,2006,1890093
United Kingdom,GBR,2007,2108121
United Kingdom,GBR,2008,1973227
United Kingdom,GBR,2009,1912196
United Kingdom,GBR,2010,2230148
United Kingdom,GBR,2011,2758302
United Kingdom,GBR,2012,2556643
United Kingdom,GBR,2013,2128142
United Kingdom,GBR,2014,2459576
United Kingdom,GBR,2015,2542000
United Kingdom,GBR,2016,1775000
United Kingdom,GBR,2017,2167000
United Kingdom,GBR,2018,2012000
United Kingdom,GBR,2019,1752000
United Kingdom,GBR,2020,1038000
United Kingdom,GBR,2021,980762.44
United Kingdom,GBR,2022,1361375.1
United Kingdom,GBR,2023,1216107.6
United Kingdom,GBR,2024,823605
United States,USA,1961,0
United States,USA,1962,0
United States,USA,1963,0
United States,USA,1964,0
United States,USA,1965,0
United States,USA,1966,0
United States,USA,1967,0
United States,USA,1968,0
United States,USA,1969,0
United States,USA,1970,0
United States,USA,1971,0
United States,USA,1972,0
United States,USA,1973,0
United States,USA,1974,0
United States,USA,1975,0
United States,USA,1976,0
United States,USA,1977,0
United States,USA,1978,0
United States,USA,1979,0
United States,USA,1980,0
United States,USA,1981,0
United States,USA,1982,0
United States,USA,1983,0
United States,USA,1984,0
United States,USA,1985,0
United States,USA,1986,0
United States,USA,1987,12250
United States,USA,1988,17700
United States,USA,1989,52000
United States,USA,1990,54000
United States,USA,1991,94006
United States,USA,1992,71890
United States,USA,1993,117890
United States,USA,1994,208670
United States,USA,1995,250137
United States,USA,1996,219428
United States,USA,1997,354910
United States,USA,1998,709490
United States,USA,1999,620850
United States,USA,2000,909026
United States,USA,2001,908350
United States,USA,2002,697367
United States,USA,2003,686462
United States,USA,2004,612533
United States,USA,2005,718484
United States,USA,2006,632948
United States,USA,2007,649519
United States,USA,2008,655610
United States,USA,2009,665100
United States,USA,2010,1112120
United States,USA,2011,694370
United States,USA,2012,1086862
United States,USA,2013,1003550
United States,USA,2014,1140892
United States,USA,2015,1306000
United States,USA,2016,1405370
United States,USA,2017,1394190
United States,USA,2018,1643670
United States,USA,2019,1552800
United States,USA,2020,1575310
United States,USA,2021,1242150
United States,USA,2022,1739280
United States,USA,2023,1894950
United States,USA,2024,2207060
Upper-middle-income countries,OWID_UMC,1961,511510
Upper-middle-income countries,OWID_UMC,1962,567870
Upper-middle-income countries,OWID_UMC,1963,580684
Upper-middle-income countries,OWID_UMC,1964,1007299
Upper-middle-income countries,OWID_UMC,1965,1192123
Upper-middle-income countries,OWID_UMC,1966,1008900
Upper-middle-income countries,OWID_UMC,1967,1120194
Upper-middle-income countries,OWID_UMC,1968,1001747
Upper-middle-income countries,OWID_UMC,1969,952757
Upper-middle-income countries,OWID_UMC,1970,1051975
Upper-middle-income countries,OWID_UMC,1971,1370359
Upper-middle-income countries,OWID_UMC,1972,1534153
Upper-middle-income countries,OWID_UMC,1973,1498423
Upper-middle-income countries,OWID_UMC,1974,1504799
Upper-middle-income countries,OWID_UMC,1975,1695164
Upper-middle-income countries,OWID_UMC,1976,1537487
Upper-middle-income countries,OWID_UMC,1977,1405112
Upper-middle-income countries,OWID_UMC,1978,2140068
Upper-middle-income countries,OWID_UMC,1979,2657584
Upper-middle-income countries,OWID_UMC,1980,2751168
Upper-middle-income countries,OWID_UMC,1981,4429654
Upper-middle-income countries,OWID_UMC,1982,6026455
Upper-middle-income countries,OWID_UMC,1983,4838155
Upper-middle-income countries,OWID_UMC,1984,4754822
Upper-middle-income countries,OWID_UMC,1985,6169388
Upper-middle-income countries,OWID_UMC,1986,6511238
Upper-middle-income countries,OWID_UMC,1987,7426817
Upper-middle-income countries,OWID_UMC,1988,6004655
Upper-middle-income countries,OWID_UMC,1989,6437393
Upper-middle-income countries,OWID_UMC,1990,8015665
Upper-middle-income countries,OWID_UMC,1991,8394200
Upper-middle-income countries,OWID_UMC,1992,8359157
Upper-middle-income countries,OWID_UMC,1993,7105470
Upper-middle-income countries,OWID_UMC,1994,7614668
Upper-middle-income countries,OWID_UMC,1995,9932902
Upper-middle-income countries,OWID_UMC,1996,9316296
Upper-middle-income countries,OWID_UMC,1997,9682322
Upper-middle-income countries,OWID_UMC,1998,8516664
Upper-middle-income countries,OWID_UMC,1999,10449483
Upper-middle-income countries,OWID_UMC,2000,11721828
Upper-middle-income countries,OWID_UMC,2001,11727107
Upper-middle-income countries,OWID_UMC,2002,10867835
Upper-middle-income countries,OWID_UMC,2003,11803906
Upper-middle-income countries,OWID_UMC,2004,13797747
Upper-middle-income countries,OWID_UMC,2005,13981888
Upper-middle-income countries,OWID_UMC,2006,12291414
Upper-middle-income countries,OWID_UMC,2007,12643806
Upper-middle-income countries,OWID_UMC,2008,16167654
Upper-middle-income countries,OWID_UMC,2009,16853652
Upper-middle-income countries,OWID_UMC,2010,15633795
Upper-middle-income countries,OWID_UMC,2011,16028814
Upper-middle-income countries,OWID_UMC,2012,16718841
Upper-middle-income countries,OWID_UMC,2013,18557858
Upper-middle-income countries,OWID_UMC,2014,18783724
Upper-middle-income countries,OWID_UMC,2015,16913232
Upper-middle-income countries,OWID_UMC,2016,15602074
Upper-middle-income countries,OWID_UMC,2017,17224034
Upper-middle-income countries,OWID_UMC,2018,17934574
Upper-middle-income countries,OWID_UMC,2019,18587218
Upper-middle-income countries,OWID_UMC,2020,18395074
Upper-middle-income countries,OWID_UMC,2021,19490190
Upper-middle-income countries,OWID_UMC,2022,20867154
Upper-middle-income countries,OWID_UMC,2023,22899432
Upper-middle-income countries,OWID_UMC,2024,23126444
Uruguay,URY,2005,3000
Uruguay,URY,2006,8000
Uruguay,URY,2007,6000
Uruguay,URY,2008,8000
Uruguay,URY,2009,9000
Uruguay,URY,2010,9000
Uruguay,URY,2011,17000
Uruguay,URY,2012,29000
Uruguay,URY,2013,33000
Uruguay,URY,2014,16000
Uruguay,URY,2015,40909
Uruguay,URY,2016,41000
Uruguay,URY,2017,52000
Uruguay,URY,2018,52000
Uruguay,URY,2019,90700
Uruguay,URY,2020,113300
Uruguay,URY,2021,183000
Uruguay,URY,2022,294400
Uruguay,URY,2023,587300
Uruguay,URY,2024,211000
Uzbekistan,UZB,1992,1100
Uzbekistan,UZB,1993,800
Uzbekistan,UZB,1994,1000
Uzbekistan,UZB,1995,956.73
Uzbekistan,UZB,1996,1250
Uzbekistan,UZB,1997,1300
Uzbekistan,UZB,1998,1200
Uzbekistan,UZB,1999,1500
Uzbekistan,UZB,2000,2000
Uzbekistan,UZB,2001,1684.89
Uzbekistan,UZB,2002,1500
Uzbekistan,UZB,2003,1800
Uzbekistan,UZB,2004,1632.09
Uzbekistan,UZB,2005,1731.16
Uzbekistan,UZB,2006,1900
Uzbekistan,UZB,2007,1800
Uzbekistan,UZB,2008,1566.76
Uzbekistan,UZB,2009,1605.91
Uzbekistan,UZB,2010,1600
Uzbekistan,UZB,2011,1547.57
Uzbekistan,UZB,2012,1400
Uzbekistan,UZB,2013,1500
Uzbekistan,UZB,2014,1200
Uzbekistan,UZB,2015,1272.43
Uzbekistan,UZB,2016,1326.77
Uzbekistan,UZB,2017,1301.82
Uzbekistan,UZB,2018,1261.68
Uzbekistan,UZB,2019,1296.76
Uzbekistan,UZB,2020,1269.52
Uzbekistan,UZB,2021,1275.99
Uzbekistan,UZB,2022,1280.75
Uzbekistan,UZB,2023,1275.42
Uzbekistan,UZB,2024,1277.39
Western Asia (FAO),,1961,5000
Western Asia (FAO),,1962,3950
Western Asia (FAO),,1963,4800
Western Asia (FAO),,1964,7000
Western Asia (FAO),,1965,7500
Western Asia (FAO),,1966,7000
Western Asia (FAO),,1967,7500
Western Asia (FAO),,1968,6700
Western Asia (FAO),,1969,8100
Western Asia (FAO),,1970,3100
Western Asia (FAO),,1971,3100
Western Asia (FAO),,1972,1400
Western Asia (FAO),,1973,900
Western Asia (FAO),,1974,900
Western Asia (FAO),,1975,464
Western Asia (FAO),,1976,5900
Western Asia (FAO),,1977,13800
Western Asia (FAO),,1978,12500
Western Asia (FAO),,1979,43000
Western Asia (FAO),,1980,11500
Western Asia (FAO),,1981,6000
Western Asia (FAO),,1982,2000
Western Asia (FAO),,1983,400
Western Asia (FAO),,1984,450
Western Asia (FAO),,1985,450
Western Asia (FAO),,1986,121
Western Asia (FAO),,1987,340
Western Asia (FAO),,1988,1400
Western Asia (FAO),,1989,3000
Western Asia (FAO),,1990,2100
Western Asia (FAO),,1991,1046
Western Asia (FAO),,1992,1000
Western Asia (FAO),,1993,9
Western Asia (FAO),,1994,10
Western Asia (FAO),,1995,9
Western Asia (FAO),,1996,5
Western Asia (FAO),,1997,10
Western Asia (FAO),,1998,300
Western Asia (FAO),,1999,330
Western Asia (FAO),,2000,187
Western Asia (FAO),,2001,650
Western Asia (FAO),,2002,1500
Western Asia (FAO),,2003,6500
Western Asia (FAO),,2004,4500
Western Asia (FAO),,2005,1200
Western Asia (FAO),,2006,12615
Western Asia (FAO),,2007,28727
Western Asia (FAO),,2008,83965
Western Asia (FAO),,2009,113886
Western Asia (FAO),,2010,106450
Western Asia (FAO),,2011,91239
Western Asia (FAO),,2012,110000
Western Asia (FAO),,2013,102000
Western Asia (FAO),,2014,110000
Western Asia (FAO),,2015,120000
Western Asia (FAO),,2016,125000
Western Asia (FAO),,2017,60000
Western Asia (FAO),,2018,125000
Western Asia (FAO),,2019,180000
Western Asia (FAO),,2020,121542
Western Asia (FAO),,2021,140000
Western Asia (FAO),,2022,150000
Western Asia (FAO),,2023,120000
Western Asia (FAO),,2024,61664
Western Europe (FAO),,1961,381049
Western Europe (FAO),,1962,462787
Western Europe (FAO),,1963,384087
Western Europe (FAO),,1964,564300
Western Europe (FAO),,1965,691871
Western Europe (FAO),,1966,664384
Western Europe (FAO),,1967,875304
Western Europe (FAO),,1968,942575
Western Europe (FAO),,1969,867520
Western Europe (FAO),,1970,1031222
Western Europe (FAO),,1971,1175499
Western Europe (FAO),,1972,1273859
Western Europe (FAO),,1973,1199732
Western Europe (FAO),,1974,1349682
Western Europe (FAO),,1975,1130744
Western Europe (FAO),,1976,1177255
Western Europe (FAO),,1977,1058964
Western Europe (FAO),,1978,1335203
Western Europe (FAO),,1979,1091622
Western Europe (FAO),,1980,1851312
Western Europe (FAO),,1981,1736002
Western Europe (FAO),,1982,2111138
Western Europe (FAO),,1983,1920371
Western Europe (FAO),,1984,2429173
Western Europe (FAO),,1985,2695313
Western Europe (FAO),,1986,2553171
Western Europe (FAO),,1987,4438438
Western Europe (FAO),,1988,4148396
Western Europe (FAO),,1989,3919685
Western Europe (FAO),,1990,4256003
Western Europe (FAO),,1991,5499812
Western Europe (FAO),,1992,4680329.5
Western Europe (FAO),,1993,4640992.5
Western Europe (FAO),,1994,5003269
Western Europe (FAO),,1995,6154149
Western Europe (FAO),,1996,5046637.5
Western Europe (FAO),,1997,6521974.5
Western Europe (FAO),,1998,7290285.5
Western Europe (FAO),,1999,8956435
Western Europe (FAO),,2000,7256045
Western Europe (FAO),,2001,7252791.5
Western Europe (FAO),,2002,7378448
Western Europe (FAO),,2003,7158636
Western Europe (FAO),,2004,9501304
Western Europe (FAO),,2005,9794030
Western Europe (FAO),,2006,9738014
Western Europe (FAO),,2007,10287919
Western Europe (FAO),,2008,10171901
Western Europe (FAO),,2009,12205065
Western Europe (FAO),,2010,10824399
Western Europe (FAO),,2011,9566722
Western Europe (FAO),,2012,10573376
Western Europe (FAO),,2013,10506272
Western Europe (FAO),,2014,12148151
Western Europe (FAO),,2015,10623383
Western Europe (FAO),,2016,9591974
Western Europe (FAO),,2017,9845525
Western Europe (FAO),,2018,8916208
Western Europe (FAO),,2019,6578013
Western Europe (FAO),,2020,7050443
Western Europe (FAO),,2021,7011900
Western Europe (FAO),,2022,9047079
Western Europe (FAO),,2023,8725371
Western Europe (FAO),,2024,7768045
World,OWID_WRL,1961,3595525
World,OWID_WRL,1962,3720900
World,OWID_WRL,1963,3397054
World,OWID_WRL,1964,3866462
World,OWID_WRL,1965,5233826
World,OWID_WRL,1966,4661755
World,OWID_WRL,1967,5267487
World,OWID_WRL,1968,5369859
World,OWID_WRL,1969,4943686
World,OWID_WRL,1970,6702077
World,OWID_WRL,1971,8299704
World,OWID_WRL,1972,7012842
World,OWID_WRL,1973,7295624
World,OWID_WRL,1974,7351802
World,OWID_WRL,1975,8788214
World,OWID_WRL,1976,7611177
World,OWID_WRL,1977,7903446
World,OWID_WRL,1978,10567575
World,OWID_WRL,1979,10639042
World,OWID_WRL,1980,10756588
World,OWID_WRL,1981,12465066
World,OWID_WRL,1982,15241159
World,OWID_WRL,1983,14163590
World,OWID_WRL,1984,16710757
World,OWID_WRL,1985,19241032
World,OWID_WRL,1986,19818410
World,OWID_WRL,1987,22648028
World,OWID_WRL,1988,21860940
World,OWID_WRL,1989,22659694
World,OWID_WRL,1990,24428260
World,OWID_WRL,1991,27853680
World,OWID_WRL,1992,26742428
World,OWID_WRL,1993,26224450
World,OWID_WRL,1994,29724684
World,OWID_WRL,1995,34131090
World,OWID_WRL,1996,30422846
World,OWID_WRL,1997,34952520
World,OWID_WRL,1998,35680012
World,OWID_WRL,1999,43143870
World,OWID_WRL,2000,39552390
World,OWID_WRL,2001,35956156
World,OWID_WRL,2002,34428550
World,OWID_WRL,2003,36706976
World,OWID_WRL,2004,46280692
World,OWID_WRL,2005,49766300
World,OWID_WRL,2006,47815756
World,OWID_WRL,2007,51214170
World,OWID_WRL,2008,57503010
World,OWID_WRL,2009,62271828
World,OWID_WRL,2010,60319360
World,OWID_WRL,2011,63837212
World,OWID_WRL,2012,63377510
World,OWID_WRL,2013,72881030
World,OWID_WRL,2014,74234140
World,OWID_WRL,2015,69502540
World,OWID_WRL,2016,69808050
World,OWID_WRL,2017,76157740
World,OWID_WRL,2018,74042776
World,OWID_WRL,2019,71778070
World,OWID_WRL,2020,74860024
World,OWID_WRL,2021,73931030
World,OWID_WRL,2022,89103810
World,OWID_WRL,2023,91613064
World,OWID_WRL,2024,87850640
Yugoslavia,OWID_YGS,1961,8840
Yugoslavia,OWID_YGS,1962,2050
Yugoslavia,OWID_YGS,1963,2210
Yugoslavia,OWID_YGS,1964,3500
Yugoslavia,OWID_YGS,1965,3440
Yugoslavia,OWID_YGS,1966,3350
Yugoslavia,OWID_YGS,1967,5240
Yugoslavia,OWID_YGS,1968,6830
Yugoslavia,OWID_YGS,1969,9330
Yugoslavia,OWID_YGS,1970,10068
Yugoslavia,OWID_YGS,1971,18465
Yugoslavia,OWID_YGS,1972,13583
Yugoslavia,OWID_YGS,1973,8119
Yugoslavia,OWID_YGS,1974,11667
Yugoslavia,OWID_YGS,1975,13460
Yugoslavia,OWID_YGS,1976,24231
Yugoslavia,OWID_YGS,1977,40177
Yugoslavia,OWID_YGS,1978,72720
Yugoslavia,OWID_YGS,1979,93102
Yugoslavia,OWID_YGS,1980,67584
Yugoslavia,OWID_YGS,1981,65034
Yugoslavia,OWID_YGS,1982,78755
Yugoslavia,OWID_YGS,1983,102954
Yugoslavia,OWID_YGS,1984,123884
Yugoslavia,OWID_YGS,1985,126119
Yugoslavia,OWID_YGS,1986,130750
Yugoslavia,OWID_YGS,1987,88410
Yugoslavia,OWID_YGS,1988,68124
Yugoslavia,OWID_YGS,1989,64012
Yugoslavia,OWID_YGS,1990,72163
Yugoslavia,OWID_YGS,1991,36816